order_item_id,order_id,product_id,quantity,unit_price,discount_rate
1,1,144,3,113.78,0.15
2,1,176,1,17.94,0.2
3,2,70,3,300.79,0.15
4,2,140,1,237.0,0.15
5,2,126,2,48.24,0.15
6,2,53,3,105.85,0.25
7,3,156,2,151.29,0.0
8,4,106,3,197.56,0.25
9,5,8,3,76.38,0.1
10,5,125,4,39.57,0.1
11,6,11,4,178.74,0.25
12,6,127,4,98.03,0.25
13,6,38,4,197.17,0.25
14,6,129,4,138.47,0.25
15,6,69,1,41.05,0.25
16,7,132,2,122.1,0.35
17,7,56,2,159.86,0.25
18,7,24,3,314.53,0.25
19,7,81,2,256.28,0.25
20,7,13,4,44.8,0.25
21,8,163,2,329.02,0.1
22,8,143,4,125.75,0.15000000000000002
23,8,43,1,290.35,0.1
24,9,28,1,305.98,0.25
25,9,166,2,180.56,0.25
26,9,168,3,201.12,0.35
27,9,2,4,80.61,0.35
28,10,111,2,180.55,0.30000000000000004
29,11,156,1,121.03,0.2
30,11,5,3,324.52,0.15
31,11,102,4,242.41,0.2
32,12,14,3,110.07,0.15000000000000002
33,12,173,3,408.93,0.1
34,13,30,2,129.83,0.2
35,13,94,1,100.41,0.2
36,13,152,4,56.24,0.2
37,13,16,4,105.96,0.2
38,14,26,1,260.85,0.25
39,14,105,2,137.09,0.30000000000000004
40,15,113,2,185.4,0.2
41,16,65,4,318.85,0.30000000000000004
42,17,144,2,127.17,0.05
43,17,79,2,60.72,0.15000000000000002
44,17,69,3,46.53,0.15000000000000002
45,18,43,2,290.35,0.1
46,18,34,2,395.55,0.05
47,18,45,4,171.54,0.05
48,18,104,4,253.95,0.1
49,18,40,3,164.59,0.05
50,19,98,3,121.48,0.25
51,19,33,3,150.81,0.3
52,20,68,1,136.99,0.25
53,20,48,1,153.66,0.2
54,20,24,2,335.5,0.2
55,20,76,4,121.27,0.2
56,20,154,2,20.9,0.2
57,21,12,1,219.56,0.1
58,21,145,3,282.25,0.2
59,21,21,4,24.58,0.1
60,21,62,4,287.08,0.2
61,21,88,4,196.16,0.1
62,22,26,2,260.85,0.25
63,22,165,3,167.27,0.15
64,22,71,3,253.44,0.25
65,23,48,4,163.27,0.15
66,23,69,2,46.53,0.15
67,23,162,3,83.78,0.15
68,23,148,1,140.69,0.25
69,23,45,1,153.48,0.15
70,24,43,1,241.96,0.25
71,24,23,1,281.61,0.25
72,24,37,1,145.57,0.35
73,24,16,2,99.34,0.25
74,25,167,2,159.23,0.35
75,25,169,3,76.6,0.25
76,25,45,2,126.4,0.3
77,25,43,4,225.83,0.3
78,26,104,3,211.63,0.25
79,26,136,3,175.59,0.35
80,27,31,3,46.06,0.30000000000000004
81,27,25,2,18.65,0.2
82,27,83,4,307.94,0.2
83,27,138,1,144.34,0.2
84,27,47,4,69.1,0.2
85,28,167,2,195.98,0.2
86,28,118,1,288.01,0.15
87,28,78,3,258.24,0.25
88,29,142,3,259.05,0.3
89,29,71,2,253.44,0.25
90,29,79,1,53.58,0.25
91,30,143,1,118.35,0.2
92,30,64,1,187.89,0.2
93,30,173,4,318.06,0.30000000000000004
94,30,178,1,40.26,0.2
95,31,39,2,171.71,0.25
96,31,148,4,150.06,0.2
97,31,72,1,96.57,0.15
98,31,175,3,99.12,0.15
99,31,144,4,113.78,0.15
100,32,154,3,24.81,0.05
101,32,126,2,53.91,0.05
102,32,87,4,90.7,0.1
103,32,96,1,320.2,0.1
104,32,12,1,219.56,0.1
105,33,114,4,25.66,0.25
106,34,106,1,210.73,0.2
107,35,62,2,322.97,0.1
108,35,6,4,50.27,0.1
109,36,77,2,370.63,0.25
110,36,117,4,54.31,0.2
111,36,103,1,116.7,0.2
112,36,120,3,277.44,0.2
113,36,163,1,274.19,0.25
114,37,2,3,99.22,0.2
115,37,100,1,241.06,0.2
116,37,85,3,80.71,0.2
117,38,81,2,307.54,0.1
118,38,27,1,109.88,0.0
119,38,56,4,191.84,0.1
120,38,67,3,349.93,0.0
121,38,137,1,66.35,0.0
122,39,98,3,161.98,0.0
123,39,89,4,133.92,0.0
124,39,76,3,151.59,0.0
125,39,95,1,379.49,0.1
126,39,16,2,119.2,0.1
127,40,179,3,84.41,0.25
128,40,26,2,260.85,0.25
129,40,118,4,254.12,0.25
130,40,46,3,36.69,0.35
131,40,88,4,163.47,0.25
132,41,139,1,362.95,0.1
133,42,50,1,21.79,0.1
134,42,140,2,250.94,0.1
135,42,66,4,95.51,0.2
136,42,174,2,312.16,0.1
137,43,61,2,233.22,0.1
138,43,28,4,407.97,0.0
139,43,20,2,140.95,0.0
140,44,81,4,256.28,0.25
141,44,103,4,109.4,0.25
142,44,83,4,269.45,0.3
143,44,48,1,144.06,0.25
144,45,22,4,81.82,0.15000000000000002
145,45,121,4,388.21,0.1
146,46,41,3,152.15,0.25
147,46,58,2,235.97,0.25
148,46,115,4,281.08,0.35
149,46,127,4,84.96,0.35
150,46,167,2,183.73,0.25
151,47,47,4,73.42,0.15000000000000002
152,47,1,4,230.09,0.1
153,47,149,1,136.47,0.2
154,47,111,2,232.14,0.1
155,48,54,3,126.65,0.25
156,48,50,3,20.58,0.15
157,48,2,2,105.42,0.15
158,49,100,4,225.99,0.25
159,50,10,2,437.34,0.1
160,50,81,3,290.45,0.15000000000000002
161,50,120,1,329.46,0.05
162,50,88,3,207.06,0.05
163,50,18,1,116.29,0.1
164,51,69,1,41.05,0.25
165,52,31,3,52.64,0.2
166,52,1,4,204.53,0.2
167,53,60,2,216.28,0.0
168,53,84,3,288.35,0.05
169,54,134,1,109.11,0.2
170,54,87,4,80.62,0.2
171,54,116,2,318.38,0.2
172,55,20,1,105.71,0.25
173,55,28,3,265.18,0.35
174,55,32,4,99.61,0.25
175,55,23,1,281.61,0.25
176,56,102,2,242.41,0.2
177,56,89,2,107.14,0.2
178,56,162,4,78.85,0.2
179,56,115,3,302.7,0.30000000000000004
180,57,148,3,168.82,0.1
181,57,139,2,362.95,0.1
182,57,29,2,258.36,0.1
183,58,53,4,119.96,0.15
184,58,67,2,297.44,0.15
185,58,35,4,45.98,0.15
186,58,93,3,208.62,0.15
187,59,21,4,20.48,0.25
188,59,169,2,76.6,0.25
189,60,48,2,124.85,0.35
190,60,159,4,219.62,0.35
191,60,18,1,96.91,0.25
192,61,145,4,299.89,0.15
193,61,51,3,237.44,0.2
194,62,109,2,111.64,0.15
195,63,127,2,111.1,0.15
196,63,62,2,305.02,0.15
197,64,17,1,70.38,0.25
198,64,173,1,295.34,0.35
199,65,108,3,245.6,0.15
200,65,102,4,227.26,0.25
201,65,139,2,302.46,0.25
202,65,164,1,176.26,0.15
203,65,53,2,119.96,0.15
204,66,126,4,42.56,0.25
205,67,115,4,367.57,0.15
206,68,126,4,51.08,0.1
207,69,136,3,202.6,0.25
208,69,159,2,253.41,0.25
209,69,5,1,305.43,0.2
210,70,2,2,93.02,0.25
211,70,53,3,105.85,0.25
212,70,103,3,102.11,0.3
213,70,34,4,270.64,0.35
214,70,148,1,121.93,0.35
215,71,145,1,299.89,0.15
216,71,96,4,284.62,0.2
217,71,73,4,138.68,0.25
218,71,95,2,358.41,0.15
219,71,133,2,241.77,0.15
220,72,121,1,323.5,0.25
221,72,130,3,120.52,0.2
222,73,95,3,337.33,0.2
223,73,128,2,184.01,0.2
224,73,42,2,151.96,0.30000000000000004
225,73,128,2,184.01,0.2
226,74,157,3,226.53,0.15
227,74,75,1,200.79,0.15
228,74,163,2,310.74,0.15
229,74,165,2,147.59,0.25
230,74,132,4,159.67,0.15
231,75,74,1,255.92,0.2
232,75,119,1,117.94,0.2
233,75,100,3,225.99,0.25
234,76,43,1,241.96,0.25
235,76,117,3,44.13,0.35
236,76,97,2,180.72,0.25
237,76,40,3,121.27,0.3
238,77,58,1,314.63,0.0
239,77,61,1,259.13,0.0
240,78,179,1,73.16,0.35
241,79,84,1,288.35,0.05
242,80,86,3,267.39,0.2
243,81,157,2,213.21,0.2
244,82,25,3,19.81,0.15
245,83,130,1,135.59,0.1
246,83,26,2,313.02,0.1
247,83,168,1,278.47,0.1
248,83,28,3,367.17,0.1
249,84,18,4,129.21,0.0
250,84,95,4,400.58,0.05
251,85,150,4,303.69,0.0
252,85,39,1,206.06,0.1
253,85,67,3,314.94,0.1
254,86,131,1,76.72,0.35
255,86,58,4,220.24,0.3
256,87,80,1,42.83,0.2
257,87,162,1,88.7,0.1
258,88,94,2,112.96,0.1
259,88,175,4,93.29,0.2
260,88,27,1,98.89,0.1
261,88,133,3,255.99,0.1
262,89,121,1,301.94,0.30000000000000004
263,89,91,3,322.35,0.2
264,89,119,1,110.57,0.25
265,89,101,1,312.5,0.2
266,90,64,2,187.89,0.2
267,90,101,1,312.5,0.2
268,90,180,4,108.11,0.30000000000000004
269,91,5,2,324.52,0.15
270,91,89,1,113.83,0.15
271,91,140,2,237.0,0.15
272,91,166,1,204.64,0.15
273,91,119,4,125.32,0.15
274,92,143,4,147.94,0.0
275,93,37,1,212.75,0.05
276,93,149,4,162.06,0.05
277,94,139,3,322.62,0.2
278,94,170,3,12.5,0.2
279,94,118,3,254.12,0.25
280,94,79,2,57.15,0.2
281,95,16,3,132.45,0.0
282,95,28,1,407.97,0.0
283,95,125,2,43.97,0.0
284,95,13,4,56.75,0.05
285,96,75,1,165.35,0.30000000000000004
286,96,131,4,88.52,0.25
287,96,33,4,150.81,0.30000000000000004
288,97,41,4,152.15,0.25
289,97,73,4,138.68,0.25
290,97,167,2,159.23,0.35
291,98,106,3,237.07,0.1
292,99,131,4,94.42,0.2
293,99,14,3,103.59,0.2
294,99,176,2,15.69,0.30000000000000004
295,99,16,4,105.96,0.2
296,99,58,1,251.7,0.2
297,100,52,1,67.23,0.15
298,100,92,3,108.83,0.15
299,100,139,1,322.62,0.2
300,100,63,3,239.02,0.15
301,100,14,2,110.07,0.15
302,101,84,2,227.65,0.25
303,101,143,1,103.56,0.3
304,101,20,2,105.71,0.25
305,101,129,4,138.47,0.25
306,101,50,2,18.16,0.25
307,102,49,4,168.13,0.25
308,102,46,3,47.98,0.15
309,102,84,4,258.0,0.15
310,103,149,2,162.06,0.05
311,104,118,3,237.18,0.30000000000000004
312,104,177,4,216.43,0.2
313,104,53,2,98.79,0.30000000000000004
314,104,130,1,112.99,0.25
315,104,111,1,206.34,0.2
316,105,67,4,279.94,0.2
317,105,119,4,110.57,0.25
318,106,34,3,416.37,0.0
319,106,89,1,133.92,0.0
320,107,137,1,59.71,0.1
321,107,172,4,126.8,0.15000000000000002
322,107,163,3,329.02,0.1
323,107,58,4,251.7,0.2
324,107,143,3,118.35,0.2
325,108,157,2,226.53,0.15
326,108,60,2,183.84,0.15
327,109,19,4,223.86,0.15000000000000002
328,110,164,1,165.9,0.2
329,111,54,2,126.65,0.25
330,112,50,3,18.16,0.25
331,112,158,3,76.16,0.35
332,113,52,1,63.28,0.2
333,113,110,3,75.04,0.30000000000000004
334,113,167,3,195.98,0.2
335,114,40,4,112.61,0.35
336,115,163,2,365.58,0.0
337,115,131,1,106.23,0.1
338,116,108,1,231.15,0.2
339,117,142,2,277.55,0.25
340,118,6,2,41.89,0.25
341,118,168,1,201.12,0.35
342,118,169,4,66.38,0.35
343,118,46,1,39.52,0.3
344,119,151,4,176.42,0.25
345,120,110,3,80.4,0.25
346,121,67,4,279.94,0.2
347,121,31,2,52.64,0.2
348,122,75,4,188.98,0.2
349,122,160,2,212.04,0.1
350,122,4,2,172.86,0.15000000000000002
351,122,155,1,216.38,0.2
352,123,153,1,43.16,0.25
353,123,93,1,184.07,0.25
354,123,107,4,141.79,0.15
355,123,106,2,223.9,0.15
356,124,157,1,199.88,0.25
357,125,38,4,249.75,0.05
358,125,53,3,119.96,0.15000000000000002
359,125,132,2,169.06,0.1
360,125,107,3,150.13,0.1
361,126,93,4,196.34,0.2
362,126,55,3,233.3,0.2
363,126,140,3,223.06,0.2
364,126,53,1,112.9,0.2
365,127,83,2,384.93,0.0
366,127,49,4,201.76,0.1
367,127,60,1,216.28,0.0
368,127,170,1,14.07,0.1
369,127,23,4,375.48,0.0
370,128,106,2,210.73,0.2
371,128,39,1,160.26,0.30000000000000004
372,129,136,3,202.6,0.25
373,130,42,1,184.53,0.15
374,130,163,3,274.19,0.25
375,130,10,2,413.04,0.15
376,130,19,1,223.86,0.15
377,131,81,1,222.11,0.35
378,131,121,2,323.5,0.25
379,131,114,1,23.95,0.3
380,132,41,2,182.57,0.1
381,132,83,1,346.44,0.1
382,132,51,3,237.44,0.2
383,132,7,3,225.96,0.1
384,132,95,3,379.49,0.1
385,133,150,3,273.32,0.1
386,133,58,3,283.17,0.1
387,133,39,3,206.06,0.1
388,133,85,1,85.76,0.15000000000000002
389,133,132,4,150.28,0.2
390,134,42,2,173.67,0.2
391,134,159,3,287.2,0.15
392,135,127,4,104.57,0.2
393,135,131,4,94.42,0.2
394,135,44,4,224.15,0.2
395,135,78,3,275.46,0.2
396,135,103,1,116.7,0.2
397,136,147,2,179.25,0.15000000000000002
398,136,172,4,126.8,0.15000000000000002
399,136,128,2,218.51,0.05
400,137,47,1,82.06,0.05
401,137,76,4,151.59,0.0
402,137,90,4,301.55,0.0
403,137,20,3,140.95,0.0
404,137,117,2,67.89,0.0
405,138,96,4,266.83,0.25
406,138,89,1,113.83,0.15
407,138,23,1,319.16,0.15
408,138,106,1,223.9,0.15
409,139,11,1,154.91,0.35
410,140,46,2,42.34,0.25
411,140,62,4,269.14,0.25
412,140,4,1,152.52,0.25
413,140,116,2,298.48,0.25
414,140,33,3,161.59,0.25
415,141,75,3,165.35,0.3
416,141,81,1,256.28,0.25
417,141,176,1,16.82,0.25
418,142,69,4,54.74,0.0
419,142,117,2,61.1,0.1
420,142,151,4,235.23,0.0
421,142,73,3,184.91,0.0
422,143,138,3,153.37,0.15
423,144,122,2,285.6,0.0
424,144,131,3,118.03,0.0
425,144,36,1,64.66,0.0
426,145,29,4,229.66,0.2
427,145,121,1,345.07,0.2
428,145,94,2,100.41,0.2
429,146,60,4,173.02,0.2
430,146,55,4,218.72,0.25
431,146,45,1,153.48,0.15
432,146,159,2,253.41,0.25
433,147,55,4,247.88,0.15
434,147,101,2,332.03,0.15
435,147,136,1,216.11,0.2
436,147,131,4,100.33,0.15
437,147,133,1,241.77,0.15
438,148,126,3,48.24,0.15000000000000002
439,148,63,3,253.08,0.1
440,149,134,1,109.11,0.2
441,149,178,2,37.74,0.25
442,149,154,4,19.59,0.25
443,149,90,3,226.16,0.25
444,150,2,1,93.02,0.25
445,150,82,3,86.95,0.25
446,151,82,1,86.95,0.25
447,151,71,1,253.44,0.25
448,152,59,1,276.72,0.0
449,152,73,4,184.91,0.0
450,152,159,1,337.88,0.0
451,152,41,2,202.86,0.0
452,152,62,1,358.85,0.0
453,153,74,2,239.92,0.25
454,154,140,3,250.94,0.1
455,155,72,2,85.21,0.25
456,155,40,2,129.94,0.25
457,155,152,4,52.72,0.25
458,155,41,1,152.15,0.25
459,156,145,3,299.89,0.15000000000000002
460,156,34,4,353.91,0.15000000000000002
461,157,101,1,292.97,0.25
462,157,80,2,37.48,0.3
463,157,58,2,235.97,0.25
464,158,156,4,128.6,0.15
465,158,89,1,113.83,0.15
466,159,153,2,46.04,0.2
467,159,149,2,136.47,0.2
468,159,24,3,293.56,0.30000000000000004
469,159,66,4,95.51,0.2
470,159,164,4,165.9,0.2
471,160,172,1,149.18,0.0
472,160,131,1,106.23,0.1
473,160,88,2,217.96,0.0
474,160,46,2,53.63,0.05
475,161,21,4,23.21,0.15
476,162,83,2,346.44,0.1
477,162,134,1,122.75,0.1
478,162,174,2,294.81,0.15000000000000002
479,162,11,1,190.66,0.2
480,162,123,3,140.83,0.1
481,163,62,3,358.85,0.0
482,164,97,1,192.77,0.2
483,164,101,1,332.03,0.15000000000000002
484,164,34,1,353.91,0.15000000000000002
485,164,130,3,128.05,0.15000000000000002
486,164,3,4,216.19,0.1
487,165,91,1,362.65,0.1
488,165,24,1,377.43,0.1
489,165,158,1,93.74,0.2
490,166,39,1,183.16,0.2
491,166,4,4,142.35,0.30000000000000004
492,166,135,4,314.5,0.2
493,167,120,1,260.1,0.25
494,167,20,3,105.71,0.25
495,167,123,3,101.71,0.35
496,167,124,4,32.25,0.3
497,168,68,4,164.39,0.1
498,168,38,3,249.75,0.05
499,168,136,2,243.13,0.1
500,169,178,1,32.71,0.35
501,169,55,2,189.55,0.35
502,169,118,1,254.12,0.25
503,170,66,2,89.54,0.25
504,170,56,2,181.18,0.15
505,170,4,1,162.69,0.2
506,170,108,3,245.6,0.15
507,170,179,3,90.04,0.2
508,171,83,4,288.7,0.25
509,171,128,1,161.01,0.3
510,172,143,4,118.35,0.2
511,172,27,3,76.92,0.30000000000000004
512,172,156,2,105.9,0.30000000000000004
513,172,11,4,190.66,0.2
514,173,154,3,22.2,0.15
515,173,61,1,220.26,0.15
516,173,174,3,294.81,0.15
517,174,56,2,213.15,0.0
518,174,114,2,32.51,0.05
519,174,148,2,187.58,0.0
520,174,74,2,319.9,0.0
521,175,161,4,191.07,0.25
522,175,133,2,213.32,0.25
523,175,13,3,50.78,0.15
524,176,16,3,99.34,0.25
525,177,138,1,135.32,0.25
526,178,75,4,188.98,0.2
527,178,32,1,99.61,0.25
528,178,29,3,229.66,0.2
529,178,68,3,155.25,0.15
530,178,159,4,287.2,0.15
531,179,172,2,149.18,0.0
532,179,3,2,240.21,0.0
533,179,40,3,164.59,0.05
534,180,112,3,205.27,0.2
535,180,169,2,76.6,0.25
536,181,115,1,345.94,0.2
537,181,34,1,333.1,0.2
538,181,142,3,259.05,0.30000000000000004
539,181,44,2,196.13,0.30000000000000004
540,182,168,3,216.59,0.30000000000000004
541,182,60,2,162.21,0.25
542,182,30,2,129.83,0.2
543,182,82,3,86.95,0.25
544,183,146,1,137.36,0.0
545,183,147,3,200.34,0.05
546,183,77,1,494.18,0.0
547,183,42,4,206.24,0.05
548,183,70,3,336.18,0.05
549,184,39,4,206.06,0.1
550,185,118,3,304.95,0.1
551,185,18,2,116.29,0.1
552,185,167,2,220.47,0.1
553,185,59,4,249.05,0.1
554,185,70,3,318.48,0.1
555,186,138,3,171.41,0.05
556,186,91,1,402.94,0.0
557,186,126,1,53.91,0.05
558,186,43,4,290.35,0.1
559,187,14,3,123.02,0.05
560,187,101,3,351.56,0.1
561,187,76,1,128.85,0.15000000000000002
562,188,97,2,180.72,0.25
563,188,114,3,25.66,0.25
564,189,35,2,37.87,0.3
565,189,60,3,151.4,0.3
566,189,175,1,81.63,0.3
567,189,180,2,108.11,0.3
568,190,18,3,96.91,0.25
569,191,76,3,121.27,0.2
570,191,85,2,85.76,0.15000000000000002
571,191,94,2,112.96,0.1
572,191,110,4,91.12,0.15000000000000002
573,191,80,2,45.51,0.15000000000000002
574,192,137,4,56.4,0.15
575,192,2,3,93.02,0.25
576,193,75,1,236.22,0.0
577,193,3,3,228.2,0.05
578,193,24,2,377.43,0.1
579,193,177,4,243.49,0.1
580,194,150,2,227.77,0.25
581,194,175,4,93.29,0.2
582,194,178,1,37.74,0.25
583,195,17,2,75.07,0.2
584,195,104,1,211.63,0.25
585,195,108,1,231.15,0.2
586,195,140,2,223.06,0.2
587,195,156,4,113.47,0.25
588,196,46,2,42.34,0.25
589,196,98,3,121.48,0.25
590,197,2,3,93.02,0.25
591,197,135,1,294.84,0.25
592,198,74,3,287.91,0.1
593,198,40,4,155.93,0.1
594,198,171,1,133.51,0.1
595,198,21,3,24.58,0.1
596,199,115,2,324.32,0.25
597,199,92,3,96.03,0.25
598,199,13,1,44.8,0.25
599,199,68,3,136.99,0.25
600,199,165,4,147.59,0.25
601,200,173,4,408.93,0.1
602,200,135,4,314.5,0.2
603,200,147,4,189.79,0.1
604,200,61,4,207.3,0.2
605,200,45,1,144.46,0.2
606,201,65,1,409.95,0.1
607,201,28,3,367.17,0.1
608,202,20,3,126.85,0.1
609,202,172,2,134.26,0.1
610,202,12,4,195.16,0.2
611,203,71,2,253.44,0.25
612,204,164,4,186.63,0.1
613,205,145,3,299.89,0.15
614,205,87,4,80.62,0.2
615,205,54,1,143.53,0.15
616,205,49,4,190.55,0.15
617,206,165,2,147.59,0.25
618,206,166,2,168.52,0.3
619,206,60,3,162.21,0.25
620,206,72,4,79.53,0.3
621,207,51,3,267.12,0.1
622,207,125,1,43.97,0.0
623,207,177,4,257.01,0.05
624,207,68,4,182.65,0.0
625,207,73,1,184.91,0.0
626,208,26,4,330.41,0.05
627,208,106,1,237.07,0.1
628,208,83,2,346.44,0.1
629,208,151,1,223.47,0.05
630,208,27,3,104.39,0.05
631,209,115,2,432.43,0.0
632,209,32,1,132.81,0.0
633,210,26,2,295.63,0.15
634,211,94,1,125.51,0.0
635,211,2,2,117.82,0.05
636,211,43,4,322.61,0.0
637,212,38,1,262.9,0.0
638,212,112,1,230.93,0.1
639,212,126,2,53.91,0.05
640,212,13,3,59.74,0.0
641,213,91,2,302.2,0.25
642,213,112,1,192.44,0.25
643,214,13,3,44.8,0.25
644,214,176,2,14.57,0.35
645,214,14,3,97.12,0.25
646,214,110,1,80.4,0.25
647,214,143,3,110.95,0.25
648,215,45,2,144.46,0.2
649,215,102,1,242.41,0.2
650,215,140,1,223.06,0.2
651,215,98,4,129.58,0.2
652,216,84,1,242.82,0.2
653,216,171,3,118.68,0.2
654,216,166,2,192.6,0.2
655,216,33,1,172.36,0.2
656,216,44,1,224.15,0.2
657,217,146,3,137.36,0.0
658,217,140,1,278.82,0.0
659,217,9,4,192.95,0.0
660,217,39,3,228.95,0.0
661,218,138,1,162.39,0.1
662,218,21,1,27.31,0.0
663,218,169,3,102.13,0.0
664,218,117,1,67.89,0.0
665,218,36,3,61.43,0.05
666,219,94,1,106.68,0.15
667,219,169,4,86.81,0.15
668,220,28,2,367.17,0.1
669,220,165,2,196.79,0.0
670,220,161,4,229.28,0.1
671,220,48,4,182.48,0.05
672,221,1,1,166.18,0.35
673,221,117,3,47.52,0.3
674,221,116,4,298.48,0.25
675,221,109,1,91.94,0.3
676,222,134,2,115.93,0.15
677,222,146,1,103.02,0.25
678,222,35,4,45.98,0.15
679,223,143,3,125.75,0.15
680,223,4,3,172.86,0.15
681,224,66,2,89.54,0.25
682,224,90,1,226.16,0.25
683,224,177,4,202.91,0.25
684,224,136,1,175.59,0.35
685,225,41,1,152.15,0.25
686,225,177,2,202.91,0.25
687,225,81,1,256.28,0.25
688,225,67,4,262.45,0.25
689,225,151,3,164.66,0.3
690,226,75,1,200.79,0.15
691,226,146,4,109.89,0.2
692,227,92,2,128.04,0.0
693,227,153,2,54.67,0.05
694,227,89,4,133.92,0.0
695,227,145,2,335.17,0.05
696,227,91,4,382.79,0.05
697,228,172,1,96.97,0.35
698,228,3,4,168.15,0.3
699,228,158,4,82.02,0.3
700,228,114,1,22.24,0.35
701,228,23,1,281.61,0.25
702,229,110,2,85.76,0.2
703,229,14,2,116.54,0.1
704,230,47,3,64.78,0.25
705,230,113,2,162.22,0.3
706,230,68,2,136.99,0.25
707,230,46,3,36.69,0.35
708,230,13,2,41.82,0.3
709,231,60,1,162.21,0.25
710,231,140,2,223.06,0.2
711,231,161,2,216.55,0.15
712,232,119,3,103.2,0.30000000000000004
713,232,177,2,216.43,0.2
714,232,42,4,173.67,0.2
715,232,172,4,104.43,0.30000000000000004
716,233,127,2,98.03,0.25
717,233,69,4,41.05,0.25
718,233,110,4,85.76,0.2
719,234,8,2,67.9,0.2
720,234,104,4,225.74,0.2
721,234,137,1,53.08,0.2
722,234,103,4,116.7,0.2
723,235,120,3,277.44,0.2
724,235,44,4,238.16,0.15
725,235,4,4,172.86,0.15
726,235,58,1,267.44,0.15
727,236,147,1,158.16,0.25
728,237,18,2,96.91,0.25
729,237,57,3,224.85,0.3
730,237,101,1,292.97,0.25
731,238,136,3,202.6,0.25
732,239,44,4,196.13,0.30000000000000004
733,239,94,3,100.41,0.2
734,239,110,4,85.76,0.2
735,240,23,2,281.61,0.25
736,240,146,4,89.28,0.35
737,240,35,2,40.58,0.25
738,240,166,1,180.56,0.25
739,240,112,2,166.78,0.35
740,241,4,4,193.19,0.05
741,241,154,3,26.12,0.0
742,241,95,2,421.66,0.0
743,242,156,3,128.6,0.15
744,242,156,4,121.03,0.2
745,242,1,1,217.31,0.15
746,242,4,4,162.69,0.2
747,243,13,4,44.8,0.25
748,243,180,4,115.83,0.25
749,243,147,2,158.16,0.25
750,243,164,2,145.16,0.3
751,244,173,3,408.93,0.1
752,245,133,4,284.43,0.0
753,245,22,1,96.26,0.0
754,245,84,4,288.35,0.05
755,245,153,2,57.55,0.0
756,245,120,1,346.8,0.0
757,246,110,3,80.4,0.25
758,246,5,2,286.34,0.25
759,246,154,1,16.98,0.35
760,246,75,1,153.54,0.35
761,246,10,3,364.45,0.25
762,247,30,4,146.06,0.1
763,247,39,3,206.06,0.1
764,247,57,2,289.09,0.1
765,247,32,4,119.53,0.1
766,248,13,1,53.77,0.1
767,248,162,1,98.56,0.0
768,249,75,1,177.16,0.25
769,249,171,1,111.26,0.25
770,250,133,2,241.77,0.15000000000000002
771,250,45,4,153.48,0.15000000000000002
772,250,74,3,271.91,0.15000000000000002
773,250,55,2,262.46,0.1
774,251,92,4,108.83,0.15
775,251,83,3,327.19,0.15
776,251,41,4,172.43,0.15
777,251,171,4,111.26,0.25
778,252,17,4,70.38,0.25
779,252,89,3,107.14,0.2
780,253,59,2,193.7,0.30000000000000004
781,253,108,4,231.15,0.2
782,253,77,4,395.34,0.2
783,254,108,3,187.81,0.35
784,254,98,4,121.48,0.25
785,254,38,3,197.17,0.25
786,255,51,1,281.96,0.05
787,255,142,2,314.56,0.15000000000000002
788,255,137,1,59.71,0.1
789,255,131,4,112.13,0.05
790,256,161,1,216.55,0.15
791,256,132,3,140.89,0.25
792,256,127,2,104.57,0.2
793,256,117,1,50.92,0.25
794,257,136,1,243.13,0.1
795,257,63,2,253.08,0.1
796,257,79,2,57.15,0.2
797,257,46,4,50.81,0.1
798,257,46,2,50.81,0.1
799,258,38,4,197.17,0.25
800,258,59,3,235.21,0.15
801,259,60,2,140.58,0.35
802,259,97,1,156.62,0.35
803,260,126,2,45.4,0.2
804,260,63,2,239.02,0.15000000000000002
805,260,114,2,30.8,0.1
806,261,104,3,211.63,0.25
807,261,123,4,125.18,0.2
808,261,37,1,179.16,0.2
809,261,83,3,307.94,0.2
810,262,107,2,166.81,0.0
811,262,14,2,129.49,0.0
812,262,103,3,145.87,0.0
813,263,48,2,172.87,0.1
814,263,112,4,256.59,0.0
815,264,11,3,202.57,0.15
816,264,106,2,223.9,0.15
817,264,107,4,141.79,0.15
818,264,8,2,72.14,0.15
819,264,59,2,235.21,0.15
820,265,112,3,205.27,0.2
821,265,44,3,224.15,0.2
822,265,73,3,147.93,0.2
823,265,163,2,274.19,0.25
824,266,27,2,76.92,0.3
825,266,67,3,262.45,0.25
826,266,15,4,188.5,0.25
827,266,108,2,202.26,0.3
828,266,147,3,158.16,0.25
829,267,20,3,119.81,0.15000000000000002
830,267,150,2,273.32,0.1
831,267,149,1,162.06,0.05
832,267,175,1,99.12,0.15000000000000002
833,268,161,3,203.81,0.2
834,268,156,4,121.03,0.2
835,268,31,4,52.64,0.2
836,268,141,3,92.45,0.25
837,268,42,4,173.67,0.2
838,269,159,4,337.88,0.0
839,269,130,1,143.12,0.05
840,269,158,2,117.17,0.0
841,269,145,3,352.81,0.0
842,270,39,2,148.82,0.35
843,270,174,4,225.45,0.35
844,270,46,2,42.34,0.25
845,270,89,3,93.74,0.3
846,271,126,3,48.24,0.15000000000000002
847,271,77,1,444.76,0.1
848,271,114,1,30.8,0.1
849,272,29,1,229.66,0.2
850,273,80,4,40.16,0.25
851,274,90,2,256.32,0.15000000000000002
852,274,30,3,154.18,0.05
853,274,158,2,105.45,0.1
854,275,71,3,287.23,0.15
855,275,45,1,135.43,0.25
856,275,111,3,219.24,0.15
857,276,149,4,136.47,0.2
858,276,95,3,379.49,0.1
859,276,74,1,287.91,0.1
860,277,56,3,170.52,0.2
861,277,1,1,204.53,0.2
862,277,142,1,333.06,0.1
863,278,121,2,323.5,0.25
864,278,118,2,271.06,0.2
865,278,121,3,345.07,0.2
866,278,140,2,209.12,0.25
867,278,22,2,77.01,0.2
868,279,100,1,195.86,0.35
869,280,145,4,282.25,0.2
870,280,167,3,195.98,0.2
871,281,60,1,162.21,0.25
872,281,142,1,277.55,0.25
873,281,85,3,75.67,0.25
874,282,145,4,282.25,0.2
875,282,141,4,86.29,0.30000000000000004
876,282,167,3,195.98,0.2
877,282,48,2,153.66,0.2
878,282,23,1,300.38,0.2
879,283,116,3,258.68,0.35
880,283,6,4,41.89,0.25
881,283,174,1,225.45,0.35
882,283,68,2,127.85,0.3
883,283,95,2,316.25,0.25
884,284,78,4,292.67,0.15
885,284,175,2,93.29,0.2
886,284,82,1,98.55,0.15
887,284,56,3,181.18,0.15
888,285,69,3,35.58,0.35
889,285,106,4,171.22,0.35
890,286,152,1,63.27,0.1
891,286,74,1,271.91,0.15000000000000002
892,286,151,3,199.95,0.15000000000000002
893,286,112,2,230.93,0.1
894,286,24,3,356.46,0.15000000000000002
895,287,170,2,13.29,0.15
896,287,92,4,108.83,0.15
897,287,142,3,314.56,0.15
898,287,46,4,45.16,0.2
899,288,27,2,87.9,0.2
900,289,151,1,152.9,0.35
901,290,179,3,95.67,0.15
902,290,34,4,353.91,0.15
903,290,22,3,81.82,0.15
904,290,58,4,267.44,0.15
905,291,100,2,301.32,0.0
906,291,104,3,268.06,0.05
907,292,48,1,144.06,0.25
908,292,147,1,158.16,0.25
909,292,80,2,34.8,0.35
910,293,121,2,323.5,0.25
911,293,162,1,73.92,0.25
912,293,29,3,200.95,0.3
913,294,126,4,42.56,0.25
914,294,72,3,73.85,0.35
915,294,93,2,184.07,0.25
916,294,66,2,89.54,0.25
917,294,28,3,265.18,0.35
918,295,132,2,178.46,0.05
919,295,62,3,340.91,0.05
920,295,92,3,121.64,0.05
921,295,42,2,195.38,0.1
922,295,150,1,288.51,0.05
923,296,124,1,29.95,0.35
924,296,63,4,182.78,0.35
925,297,10,4,413.04,0.15
926,298,52,4,51.41,0.35
927,299,97,4,180.72,0.25
928,299,175,3,87.46,0.25
929,300,77,3,370.63,0.25
930,301,133,1,255.99,0.1
931,301,176,4,19.06,0.15000000000000002
932,301,167,2,220.47,0.1
933,302,101,2,292.97,0.25
934,303,42,2,162.82,0.25
935,303,173,4,340.78,0.25
936,303,54,1,109.76,0.35
937,303,23,3,281.61,0.25
938,303,167,4,183.73,0.25
939,304,107,4,141.79,0.15000000000000002
940,304,150,2,258.14,0.15000000000000002
941,305,176,4,16.82,0.25
942,305,103,4,94.82,0.35
943,305,104,4,211.63,0.25
944,305,118,4,254.12,0.25
945,306,122,1,228.48,0.2
946,307,85,4,90.8,0.1
947,307,21,4,27.31,0.0
948,307,160,3,235.6,0.0
949,307,152,4,66.78,0.05
950,308,125,4,30.78,0.3
951,308,145,4,264.61,0.25
952,308,4,4,142.35,0.3
953,308,76,2,113.69,0.25
954,309,108,2,231.15,0.2
955,309,3,4,192.17,0.2
956,309,103,4,116.7,0.2
957,309,63,2,224.96,0.2
958,309,88,1,174.37,0.2
959,310,83,4,307.94,0.2
960,310,89,1,107.14,0.2
961,310,23,1,262.84,0.30000000000000004
962,311,132,2,178.46,0.05
963,311,154,2,26.12,0.0
964,311,31,4,65.8,0.0
965,312,78,3,275.46,0.2
966,312,162,1,73.92,0.25
967,313,165,1,147.59,0.25
968,313,97,2,156.62,0.35
969,314,23,1,319.16,0.15000000000000002
970,314,113,1,196.99,0.15000000000000002
971,315,79,2,53.58,0.25
972,316,171,1,140.93,0.05
973,316,96,4,337.99,0.05
974,316,11,2,226.4,0.05
975,317,70,3,318.48,0.1
976,317,132,3,169.06,0.1
977,317,54,4,151.97,0.1
978,317,160,1,212.04,0.1
979,317,99,3,50.76,0.1
980,318,32,4,106.25,0.2
981,318,111,3,206.34,0.2
982,318,74,4,287.91,0.1
983,318,133,4,255.99,0.1
984,318,33,4,193.91,0.1
985,319,61,1,246.17,0.05
986,320,110,2,80.4,0.25
987,320,130,3,97.92,0.35
988,320,175,2,87.46,0.25
989,320,105,2,127.3,0.35
990,320,11,1,178.74,0.25
991,321,145,3,246.97,0.3
992,321,17,4,70.38,0.25
993,321,57,4,208.79,0.35
994,321,143,4,110.95,0.25
995,321,170,3,11.72,0.25
996,322,58,2,314.63,0.0
997,322,88,1,217.96,0.0
998,322,36,3,64.66,0.0
999,322,38,2,262.9,0.0
1000,323,61,2,220.26,0.15000000000000002
1001,323,160,2,212.04,0.1
1002,323,110,2,96.48,0.1
1003,323,96,2,320.2,0.1
1004,324,48,1,163.27,0.15
1005,324,165,1,167.27,0.15
1006,324,53,2,105.85,0.25
1007,324,128,2,195.51,0.15
1008,325,132,2,187.85,0.0
1009,325,126,4,51.08,0.1
1010,326,119,4,117.94,0.2
1011,326,96,2,266.83,0.25
1012,326,165,1,157.43,0.2
1013,327,112,2,205.27,0.2
1014,327,65,1,387.18,0.15
1015,328,85,2,75.67,0.25
1016,329,129,3,138.47,0.25
1017,329,86,3,217.26,0.35
1018,329,130,2,112.99,0.25
1019,329,1,4,178.96,0.3
1020,330,136,4,229.62,0.15
1021,330,91,3,342.5,0.15
1022,330,50,2,20.58,0.15
1023,331,23,2,262.84,0.3
1024,332,14,1,97.12,0.25
1025,333,127,2,111.1,0.15
1026,334,169,1,66.38,0.35
1027,335,43,1,225.83,0.30000000000000004
1028,335,8,1,67.9,0.2
1029,335,157,1,213.21,0.2
1030,335,11,1,190.66,0.2
1031,335,142,4,296.06,0.2
1032,336,165,2,157.43,0.2
1033,336,116,3,338.27,0.15
1034,337,6,4,47.48,0.15
1035,337,97,4,204.82,0.15
1036,337,57,3,256.97,0.2
1037,337,4,2,152.52,0.25
1038,337,39,1,171.71,0.25
1039,338,124,4,39.16,0.15000000000000002
1040,338,148,3,178.2,0.05
1041,338,42,4,184.53,0.15000000000000002
1042,339,163,2,237.63,0.35
1043,340,47,4,73.42,0.15000000000000002
1044,340,51,3,267.12,0.1
1045,341,174,3,260.13,0.25
1046,341,142,1,277.55,0.25
1047,342,8,1,80.63,0.05
1048,342,48,1,172.87,0.1
1049,343,42,3,184.53,0.15
1050,343,91,2,322.35,0.2
1051,343,155,3,229.9,0.15
1052,344,11,3,214.49,0.1
1053,344,72,1,113.61,0.0
1054,344,79,4,71.44,0.0
1055,345,165,1,177.11,0.1
1056,346,105,4,195.84,0.0
1057,346,50,1,24.21,0.0
1058,347,94,4,100.41,0.2
1059,347,86,1,267.39,0.2
1060,348,36,2,48.49,0.25
1061,349,2,3,111.62,0.1
1062,349,154,3,26.12,0.0
1063,349,55,4,277.04,0.05
1064,349,78,1,344.32,0.0
1065,350,175,1,99.12,0.15
1066,351,101,3,273.43,0.30000000000000004
1067,351,111,3,206.34,0.2
1068,351,163,3,292.46,0.2
1069,351,151,1,188.18,0.2
1070,351,120,1,277.44,0.2
1071,352,16,1,119.2,0.1
1072,353,85,1,90.8,0.1
1073,354,159,3,337.88,0.0
1074,354,13,4,59.74,0.0
1075,355,141,3,92.45,0.25
1076,355,73,3,138.68,0.25
1077,356,132,2,131.49,0.30000000000000004
1078,356,91,4,322.35,0.2
1079,356,113,2,185.4,0.2
1080,356,25,4,16.32,0.30000000000000004
1081,356,78,4,258.24,0.25
1082,357,38,1,184.03,0.3
1083,357,109,4,98.5,0.25
1084,357,78,4,258.24,0.25
1085,357,79,3,53.58,0.25
1086,358,157,2,199.88,0.25
1087,359,15,2,226.2,0.1
1088,359,68,3,164.39,0.1
1089,359,103,3,131.28,0.1
1090,359,6,3,50.27,0.1
1091,360,35,4,40.58,0.25
1092,360,15,3,188.5,0.25
1093,360,63,2,210.9,0.25
1094,360,70,3,265.4,0.25
1095,360,84,3,227.65,0.25
1096,361,115,3,324.32,0.25
1097,361,141,1,92.45,0.25
1098,361,163,1,274.19,0.25
1099,361,32,4,92.97,0.3
1100,362,1,3,255.66,0.0
1101,362,60,4,216.28,0.0
1102,362,8,4,80.63,0.05
1103,362,105,1,195.84,0.0
1104,362,1,4,230.09,0.1
1105,363,23,4,300.38,0.2
1106,363,170,1,12.5,0.2
1107,363,77,4,395.34,0.2
1108,363,22,4,77.01,0.2
1109,363,106,2,210.73,0.2
1110,364,118,1,254.12,0.25
1111,364,82,1,86.95,0.25
1112,364,114,4,23.95,0.3
1113,364,168,4,216.59,0.3
1114,365,116,3,278.58,0.3
1115,365,33,2,140.04,0.35
1116,366,70,4,247.71,0.3
1117,366,19,4,197.52,0.25
1118,366,38,2,197.17,0.25
1119,367,83,1,384.93,0.0
1120,367,177,4,270.54,0.0
1121,367,30,2,146.06,0.1
1122,367,170,3,15.63,0.0
1123,367,42,4,217.09,0.0
1124,368,61,2,194.35,0.25
1125,368,62,2,251.19,0.3
1126,369,108,2,231.15,0.2
1127,369,90,1,241.24,0.2
1128,369,24,4,335.5,0.2
1129,369,55,3,233.3,0.2
1130,370,152,3,52.72,0.25
1131,370,14,3,110.07,0.15
1132,370,47,2,64.78,0.25
1133,370,54,4,143.53,0.15
1134,371,174,3,242.79,0.3
1135,371,83,2,288.7,0.25
1136,371,11,2,178.74,0.25
1137,371,95,3,316.25,0.25
1138,372,113,2,185.4,0.2
1139,373,23,4,356.71,0.05
1140,373,58,1,283.17,0.1
1141,373,6,2,47.48,0.15000000000000002
1142,373,139,2,383.12,0.05
1143,374,113,2,196.99,0.15000000000000002
1144,374,140,3,250.94,0.1
1145,374,132,2,150.28,0.2
1146,374,118,2,271.06,0.2
1147,375,178,4,42.77,0.15000000000000002
1148,375,130,4,135.59,0.1
1149,375,95,2,358.41,0.15000000000000002
1150,375,120,4,312.12,0.1
1151,376,67,3,262.45,0.25
1152,376,21,4,17.75,0.35
1153,376,104,1,197.52,0.3
1154,376,114,3,25.66,0.25
1155,376,78,2,241.02,0.3
1156,377,116,2,358.17,0.1
1157,378,38,4,210.32,0.2
1158,378,72,1,79.53,0.30000000000000004
1159,378,129,2,147.7,0.2
1160,378,173,4,363.5,0.2
1161,378,77,1,395.34,0.2
1162,379,180,1,123.55,0.2
1163,380,172,4,119.34,0.2
1164,380,145,2,264.61,0.25
1165,380,65,2,387.18,0.15
1166,380,54,1,126.65,0.25
1167,381,156,3,136.16,0.1
1168,382,115,4,281.08,0.35
1169,382,96,2,266.83,0.25
1170,383,114,2,27.38,0.2
1171,384,13,3,47.79,0.2
1172,384,46,2,45.16,0.2
1173,384,38,4,210.32,0.2
1174,384,142,2,259.05,0.30000000000000004
1175,384,169,4,81.7,0.2
1176,385,76,1,121.27,0.2
1177,385,91,1,302.2,0.25
1178,385,142,2,296.06,0.2
1179,385,175,3,87.46,0.25
1180,385,167,2,195.98,0.2
1181,386,153,2,46.04,0.2
1182,386,51,1,237.44,0.2
1183,386,53,3,112.9,0.2
1184,387,26,4,313.02,0.1
1185,387,143,2,133.15,0.1
1186,388,31,2,55.93,0.15
1187,389,149,3,145.0,0.15000000000000002
1188,389,99,3,50.76,0.1
1189,390,106,2,263.41,0.0
1190,391,76,4,113.69,0.25
1191,391,111,4,193.45,0.25
1192,391,117,3,50.92,0.25
1193,391,156,2,105.9,0.3
1194,392,39,2,206.06,0.1
1195,392,122,3,271.32,0.05
1196,393,57,2,240.91,0.25
1197,393,70,1,300.79,0.15
1198,394,120,3,294.78,0.15000000000000002
1199,394,13,2,53.77,0.1
1200,394,174,2,294.81,0.15000000000000002
1201,394,13,1,53.77,0.1
1202,394,24,2,356.46,0.15000000000000002
1203,395,119,1,132.69,0.1
1204,395,151,4,188.18,0.2
1205,395,150,3,242.95,0.2
1206,395,5,2,343.61,0.1
1207,396,63,3,224.96,0.2
1208,396,150,4,273.32,0.1
1209,396,105,3,176.26,0.1
1210,396,176,4,20.18,0.1
1211,396,164,3,176.26,0.15000000000000002
1212,397,118,3,271.06,0.2
1213,397,6,1,41.89,0.25
1214,397,163,2,255.91,0.30000000000000004
1215,398,104,3,239.84,0.15
1216,398,9,1,164.01,0.15
1217,399,53,3,105.85,0.25
1218,400,62,3,305.02,0.15
1219,400,54,4,143.53,0.15
1220,400,102,3,257.56,0.15
1221,400,9,4,144.71,0.25
1222,401,57,2,224.85,0.30000000000000004
1223,401,172,2,119.34,0.2
1224,402,20,1,133.9,0.05
1225,402,44,3,280.19,0.0
1226,402,55,4,262.46,0.1
1227,402,68,2,182.65,0.0
1228,402,120,1,329.46,0.05
1229,403,83,2,307.94,0.2
1230,403,124,3,36.86,0.2
1231,404,147,1,168.7,0.2
1232,404,135,4,275.18,0.30000000000000004
1233,404,85,4,80.71,0.2
1234,405,134,4,95.47,0.3
1235,405,66,1,89.54,0.25
1236,406,108,4,245.6,0.15
1237,407,31,2,49.35,0.25
1238,407,164,3,176.26,0.15
1239,408,116,2,298.48,0.25
1240,408,57,2,240.91,0.25
1241,408,167,3,208.22,0.15
1242,409,77,2,395.34,0.2
1243,409,95,3,379.49,0.1
1244,409,154,1,23.51,0.1
1245,410,32,4,99.61,0.25
1246,410,174,3,260.13,0.25
1247,410,8,2,63.65,0.25
1248,411,111,1,193.45,0.25
1249,411,180,4,123.55,0.2
1250,412,135,2,393.12,0.0
1251,412,114,2,34.22,0.0
1252,412,78,3,344.32,0.0
1253,412,39,2,228.95,0.0
1254,412,9,2,192.95,0.0
1255,413,4,2,152.52,0.25
1256,414,3,4,156.14,0.35
1257,414,20,1,91.62,0.35
1258,415,118,3,304.95,0.1
1259,415,180,2,139.0,0.1
1260,415,48,1,172.87,0.1
1261,415,4,1,183.02,0.1
1262,415,131,2,106.23,0.1
1263,416,135,3,353.81,0.1
1264,416,107,3,150.13,0.1
1265,417,123,4,125.18,0.2
1266,418,77,3,420.05,0.15000000000000002
1267,419,77,2,370.63,0.25
1268,419,146,3,109.89,0.2
1269,419,157,4,186.56,0.30000000000000004
1270,420,117,1,54.31,0.2
1271,420,46,4,45.16,0.2
1272,420,34,1,312.28,0.25
1273,420,153,4,43.16,0.25
1274,421,137,3,53.08,0.2
1275,421,103,1,131.28,0.1
1276,421,162,1,88.7,0.1
1277,422,66,4,89.54,0.25
1278,422,117,4,50.92,0.25
1279,422,139,1,302.46,0.25
1280,422,106,3,197.56,0.25
1281,422,60,2,151.4,0.3
1282,423,35,4,48.69,0.1
1283,423,93,2,220.89,0.1
1284,423,131,1,106.23,0.1
1285,424,119,1,110.57,0.25
1286,424,62,2,305.02,0.15
1287,424,86,2,250.68,0.25
1288,424,148,2,159.44,0.15
1289,425,82,1,115.94,0.0
1290,426,44,2,252.17,0.1
1291,427,101,1,292.97,0.25
1292,427,121,1,323.5,0.25
1293,427,84,4,227.65,0.25
1294,428,119,2,110.57,0.25
1295,428,81,3,290.45,0.15
1296,428,65,1,387.18,0.15
1297,428,52,4,67.23,0.15
1298,429,47,2,77.74,0.1
1299,429,117,1,61.1,0.1
1300,429,20,2,112.76,0.2
1301,430,132,1,150.28,0.2
1302,430,84,1,258.0,0.15000000000000002
1303,430,24,2,377.43,0.1
1304,431,138,3,135.32,0.25
1305,431,121,1,323.5,0.25
1306,431,108,4,245.6,0.15
1307,431,79,4,60.72,0.15
1308,431,94,2,100.41,0.2
1309,432,30,3,154.18,0.05
1310,432,138,3,171.41,0.05
1311,432,80,1,53.54,0.0
1312,432,39,3,228.95,0.0
1313,433,177,3,216.43,0.2
1314,433,10,3,413.04,0.15
1315,434,127,3,98.03,0.25
1316,434,17,1,75.07,0.2
1317,434,169,2,81.7,0.2
1318,434,53,2,105.85,0.25
1319,435,82,3,86.95,0.25
1320,435,103,2,123.99,0.15
1321,435,177,1,216.43,0.2
1322,435,51,1,252.28,0.15
1323,435,4,3,162.69,0.2
1324,436,111,2,180.55,0.3
1325,437,34,4,395.55,0.05
1326,438,14,4,103.59,0.2
1327,438,34,2,312.28,0.25
1328,439,128,3,172.51,0.25
1329,439,65,1,341.62,0.25
1330,440,45,1,144.46,0.2
1331,440,27,2,87.9,0.2
1332,440,139,1,322.62,0.2
1333,441,64,2,187.89,0.2
1334,441,59,2,221.38,0.2
1335,441,67,2,262.45,0.25
1336,442,44,2,210.14,0.25
1337,442,24,2,293.56,0.3
1338,442,159,1,236.52,0.3
1339,442,59,3,193.7,0.3
1340,442,39,3,160.26,0.3
1341,443,131,3,106.23,0.1
1342,444,140,2,264.88,0.05
1343,444,76,4,151.59,0.0
1344,444,168,4,309.41,0.0
1345,444,158,2,117.17,0.0
1346,445,88,1,196.16,0.1
1347,446,81,4,256.28,0.25
1348,446,112,3,192.44,0.25
1349,446,21,4,20.48,0.25
1350,446,13,1,44.8,0.25
1351,446,137,3,49.76,0.25
1352,447,155,4,243.42,0.1
1353,447,14,3,110.07,0.15000000000000002
1354,447,103,1,123.99,0.15000000000000002
1355,447,149,4,136.47,0.2
1356,448,6,3,41.89,0.25
1357,448,69,1,35.58,0.35
1358,448,163,4,274.19,0.25
1359,448,92,4,89.63,0.3
1360,449,28,4,367.17,0.1
1361,450,5,1,343.61,0.1
1362,451,114,2,34.22,0.0
1363,451,161,4,254.76,0.0
1364,452,135,3,275.18,0.30000000000000004
1365,452,82,1,92.75,0.2
1366,452,60,1,151.4,0.30000000000000004
1367,452,102,2,227.26,0.25
1368,453,48,2,172.87,0.1
1369,453,19,2,237.02,0.1
1370,454,166,1,240.75,0.0
1371,454,153,1,51.8,0.1
1372,455,50,2,15.74,0.35
1373,455,27,1,82.41,0.25
1374,455,37,1,167.96,0.25
1375,456,176,1,17.94,0.2
1376,456,150,4,242.95,0.2
1377,456,17,3,70.38,0.25
1378,456,140,3,237.0,0.15
1379,456,6,4,41.89,0.25
1380,457,36,2,61.43,0.05
1381,457,175,1,110.78,0.05
1382,457,45,1,171.54,0.05
1383,457,152,3,66.78,0.05
1384,458,147,3,158.16,0.25
1385,458,39,1,160.26,0.3
1386,459,54,1,143.53,0.15000000000000002
1387,459,180,4,139.0,0.1
1388,460,14,2,129.49,0.0
1389,460,128,2,218.51,0.05
1390,460,114,2,34.22,0.0
1391,460,77,3,494.18,0.0
1392,461,165,4,157.43,0.2
1393,461,116,2,278.58,0.30000000000000004
1394,462,175,4,87.46,0.25
1395,462,168,4,232.06,0.25
1396,462,151,2,176.42,0.25
1397,462,106,3,184.39,0.3
1398,462,148,4,140.69,0.25
1399,463,58,2,235.97,0.25
1400,463,91,3,261.91,0.35
1401,464,115,4,389.19,0.1
1402,464,119,4,132.69,0.1
1403,464,79,1,64.3,0.1
1404,464,148,4,150.06,0.2
1405,465,122,4,199.92,0.3
1406,466,171,2,96.43,0.35
1407,467,96,3,249.05,0.30000000000000004
1408,467,50,1,19.37,0.2
1409,468,87,4,80.62,0.2
1410,468,61,1,181.39,0.30000000000000004
1411,468,169,3,81.7,0.2
1412,468,148,1,131.31,0.30000000000000004
1413,468,131,2,88.52,0.25
1414,469,94,2,94.13,0.25
1415,469,52,4,63.28,0.2
1416,469,14,2,97.12,0.25
1417,469,27,1,82.41,0.25
1418,470,91,4,322.35,0.2
1419,470,37,1,190.36,0.15000000000000002
1420,470,41,1,162.29,0.2
1421,470,1,3,230.09,0.1
1422,470,166,2,216.68,0.1
1423,471,83,1,346.44,0.1
1424,472,17,1,84.46,0.1
1425,472,81,4,307.54,0.1
1426,472,77,1,444.76,0.1
1427,473,4,3,152.52,0.25
1428,473,114,4,25.66,0.25
1429,473,150,1,227.77,0.25
1430,473,166,3,168.52,0.3
1431,473,101,1,292.97,0.25
1432,474,178,3,40.26,0.2
1433,474,166,3,192.6,0.2
1434,474,104,4,197.52,0.30000000000000004
1435,475,74,1,271.91,0.15
1436,475,110,3,85.76,0.2
1437,476,50,4,23.0,0.05
1438,476,147,2,200.34,0.05
1439,476,111,1,219.24,0.15000000000000002
1440,477,56,2,170.52,0.2
1441,477,172,2,119.34,0.2
1442,477,147,2,168.7,0.2
1443,477,41,4,162.29,0.2
1444,477,61,4,207.3,0.2
1445,478,122,3,228.48,0.2
1446,478,49,4,179.34,0.2
1447,478,121,1,323.5,0.25
1448,479,76,4,113.69,0.25
1449,480,125,2,35.18,0.2
1450,481,82,2,104.35,0.1
1451,482,177,1,216.43,0.2
1452,482,179,1,101.3,0.1
1453,482,122,2,257.04,0.1
1454,482,83,3,346.44,0.1
1455,482,77,4,395.34,0.2
1456,483,7,4,225.96,0.1
1457,484,108,3,260.05,0.1
1458,485,121,2,323.5,0.25
1459,485,105,3,146.88,0.25
1460,485,96,1,231.26,0.35
1461,485,158,3,76.16,0.35
1462,486,180,2,123.55,0.2
1463,486,106,2,210.73,0.2
1464,486,176,4,17.94,0.2
1465,486,33,1,161.59,0.25
1466,486,114,3,27.38,0.2
1467,487,50,3,20.58,0.15000000000000002
1468,487,126,1,53.91,0.05
1469,488,75,2,177.16,0.25
1470,488,127,2,111.1,0.15
1471,488,84,3,258.0,0.15
1472,489,49,4,168.13,0.25
1473,490,61,4,207.3,0.2
1474,490,16,1,99.34,0.25
1475,490,83,2,307.94,0.2
1476,491,63,2,224.96,0.2
1477,492,68,3,146.12,0.2
1478,492,115,4,367.57,0.15000000000000002
1479,492,16,4,119.2,0.1
1480,492,148,3,168.82,0.1
1481,492,40,2,155.93,0.1
1482,493,133,3,270.21,0.05
1483,493,19,2,263.36,0.0
1484,493,96,4,355.78,0.0
1485,493,162,3,98.56,0.0
1486,493,87,3,90.7,0.1
1487,494,31,2,49.35,0.25
1488,494,153,3,37.41,0.35
1489,494,21,2,19.12,0.3
1490,495,92,3,102.43,0.2
1491,495,116,1,318.38,0.2
1492,496,95,2,316.25,0.25
1493,496,79,3,53.58,0.25
1494,496,9,3,144.71,0.25
1495,496,122,1,214.2,0.25
1496,497,69,3,43.79,0.2
1497,497,23,3,300.38,0.2
1498,497,158,4,87.88,0.25
1499,497,99,4,45.12,0.2
1500,497,113,4,162.22,0.30000000000000004
1501,498,54,1,118.2,0.30000000000000004
1502,498,125,2,35.18,0.2
1503,498,95,1,337.33,0.2
1504,498,53,2,112.9,0.2
1505,498,72,1,90.89,0.2
1506,499,87,4,70.55,0.3
1507,499,139,2,302.46,0.25
1508,500,3,1,180.16,0.25
1509,500,147,2,147.62,0.3
1510,500,95,1,316.25,0.25
1511,500,46,1,42.34,0.25
1512,500,118,3,254.12,0.25
1513,501,81,3,290.45,0.15
1514,501,150,3,242.95,0.2
1515,501,12,2,207.36,0.15
1516,502,33,3,172.36,0.2
1517,502,82,2,104.35,0.1
1518,503,166,3,216.68,0.1
1519,504,92,3,102.43,0.2
1520,504,37,4,156.76,0.30000000000000004
1521,505,152,3,49.21,0.3
1522,505,139,4,262.13,0.35
1523,505,48,3,144.06,0.25
1524,506,38,1,197.17,0.25
1525,506,24,1,314.53,0.25
1526,507,46,4,53.63,0.05
1527,507,139,3,383.12,0.05
1528,507,165,2,177.11,0.1
1529,508,21,1,21.85,0.2
1530,508,16,1,105.96,0.2
1531,508,127,4,98.03,0.25
1532,508,143,2,103.56,0.30000000000000004
1533,509,28,2,367.17,0.1
1534,509,59,1,249.05,0.1
1535,509,14,3,116.54,0.1
1536,509,52,1,71.19,0.1
1537,509,164,2,176.26,0.15000000000000002
1538,510,143,2,103.56,0.3
1539,510,65,1,341.62,0.25
1540,510,19,3,197.52,0.25
1541,510,112,4,192.44,0.25
1542,510,85,4,75.67,0.25
1543,511,179,3,101.3,0.1
1544,512,110,3,80.4,0.25
1545,512,77,1,370.63,0.25
1546,512,134,1,88.65,0.35
1547,512,15,2,188.5,0.25
1548,512,106,1,184.39,0.3
1549,513,153,3,48.92,0.15000000000000002
1550,513,122,2,271.32,0.05
1551,513,103,3,131.28,0.1
1552,513,108,4,274.49,0.05
1553,513,131,3,112.13,0.05
1554,514,109,4,131.34,0.0
1555,514,96,3,355.78,0.0
1556,514,52,1,79.1,0.0
1557,515,149,2,153.53,0.1
1558,515,153,2,46.04,0.2
1559,515,135,4,353.81,0.1
1560,515,13,4,53.77,0.1
1561,516,42,4,141.11,0.35
1562,516,4,1,152.52,0.25
1563,516,21,3,20.48,0.25
1564,516,89,2,93.74,0.3
1565,517,179,1,112.55,0.0
1566,517,73,4,166.42,0.1
1567,517,78,1,344.32,0.0
1568,518,3,1,180.16,0.25
1569,518,36,3,48.49,0.25
1570,519,159,2,287.2,0.15
1571,519,96,1,302.41,0.15
1572,519,180,2,131.27,0.15
1573,520,30,2,146.06,0.1
1574,520,134,4,115.93,0.15000000000000002
1575,521,40,3,147.26,0.15000000000000002
1576,521,79,2,60.72,0.15000000000000002
1577,522,168,1,278.47,0.1
1578,522,169,2,91.92,0.1
1579,522,22,4,81.82,0.15000000000000002
1580,522,38,3,236.61,0.1
1581,523,102,2,242.41,0.2
1582,523,144,2,107.09,0.2
1583,523,11,4,202.57,0.15
1584,523,110,2,91.12,0.15
1585,524,70,3,283.1,0.2
1586,524,149,1,145.0,0.15
1587,525,26,1,313.02,0.1
1588,526,65,3,387.18,0.15
1589,526,99,3,47.94,0.15
1590,526,7,3,213.41,0.15
1591,526,178,4,40.26,0.2
1592,527,2,2,124.02,0.0
1593,528,51,4,222.6,0.25
1594,528,116,2,298.48,0.25
1595,529,31,1,59.22,0.1
1596,529,21,3,24.58,0.1
1597,529,98,2,137.68,0.15000000000000002
1598,529,100,3,256.12,0.15000000000000002
1599,530,170,1,11.72,0.25
1600,530,94,2,106.68,0.15
1601,530,72,4,90.89,0.2
1602,530,3,2,180.16,0.25
1603,531,178,2,37.74,0.25
1604,531,134,4,109.11,0.2
1605,531,78,2,258.24,0.25
1606,532,134,2,122.75,0.1
1607,532,41,1,182.57,0.1
1608,532,80,3,48.19,0.1
1609,532,64,1,187.89,0.2
1610,533,89,3,100.44,0.25
1611,533,55,2,233.3,0.2
1612,534,5,3,381.79,0.0
1613,535,163,3,292.46,0.2
1614,536,82,1,86.95,0.25
1615,536,154,3,19.59,0.25
1616,536,129,2,138.47,0.25
1617,536,89,4,93.74,0.3
1618,536,52,1,59.32,0.25
1619,537,76,2,128.85,0.15000000000000002
1620,537,23,4,300.38,0.2
1621,538,22,4,81.82,0.15
1622,539,57,2,240.91,0.25
1623,539,16,2,105.96,0.2
1624,539,9,3,154.36,0.2
1625,540,23,3,300.38,0.2
1626,541,73,4,138.68,0.25
1627,541,7,4,188.3,0.25
1628,541,98,1,105.29,0.35
1629,542,47,2,60.47,0.3
1630,542,139,2,302.46,0.25
1631,542,115,4,324.32,0.25
1632,542,35,2,37.87,0.3
1633,542,144,2,100.4,0.25
1634,543,64,1,176.15,0.25
1635,543,168,3,232.06,0.25
1636,543,25,3,18.65,0.2
1637,543,55,2,247.88,0.15
1638,543,54,4,143.53,0.15
1639,544,24,2,314.53,0.25
1640,544,123,4,109.54,0.30000000000000004
1641,544,80,1,42.83,0.2
1642,545,46,2,42.34,0.25
1643,545,173,4,295.34,0.35
1644,545,138,2,126.3,0.3
1645,546,119,2,132.69,0.1
1646,546,33,3,215.45,0.0
1647,546,56,3,213.15,0.0
1648,547,74,3,319.9,0.0
1649,547,116,4,358.17,0.1
1650,547,153,3,57.55,0.0
1651,548,127,4,98.03,0.25
1652,548,128,1,184.01,0.2
1653,548,19,4,210.69,0.2
1654,549,139,1,362.95,0.1
1655,549,139,3,362.95,0.1
1656,549,118,3,304.95,0.1
1657,549,77,2,444.76,0.1
1658,550,69,1,43.79,0.2
1659,551,107,3,141.79,0.15000000000000002
1660,551,140,1,223.06,0.2
1661,552,71,1,270.34,0.2
1662,552,112,4,205.27,0.2
1663,552,77,3,370.63,0.25
1664,552,33,3,183.13,0.15
1665,552,107,4,141.79,0.15
1666,553,128,3,184.01,0.2
1667,553,15,1,201.06,0.2
1668,553,35,3,43.28,0.2
1669,554,26,1,278.24,0.2
1670,554,107,4,141.79,0.15
1671,554,77,3,420.05,0.15
1672,554,154,1,19.59,0.25
1673,555,104,3,239.84,0.15
1674,556,179,2,78.78,0.3
1675,556,94,4,81.58,0.35
1676,557,141,3,92.45,0.25
1677,557,140,1,209.12,0.25
1678,557,179,4,78.78,0.3
1679,557,179,4,78.78,0.3
1680,558,137,3,46.44,0.3
1681,558,32,3,86.33,0.35
1682,558,65,2,296.07,0.35
1683,558,5,1,286.34,0.25
1684,558,137,3,46.44,0.3
1685,559,176,1,20.18,0.1
1686,559,133,1,255.99,0.1
1687,560,86,3,250.68,0.25
1688,560,6,1,41.89,0.25
1689,561,71,4,270.34,0.2
1690,561,91,4,322.35,0.2
1691,561,125,2,39.57,0.1
1692,561,142,1,333.06,0.1
1693,561,52,4,63.28,0.2
1694,562,64,3,176.15,0.25
1695,563,167,3,195.98,0.2
1696,563,68,4,164.39,0.1
1697,564,70,4,300.79,0.15
1698,565,87,1,80.62,0.2
1699,565,86,2,300.82,0.1
1700,566,115,1,324.32,0.25
1701,566,127,1,111.1,0.15
1702,566,154,1,20.9,0.2
1703,566,4,2,172.86,0.15
1704,566,118,1,288.01,0.15
1705,567,18,2,90.45,0.3
1706,567,167,3,183.73,0.25
1707,567,22,4,62.57,0.35
1708,567,10,3,315.85,0.35
1709,568,48,1,144.06,0.25
1710,568,100,1,256.12,0.15
1711,568,43,2,258.09,0.2
1712,568,76,1,121.27,0.2
1713,569,121,2,366.64,0.15
1714,569,10,1,413.04,0.15
1715,570,35,4,48.69,0.1
1716,570,58,4,251.7,0.2
1717,570,129,4,166.17,0.1
1718,571,72,2,96.57,0.15
1719,571,42,2,184.53,0.15
1720,571,22,2,72.2,0.25
1721,572,61,2,259.13,0.0
1722,572,19,2,263.36,0.0
1723,572,141,1,123.27,0.0
1724,572,94,1,112.96,0.1
1725,573,58,3,267.44,0.15000000000000002
1726,573,152,3,63.27,0.1
1727,573,92,1,102.43,0.2
1728,574,12,3,195.16,0.2
1729,574,112,1,205.27,0.2
1730,574,22,1,72.2,0.25
1731,574,102,4,242.41,0.2
1732,574,16,1,105.96,0.2
1733,575,24,3,419.37,0.0
1734,575,153,1,57.55,0.0
1735,575,24,3,419.37,0.0
1736,575,63,2,267.14,0.05
1737,576,3,2,204.18,0.15000000000000002
1738,577,38,2,170.88,0.35
1739,578,4,3,183.02,0.1
1740,578,142,4,333.06,0.1
1741,578,160,2,200.26,0.15000000000000002
1742,578,6,2,47.48,0.15000000000000002
1743,579,94,3,81.58,0.35
1744,579,10,3,340.15,0.3
1745,579,95,2,316.25,0.25
1746,580,83,4,288.7,0.25
1747,580,41,4,142.0,0.3
1748,581,22,4,72.2,0.25
1749,581,52,3,51.41,0.35
1750,581,82,1,86.95,0.25
1751,581,152,2,49.21,0.3
1752,581,56,3,159.86,0.25
1753,582,91,4,362.65,0.1
1754,582,96,4,302.41,0.15000000000000002
1755,582,27,1,98.89,0.1
1756,582,28,4,367.17,0.1
1757,582,66,2,107.45,0.1
1758,583,82,3,92.75,0.2
1759,583,122,3,257.04,0.1
1760,584,30,4,162.29,0.0
1761,584,36,1,64.66,0.0
1762,584,100,3,286.25,0.05
1763,584,151,4,223.47,0.05
1764,584,118,2,338.83,0.0
1765,585,6,4,39.1,0.3
1766,586,65,4,364.4,0.2
1767,586,161,2,216.55,0.15
1768,586,47,4,73.42,0.15
1769,586,13,3,44.8,0.25
1770,586,155,4,229.9,0.15
1771,587,19,3,263.36,0.0
1772,587,7,2,251.07,0.0
1773,587,71,3,337.92,0.0
1774,588,173,4,408.93,0.1
1775,589,58,1,283.17,0.1
1776,589,40,2,155.93,0.1
1777,589,162,2,78.85,0.2
1778,589,144,3,120.47,0.1
1779,589,128,1,195.51,0.15000000000000002
1780,590,126,2,42.56,0.25
1781,590,102,1,227.26,0.25
1782,591,92,2,96.03,0.25
1783,591,101,4,253.9,0.35
1784,591,145,3,264.61,0.25
1785,591,50,1,18.16,0.25
1786,591,167,1,183.73,0.25
1787,592,25,4,20.98,0.1
1788,592,164,1,207.37,0.0
1789,593,30,2,129.83,0.2
1790,593,57,4,273.03,0.15
1791,593,83,1,288.7,0.25
1792,594,34,2,333.1,0.2
1793,594,11,4,190.66,0.2
1794,595,12,3,195.16,0.2
1795,595,15,1,213.63,0.15
1796,595,123,4,133.01,0.15
1797,595,117,1,57.71,0.15
1798,595,166,4,180.56,0.25
1799,596,61,3,207.3,0.2
1800,597,129,4,129.24,0.3
1801,597,108,3,187.81,0.35
1802,597,121,2,323.5,0.25
1803,597,31,2,46.06,0.3
1804,597,42,1,162.82,0.25
1805,598,163,3,274.19,0.25
1806,598,68,1,155.25,0.15
1807,598,113,3,196.99,0.15
1808,598,80,1,45.51,0.15
1809,598,154,4,22.2,0.15
1810,599,136,2,243.13,0.1
1811,599,117,4,57.71,0.15000000000000002
1812,599,49,1,201.76,0.1
1813,599,172,2,119.34,0.2
1814,599,155,4,229.9,0.15000000000000002
1815,600,28,4,407.97,0.0
1816,601,25,4,19.81,0.15
1817,602,68,3,136.99,0.25
1818,603,48,2,144.06,0.25
1819,603,161,2,203.81,0.2
1820,603,33,1,172.36,0.2
1821,604,95,2,295.16,0.3
1822,604,114,2,25.66,0.25
1823,604,93,3,184.07,0.25
1824,604,158,2,76.16,0.35
1825,604,1,3,166.18,0.35
1826,605,162,4,98.56,0.0
1827,605,151,1,235.23,0.0
1828,606,73,3,184.91,0.0
1829,606,102,4,287.86,0.05
1830,606,145,4,352.81,0.0
1831,607,70,1,283.1,0.2
1832,607,101,3,332.03,0.15
1833,607,134,2,115.93,0.15
1834,608,64,3,176.15,0.25
1835,608,81,2,256.28,0.25
1836,608,146,1,96.15,0.3
1837,608,136,4,175.59,0.35
1838,609,172,3,126.8,0.15000000000000002
1839,609,156,1,136.16,0.1
1840,609,118,2,288.01,0.15000000000000002
1841,609,129,1,166.17,0.1
1842,609,124,3,41.46,0.1
1843,610,83,3,346.44,0.1
1844,610,7,1,225.96,0.1
1845,610,133,3,255.99,0.1
1846,610,26,3,278.24,0.2
1847,611,24,3,335.5,0.2
1848,611,179,3,90.04,0.2
1849,611,156,2,105.9,0.30000000000000004
1850,611,102,3,242.41,0.2
1851,612,93,3,184.07,0.25
1852,612,129,4,120.01,0.35
1853,612,137,3,49.76,0.25
1854,613,61,3,259.13,0.0
1855,613,43,2,322.61,0.0
1856,614,114,3,25.66,0.25
1857,614,137,4,46.44,0.30000000000000004
1858,614,60,3,173.02,0.2
1859,614,151,4,188.18,0.2
1860,615,3,4,228.2,0.05
1861,615,55,4,262.46,0.1
1862,615,177,1,257.01,0.05
1863,615,156,1,143.73,0.05
1864,615,177,2,257.01,0.05
1865,616,114,3,25.66,0.25
1866,616,74,1,239.92,0.25
1867,617,94,1,100.41,0.2
1868,617,3,3,192.17,0.2
1869,617,101,1,332.03,0.15
1870,618,158,1,117.17,0.0
1871,619,96,4,320.2,0.1
1872,619,101,1,351.56,0.1
1873,619,37,2,179.16,0.2
1874,620,107,3,125.11,0.25
1875,620,115,4,302.7,0.30000000000000004
1876,620,18,1,103.37,0.2
1877,621,161,1,216.55,0.15
1878,621,134,2,115.93,0.15
1879,621,13,1,44.8,0.25
1880,621,129,1,138.47,0.25
1881,622,41,3,182.57,0.1
1882,623,36,4,54.96,0.15000000000000002
1883,623,22,1,81.82,0.15000000000000002
1884,623,49,3,201.76,0.1
1885,623,62,4,305.02,0.15000000000000002
1886,623,144,1,120.47,0.1
1887,624,41,4,152.15,0.25
1888,625,88,2,185.27,0.15
1889,625,136,4,202.6,0.25
1890,625,71,2,287.23,0.15
1891,626,161,3,191.07,0.25
1892,626,52,2,55.37,0.3
1893,626,38,3,170.88,0.35
1894,626,131,2,88.52,0.25
1895,626,158,3,87.88,0.25
1896,627,140,1,223.06,0.2
1897,627,135,1,353.81,0.1
1898,628,173,3,340.78,0.25
1899,628,15,2,188.5,0.25
1900,628,58,3,251.7,0.2
1901,628,33,1,161.59,0.25
1902,629,31,2,62.51,0.05
1903,629,172,3,141.72,0.05
1904,629,69,2,46.53,0.15000000000000002
1905,629,51,1,281.96,0.05
1906,629,135,4,373.46,0.05
1907,630,64,3,187.89,0.2
1908,630,165,4,147.59,0.25
1909,630,107,4,133.45,0.2
1910,631,30,2,162.29,0.0
1911,632,98,4,145.78,0.1
1912,632,121,2,345.07,0.2
1913,632,175,3,104.95,0.1
1914,632,8,3,76.38,0.1
1915,633,51,2,207.76,0.30000000000000004
1916,633,39,1,183.16,0.2
1917,634,123,3,109.54,0.30000000000000004
1918,634,129,2,138.47,0.25
1919,635,59,3,179.87,0.35
1920,635,131,2,82.62,0.3
1921,635,139,3,302.46,0.25
1922,636,151,4,176.42,0.25
1923,636,134,2,109.11,0.2
1924,636,17,1,75.07,0.2
1925,636,35,3,43.28,0.2
1926,636,131,1,94.42,0.2
1927,637,16,4,92.71,0.30000000000000004
1928,637,130,4,120.52,0.2
1929,637,34,3,312.28,0.25
1930,638,149,2,145.0,0.15000000000000002
1931,638,79,4,64.3,0.1
1932,638,69,4,52.0,0.05
1933,638,72,4,102.25,0.1
1934,638,133,2,270.21,0.05
1935,639,132,4,122.1,0.35
1936,639,95,3,316.25,0.25
1937,639,42,4,162.82,0.25
1938,639,21,3,20.48,0.25
1939,640,38,4,223.46,0.15
1940,640,19,2,197.52,0.25
1941,640,14,1,103.59,0.2
1942,640,17,2,79.76,0.15
1943,641,161,4,165.59,0.35
1944,642,111,1,206.34,0.2
1945,642,63,4,224.96,0.2
1946,642,79,3,60.72,0.15
1947,642,111,1,219.24,0.15
1948,643,105,4,176.26,0.1
1949,643,125,2,35.18,0.2
1950,643,150,4,273.32,0.1
1951,643,78,2,309.89,0.1
1952,644,147,2,189.79,0.1
1953,645,89,4,93.74,0.30000000000000004
1954,645,27,2,87.9,0.2
1955,645,70,2,265.4,0.25
1956,645,6,4,44.69,0.2
1957,645,29,4,200.95,0.30000000000000004
1958,646,14,3,116.54,0.1
1959,646,15,1,213.63,0.15000000000000002
1960,646,83,1,346.44,0.1
1961,647,63,2,253.08,0.1
1962,647,151,1,223.47,0.05
1963,648,117,2,57.71,0.15
1964,649,34,4,416.37,0.0
1965,649,112,3,256.59,0.0
1966,649,3,2,240.21,0.0
1967,649,58,3,298.9,0.05
1968,650,151,2,211.71,0.1
1969,650,124,2,39.16,0.15000000000000002
1970,650,143,1,133.15,0.1
1971,650,27,1,87.9,0.2
1972,651,30,2,121.72,0.25
1973,651,125,4,28.58,0.35
1974,651,54,3,109.76,0.35
1975,651,124,3,29.95,0.35
1976,652,163,1,255.91,0.3
1977,652,141,4,80.13,0.35
1978,652,42,1,141.11,0.35
1979,653,85,4,90.8,0.1
1980,653,88,2,196.16,0.1
1981,653,18,1,103.37,0.2
1982,653,121,2,388.21,0.1
1983,653,50,2,21.79,0.1
1984,654,163,1,274.19,0.25
1985,654,135,1,294.84,0.25
1986,654,99,1,36.66,0.35
1987,654,178,4,32.71,0.35
1988,654,158,4,82.02,0.3
1989,655,100,2,195.86,0.35
1990,656,174,3,225.45,0.35
1991,656,125,3,28.58,0.35
1992,656,93,1,184.07,0.25
1993,656,63,1,196.84,0.3
1994,657,142,2,333.06,0.1
1995,657,93,1,233.16,0.05
1996,657,115,3,389.19,0.1
1997,657,39,4,228.95,0.0
1998,657,130,3,150.65,0.0
1999,658,80,3,34.8,0.35
2000,658,86,4,217.26,0.35
2001,658,65,1,341.62,0.25
2002,658,18,3,83.99,0.35
2003,659,54,3,151.97,0.1
2004,659,40,2,138.6,0.2
2005,659,131,1,106.23,0.1
2006,659,140,3,250.94,0.1
2007,659,68,1,164.39,0.1
2008,660,158,4,99.59,0.15000000000000002
2009,661,14,1,116.54,0.1
2010,661,145,4,299.89,0.15000000000000002
2011,661,71,1,304.13,0.1
2012,661,78,2,309.89,0.1
2013,662,32,3,106.25,0.2
2014,662,125,4,35.18,0.2
2015,662,106,4,210.73,0.2
2016,662,75,4,165.35,0.30000000000000004
2017,662,40,4,138.6,0.2
2018,663,115,1,389.19,0.1
2019,663,74,2,287.91,0.1
2020,664,158,4,93.74,0.2
2021,665,79,3,57.15,0.2
2022,665,108,3,216.7,0.25
2023,665,50,2,19.37,0.2
2024,665,10,4,364.45,0.25
2025,666,7,3,251.07,0.0
2026,666,43,2,322.61,0.0
2027,667,1,3,204.53,0.2
2028,667,148,4,131.31,0.30000000000000004
2029,668,3,4,216.19,0.1
2030,668,98,2,145.78,0.1
2031,668,162,1,78.85,0.2
2032,668,11,3,202.57,0.15000000000000002
2033,669,65,1,341.62,0.25
2034,669,174,3,294.81,0.15
2035,670,112,3,230.93,0.1
2036,671,136,4,243.13,0.1
2037,672,136,2,229.62,0.15000000000000002
2038,672,102,2,272.71,0.1
2039,672,3,3,216.19,0.1
2040,672,125,4,39.57,0.1
2041,673,74,2,223.93,0.3
2042,673,168,1,201.12,0.35
2043,673,171,4,96.43,0.35
2044,674,76,1,136.43,0.1
2045,674,155,4,216.38,0.2
2046,674,143,1,133.15,0.1
2047,674,171,2,133.51,0.1
2048,675,53,1,105.85,0.25
2049,675,144,1,93.7,0.3
2050,675,93,1,184.07,0.25
2051,675,133,2,184.88,0.35
2052,675,171,1,111.26,0.25
2053,676,49,2,179.34,0.2
2054,677,14,1,123.02,0.05
2055,677,139,2,362.95,0.1
2056,677,41,3,202.86,0.0
2057,677,90,1,301.55,0.0
2058,677,113,3,231.75,0.0
2059,678,112,1,179.61,0.30000000000000004
2060,678,99,1,45.12,0.2
2061,678,112,4,205.27,0.2
2062,679,32,1,132.81,0.0
2063,679,171,2,133.51,0.1
2064,679,41,4,202.86,0.0
2065,679,105,2,186.05,0.05
2066,679,125,1,39.57,0.1
2067,680,152,2,59.75,0.15000000000000002
2068,680,105,1,176.26,0.1
2069,680,151,3,211.71,0.1
2070,681,72,3,85.21,0.25
2071,681,56,3,159.86,0.25
2072,682,32,3,99.61,0.25
2073,682,91,3,342.5,0.15
2074,682,2,2,105.42,0.15
2075,682,119,2,125.32,0.15
2076,682,31,2,55.93,0.15
2077,683,129,3,138.47,0.25
2078,683,39,1,171.71,0.25
2079,683,43,2,258.09,0.2
2080,683,171,3,126.1,0.15
2081,684,128,3,184.01,0.2
2082,685,126,1,42.56,0.25
2083,685,127,2,98.03,0.25
2084,685,134,3,88.65,0.35
2085,686,44,3,238.16,0.15000000000000002
2086,686,76,2,144.01,0.05
2087,686,59,4,249.05,0.1
2088,686,177,4,243.49,0.1
2089,686,2,4,111.62,0.1
2090,687,110,2,85.76,0.2
2091,687,115,1,345.94,0.2
2092,687,78,3,258.24,0.25
2093,688,9,3,173.66,0.1
2094,688,5,3,305.43,0.2
2095,688,145,4,282.25,0.2
2096,688,88,2,174.37,0.2
2097,688,148,1,150.06,0.2
2098,689,53,1,127.02,0.1
2099,689,106,4,250.24,0.05
2100,689,78,2,327.1,0.05
2101,689,123,2,156.48,0.0
2102,690,147,1,137.07,0.35
2103,690,78,4,258.24,0.25
2104,690,174,1,242.79,0.3
2105,690,124,2,34.55,0.25
2106,691,9,4,135.06,0.3
2107,692,74,4,271.91,0.15
2108,692,179,1,95.67,0.15
2109,692,33,4,161.59,0.25
2110,692,171,2,126.1,0.15
2111,693,170,1,11.72,0.25
2112,693,117,2,50.92,0.25
2113,693,127,3,98.03,0.25
2114,693,124,2,29.95,0.35
2115,693,71,2,236.54,0.3
2116,694,68,4,136.99,0.25
2117,694,92,4,102.43,0.2
2118,694,12,4,195.16,0.2
2119,694,69,1,41.05,0.25
2120,694,152,3,59.75,0.15
2121,695,151,3,235.23,0.0
2122,696,164,2,145.16,0.30000000000000004
2123,696,83,2,307.94,0.2
2124,696,71,3,253.44,0.25
2125,696,107,2,133.45,0.2
2126,696,80,3,42.83,0.2
2127,697,94,1,100.41,0.2
2128,697,89,3,100.44,0.25
2129,697,20,2,119.81,0.15
2130,697,67,4,262.45,0.25
2131,698,25,2,16.32,0.30000000000000004
2132,698,172,1,119.34,0.2
2133,698,31,2,52.64,0.2
2134,699,127,2,98.03,0.25
2135,699,22,4,72.2,0.25
2136,699,174,2,225.45,0.35
2137,699,19,1,197.52,0.25
2138,700,150,1,242.95,0.2
2139,700,141,2,98.62,0.2
2140,700,161,1,203.81,0.2
2141,701,135,4,353.81,0.1
2142,701,94,1,112.96,0.1
2143,701,97,3,216.86,0.1
2144,702,28,3,367.17,0.1
2145,702,117,3,61.1,0.1
2146,702,98,2,129.58,0.2
2147,703,133,4,213.32,0.25
2148,704,56,3,191.84,0.1
2149,704,38,3,236.61,0.1
2150,704,77,3,444.76,0.1
2151,704,159,2,304.09,0.1
2152,705,123,4,125.18,0.2
2153,705,55,1,233.3,0.2
2154,706,56,1,149.2,0.30000000000000004
2155,706,23,1,300.38,0.2
2156,706,130,3,105.45,0.30000000000000004
2157,706,87,1,70.55,0.30000000000000004
2158,707,77,4,444.76,0.1
2159,708,115,3,367.57,0.15
2160,708,61,3,194.35,0.25
2161,708,99,1,47.94,0.15
2162,708,41,3,172.43,0.15
2163,709,107,3,141.79,0.15
2164,709,114,3,29.09,0.15
2165,710,25,2,18.65,0.2
2166,710,83,3,307.94,0.2
2167,710,61,1,207.3,0.2
2168,711,110,2,91.12,0.15
2169,712,140,1,264.88,0.05
2170,712,162,1,93.63,0.05
2171,713,80,1,34.8,0.35
2172,713,47,1,56.15,0.35
2173,714,41,1,162.29,0.2
2174,714,132,2,131.49,0.30000000000000004
2175,714,39,4,183.16,0.2
2176,715,78,4,258.24,0.25
2177,715,105,1,146.88,0.25
2178,715,81,2,256.28,0.25
2179,715,125,2,32.98,0.25
2180,715,128,1,172.51,0.25
2181,716,132,1,140.89,0.25
2182,716,177,1,202.91,0.25
2183,716,128,3,172.51,0.25
2184,716,80,3,40.16,0.25
2185,716,46,4,39.52,0.3
2186,717,136,1,229.62,0.15
2187,717,134,4,109.11,0.2
2188,717,33,1,161.59,0.25
2189,717,128,4,184.01,0.2
2190,718,178,4,40.26,0.2
2191,719,18,3,103.37,0.2
2192,719,114,1,30.8,0.1
2193,720,67,4,297.44,0.15
2194,721,78,1,344.32,0.0
2195,721,80,4,53.54,0.0
2196,721,159,3,337.88,0.0
2197,722,7,4,200.86,0.2
2198,722,10,4,340.15,0.30000000000000004
2199,722,3,4,192.17,0.2
2200,723,147,1,189.79,0.1
2201,723,47,2,77.74,0.1
2202,723,26,2,313.02,0.1
2203,724,87,1,80.62,0.2
2204,724,30,1,121.72,0.25
2205,724,85,4,70.62,0.30000000000000004
2206,724,172,4,111.89,0.25
2207,724,101,1,312.5,0.2
2208,725,47,1,69.1,0.2
2209,725,52,2,59.32,0.25
2210,725,53,4,105.85,0.25
2211,726,34,1,374.73,0.1
2212,727,61,4,220.26,0.15000000000000002
2213,727,171,2,133.51,0.1
2214,727,173,2,408.93,0.1
2215,728,18,3,103.37,0.2
2216,728,47,3,73.42,0.15000000000000002
2217,729,91,4,322.35,0.2
2218,730,107,2,125.11,0.25
2219,730,175,1,87.46,0.25
2220,730,91,4,302.2,0.25
2221,730,115,3,281.08,0.35
2222,731,90,1,256.32,0.15
2223,731,16,2,112.58,0.15
2224,731,95,2,358.41,0.15
2225,731,54,3,143.53,0.15
2226,731,81,2,256.28,0.25
2227,732,31,1,46.06,0.30000000000000004
2228,732,128,1,184.01,0.2
2229,732,20,2,105.71,0.25
2230,732,160,3,176.7,0.25
2231,732,172,1,119.34,0.2
2232,733,103,4,109.4,0.25
2233,733,36,3,42.03,0.35
2234,734,55,1,233.3,0.2
2235,734,157,3,213.21,0.2
2236,735,105,1,156.67,0.2
2237,735,74,2,255.92,0.2
2238,735,174,3,242.79,0.30000000000000004
2239,735,176,2,16.82,0.25
2240,736,136,4,202.6,0.25
2241,736,56,1,149.2,0.3
2242,736,140,4,195.17,0.3
2243,736,138,3,135.32,0.25
2244,736,90,3,226.16,0.25
2245,737,100,4,225.99,0.25
2246,737,30,2,129.83,0.2
2247,738,40,4,138.6,0.2
2248,738,137,1,53.08,0.2
2249,739,68,2,146.12,0.2
2250,740,175,3,87.46,0.25
2251,740,81,4,273.37,0.2
2252,740,50,4,16.95,0.30000000000000004
2253,740,28,3,326.38,0.2
2254,741,4,2,152.52,0.25
2255,741,31,2,49.35,0.25
2256,741,126,4,36.89,0.35
2257,741,74,1,207.94,0.35
2258,741,77,2,345.93,0.3
2259,742,35,4,51.39,0.05
2260,742,169,4,91.92,0.1
2261,742,25,3,22.14,0.05
2262,743,131,1,118.03,0.0
2263,743,109,2,118.21,0.1
2264,743,17,3,93.84,0.0
2265,744,33,1,172.36,0.2
2266,744,111,3,219.24,0.15000000000000002
2267,744,177,1,229.96,0.15000000000000002
2268,744,68,2,146.12,0.2
2269,745,89,4,127.22,0.05
2270,745,46,3,50.81,0.1
2271,745,120,2,312.12,0.1
2272,746,63,2,224.96,0.2
2273,746,112,3,179.61,0.30000000000000004
2274,746,110,2,85.76,0.2
2275,746,141,3,98.62,0.2
2276,746,95,4,316.25,0.25
2277,747,116,3,338.27,0.15
2278,747,124,2,39.16,0.15
2279,747,82,3,98.55,0.15
2280,747,71,3,287.23,0.15
2281,748,20,3,126.85,0.1
2282,748,103,3,116.7,0.2
2283,748,73,1,157.17,0.15000000000000002
2284,749,87,3,90.7,0.1
2285,750,54,1,151.97,0.1
2286,750,59,1,276.72,0.0
2287,750,170,2,15.63,0.0
2288,750,71,1,337.92,0.0
2289,751,33,2,161.59,0.25
2290,751,58,4,235.97,0.25
2291,751,178,2,37.74,0.25
2292,752,109,1,105.07,0.2
2293,752,103,4,131.28,0.1
2294,752,14,2,116.54,0.1
2295,752,38,2,236.61,0.1
2296,753,158,1,87.88,0.25
2297,753,51,2,222.6,0.25
2298,754,74,2,239.92,0.25
2299,754,122,3,199.92,0.3
2300,754,67,2,262.45,0.25
2301,755,158,4,93.74,0.2
2302,755,68,3,136.99,0.25
2303,755,106,3,210.73,0.2
2304,755,79,1,50.01,0.30000000000000004
2305,756,158,4,87.88,0.25
2306,756,19,2,197.52,0.25
2307,756,140,2,209.12,0.25
2308,757,19,2,184.35,0.3
2309,757,51,2,222.6,0.25
2310,758,15,1,188.5,0.25
2311,758,75,1,188.98,0.2
2312,758,3,2,192.17,0.2
2313,759,73,2,138.68,0.25
2314,759,22,2,72.2,0.25
2315,760,101,4,332.03,0.15
2316,760,94,4,106.68,0.15
2317,760,72,1,90.89,0.2
2318,760,15,3,188.5,0.25
2319,761,166,3,204.64,0.15
2320,761,153,2,48.92,0.15
2321,761,57,3,273.03,0.15
2322,761,139,4,342.79,0.15
2323,762,112,3,166.78,0.35
2324,762,58,1,235.97,0.25
2325,762,35,2,40.58,0.25
2326,762,150,1,227.77,0.25
2327,762,10,1,364.45,0.25
2328,763,176,3,16.82,0.25
2329,763,63,4,210.9,0.25
2330,763,86,1,217.26,0.35
2331,763,170,3,11.72,0.25
2332,764,174,1,277.47,0.2
2333,764,51,2,237.44,0.2
2334,764,73,1,138.68,0.25
2335,764,54,3,135.09,0.2
2336,764,17,4,70.38,0.25
2337,765,46,3,53.63,0.05
2338,766,54,3,135.09,0.2
2339,766,55,1,218.72,0.25
2340,766,152,2,52.72,0.25
2341,766,14,2,110.07,0.15
2342,766,71,2,287.23,0.15
2343,767,119,3,125.32,0.15
2344,767,115,4,367.57,0.15
2345,767,147,2,179.25,0.15
2346,767,138,3,153.37,0.15
2347,767,79,2,60.72,0.15
2348,768,58,4,251.7,0.2
2349,768,101,4,312.5,0.2
2350,768,56,1,159.86,0.25
2351,768,168,1,247.53,0.2
2352,768,163,3,274.19,0.25
2353,769,3,2,180.16,0.25
2354,769,133,3,213.32,0.25
2355,769,50,3,18.16,0.25
2356,770,137,2,63.03,0.05
2357,770,144,3,120.47,0.1
2358,770,45,4,180.57,0.0
2359,770,179,1,112.55,0.0
2360,771,46,4,47.98,0.15
2361,771,49,3,190.55,0.15
2362,772,94,4,125.51,0.0
2363,772,51,4,296.8,0.0
2364,772,10,2,437.34,0.1
2365,772,88,3,196.16,0.1
2366,773,128,4,184.01,0.2
2367,773,164,4,165.9,0.2
2368,773,99,1,45.12,0.2
2369,774,45,4,144.46,0.2
2370,774,27,2,82.41,0.25
2371,774,67,4,279.94,0.2
2372,774,117,1,47.52,0.30000000000000004
2373,774,59,3,221.38,0.2
2374,775,78,4,258.24,0.25
2375,776,48,2,134.46,0.30000000000000004
2376,776,120,2,277.44,0.2
2377,776,63,2,210.9,0.25
2378,776,105,2,156.67,0.2
2379,777,110,2,101.84,0.05
2380,777,60,4,216.28,0.0
2381,777,146,3,123.62,0.1
2382,777,48,1,182.48,0.05
2383,777,1,4,230.09,0.1
2384,778,16,3,92.71,0.30000000000000004
2385,778,39,4,183.16,0.2
2386,778,168,4,216.59,0.30000000000000004
2387,778,24,2,293.56,0.30000000000000004
2388,779,31,1,49.35,0.25
2389,779,103,2,109.4,0.25
2390,779,42,1,162.82,0.25
2391,780,138,2,162.39,0.1
2392,781,97,3,180.72,0.25
2393,781,164,3,155.53,0.25
2394,781,161,4,191.07,0.25
2395,781,142,3,277.55,0.25
2396,782,66,1,101.48,0.15
2397,782,9,4,164.01,0.15
2398,783,157,4,186.56,0.3
2399,783,32,4,86.33,0.35
2400,783,105,1,146.88,0.25
2401,783,94,1,94.13,0.25
2402,784,97,2,180.72,0.25
2403,784,168,1,247.53,0.2
2404,785,9,3,144.71,0.25
2405,785,66,2,101.48,0.15
2406,785,157,2,226.53,0.15
2407,786,36,1,58.19,0.1
2408,786,70,4,318.48,0.1
2409,786,173,2,408.93,0.1
2410,786,98,4,137.68,0.15000000000000002
2411,787,103,3,145.87,0.0
2412,787,172,1,149.18,0.0
2413,788,93,1,159.53,0.35
2414,788,84,4,227.65,0.25
2415,789,160,1,153.14,0.35
2416,789,26,4,226.07,0.35
2417,789,38,2,197.17,0.25
2418,789,63,3,210.9,0.25
2419,790,93,3,184.07,0.25
2420,791,103,2,123.99,0.15
2421,791,149,3,145.0,0.15
2422,791,169,2,86.81,0.15
2423,792,137,2,49.76,0.25
2424,792,154,4,18.28,0.3
2425,792,54,1,109.76,0.35
2426,792,53,4,105.85,0.25
2427,793,115,3,302.7,0.3
2428,793,72,4,73.85,0.35
2429,793,136,4,189.1,0.3
2430,793,109,1,85.37,0.35
2431,793,175,3,87.46,0.25
2432,794,174,1,312.16,0.1
2433,794,50,2,19.37,0.2
2434,794,41,3,182.57,0.1
2435,794,178,4,45.29,0.1
2436,794,70,4,283.1,0.2
2437,795,147,1,189.79,0.1
2438,796,163,4,237.63,0.35
2439,796,31,1,49.35,0.25
2440,796,67,1,227.45,0.35
2441,796,29,2,200.95,0.3
2442,796,176,4,14.57,0.35
2443,797,14,3,103.59,0.2
2444,798,164,3,207.37,0.0
2445,798,146,1,137.36,0.0
2446,799,96,4,249.05,0.30000000000000004
2447,799,121,4,345.07,0.2
2448,800,25,3,23.31,0.0
2449,800,118,4,304.95,0.1
2450,801,57,2,321.21,0.0
2451,801,133,4,284.43,0.0
2452,801,14,3,123.02,0.05
2453,801,31,1,65.8,0.0
2454,801,143,2,140.54,0.05
2455,802,103,3,131.28,0.1
2456,802,2,4,124.02,0.0
2457,803,46,1,50.81,0.1
2458,803,44,2,252.17,0.1
2459,804,139,3,403.28,0.0
2460,804,180,2,154.44,0.0
2461,804,95,4,379.49,0.1
2462,804,105,1,195.84,0.0
2463,804,139,2,403.28,0.0
2464,805,89,4,107.14,0.2
2465,806,164,2,186.63,0.1
2466,807,132,1,169.06,0.1
2467,807,69,3,49.27,0.1
2468,807,11,4,214.49,0.1
2469,808,8,3,72.14,0.15000000000000002
2470,808,179,1,106.92,0.05
2471,809,145,4,264.61,0.25
2472,809,53,1,105.85,0.25
2473,809,111,2,180.55,0.30000000000000004
2474,809,56,1,149.2,0.30000000000000004
2475,809,148,1,131.31,0.30000000000000004
2476,810,22,3,62.57,0.35
2477,810,147,2,158.16,0.25
2478,810,117,4,47.52,0.3
2479,810,124,3,34.55,0.25
2480,811,48,4,182.48,0.05
2481,811,32,2,126.17,0.05
2482,812,65,2,455.5,0.0
2483,812,141,1,117.11,0.05
2484,812,165,4,196.79,0.0
2485,813,180,2,115.83,0.25
2486,813,39,4,194.61,0.15
2487,814,166,2,240.75,0.0
2488,815,94,4,81.58,0.35
2489,815,129,1,138.47,0.25
2490,815,81,4,256.28,0.25
2491,815,115,4,324.32,0.25
2492,816,22,1,72.2,0.25
2493,816,157,4,199.88,0.25
2494,817,159,3,219.62,0.35
2495,818,77,2,420.05,0.15000000000000002
2496,818,115,3,389.19,0.1
2497,818,3,3,216.19,0.1
2498,818,133,1,255.99,0.1
2499,819,89,2,100.44,0.25
2500,819,148,1,121.93,0.35
2501,819,96,1,249.05,0.3
2502,819,134,1,88.65,0.35
2503,819,65,2,318.85,0.3
2504,820,43,4,241.96,0.25
2505,820,66,4,83.57,0.3
2506,820,112,3,192.44,0.25
2507,820,174,2,260.13,0.25
2508,821,18,1,122.75,0.05
2509,821,177,3,257.01,0.05
2510,822,29,2,215.3,0.25
2511,822,42,3,162.82,0.25
2512,823,22,1,81.82,0.15
2513,823,73,1,138.68,0.25
2514,823,110,4,91.12,0.15
2515,823,76,1,113.69,0.25
2516,824,22,2,81.82,0.15000000000000002
2517,824,93,4,220.89,0.1
2518,825,58,3,235.97,0.25
2519,825,72,2,85.21,0.25
2520,825,72,4,85.21,0.25
2521,825,123,4,101.71,0.35
2522,825,38,1,197.17,0.25
2523,826,36,2,51.73,0.2
2524,826,99,3,50.76,0.1
2525,826,34,4,374.73,0.1
2526,826,157,2,239.86,0.1
2527,827,96,1,249.05,0.30000000000000004
2528,827,14,4,103.59,0.2
2529,827,177,1,216.43,0.2
2530,827,9,2,154.36,0.2
2531,827,2,2,99.22,0.2
2532,828,87,3,75.59,0.25
2533,828,47,3,64.78,0.25
2534,828,8,2,59.41,0.3
2535,828,5,2,286.34,0.25
2536,828,160,2,153.14,0.35
2537,829,132,1,140.89,0.25
2538,829,48,2,163.27,0.15
2539,829,53,4,105.85,0.25
2540,829,61,1,207.3,0.2
2541,829,93,1,196.34,0.2
2542,830,180,4,123.55,0.2
2543,830,101,3,312.5,0.2
2544,830,11,3,178.74,0.25
2545,830,119,2,110.57,0.25
2546,831,124,3,34.55,0.25
2547,831,137,4,49.76,0.25
2548,831,155,2,202.85,0.25
2549,831,109,1,98.5,0.25
2550,831,75,4,153.54,0.35
2551,832,1,2,230.09,0.1
2552,832,164,3,165.9,0.2
2553,832,28,2,326.38,0.2
2554,833,111,2,206.34,0.2
2555,833,165,4,157.43,0.2
2556,833,39,2,183.16,0.2
2557,833,74,2,255.92,0.2
2558,833,55,2,233.3,0.2
2559,834,150,4,273.32,0.1
2560,834,85,4,95.85,0.05
2561,835,45,3,135.43,0.25
2562,835,37,1,167.96,0.25
2563,835,180,2,115.83,0.25
2564,835,16,4,99.34,0.25
2565,835,40,1,112.61,0.35
2566,836,177,1,229.96,0.15000000000000002
2567,836,63,3,239.02,0.15000000000000002
2568,836,163,3,347.3,0.05
2569,836,169,1,91.92,0.1
2570,836,165,3,186.95,0.05
2571,837,8,1,59.41,0.30000000000000004
2572,837,13,1,47.79,0.2
2573,837,41,4,142.0,0.30000000000000004
2574,837,32,3,106.25,0.2
2575,837,11,4,190.66,0.2
2576,838,111,3,232.14,0.1
2577,838,32,2,132.81,0.0
2578,838,31,3,65.8,0.0
2579,838,107,3,166.81,0.0
2580,839,111,2,206.34,0.2
2581,839,73,1,147.93,0.2
2582,840,27,4,76.92,0.3
2583,840,153,1,40.28,0.3
2584,840,89,1,93.74,0.3
2585,840,137,2,49.76,0.25
2586,840,20,1,98.66,0.3
2587,841,102,2,257.56,0.15
2588,841,180,4,115.83,0.25
2589,842,14,3,90.64,0.30000000000000004
2590,842,176,1,15.69,0.30000000000000004
2591,842,84,2,227.65,0.25
2592,843,110,3,85.76,0.2
2593,844,22,2,62.57,0.35
2594,844,14,3,97.12,0.25
2595,844,164,4,155.53,0.25
2596,844,175,2,81.63,0.3
2597,845,29,1,244.01,0.15000000000000002
2598,845,158,3,93.74,0.2
2599,845,164,1,186.63,0.1
2600,845,162,4,88.7,0.1
2601,845,19,2,210.69,0.2
2602,846,74,2,303.9,0.05
2603,846,6,3,55.86,0.0
2604,847,10,2,340.15,0.30000000000000004
2605,848,148,2,121.93,0.35
2606,848,165,1,147.59,0.25
2607,848,55,2,218.72,0.25
2608,849,128,1,184.01,0.2
2609,849,118,2,237.18,0.30000000000000004
2610,849,114,4,27.38,0.2
2611,849,45,4,144.46,0.2
2612,850,5,1,305.43,0.2
2613,850,152,1,52.72,0.25
2614,850,71,4,287.23,0.15
2615,850,109,1,111.64,0.15
2616,851,151,4,199.95,0.15
2617,852,157,1,213.21,0.2
2618,853,10,4,340.15,0.30000000000000004
2619,853,83,1,307.94,0.2
2620,853,122,2,199.92,0.30000000000000004
2621,853,167,1,183.73,0.25
2622,854,116,4,318.38,0.2
2623,854,58,4,220.24,0.30000000000000004
2624,854,9,1,135.06,0.30000000000000004
2625,854,169,1,81.7,0.2
2626,854,106,2,184.39,0.30000000000000004
2627,855,6,1,50.27,0.1
2628,856,28,2,346.77,0.15
2629,856,51,2,252.28,0.15
2630,856,134,3,115.93,0.15
2631,857,152,1,49.21,0.30000000000000004
2632,857,73,1,147.93,0.2
2633,857,157,1,213.21,0.2
2634,858,17,3,75.07,0.2
2635,858,21,4,24.58,0.1
2636,859,9,3,135.06,0.3
2637,859,126,3,42.56,0.25
2638,859,38,3,184.03,0.3
2639,859,106,2,171.22,0.35
2640,859,110,4,80.4,0.25
2641,860,13,3,41.82,0.30000000000000004
2642,861,54,3,151.97,0.1
2643,861,93,2,208.62,0.15000000000000002
2644,861,14,4,110.07,0.15000000000000002
2645,861,179,2,101.3,0.1
2646,862,7,2,238.52,0.05
2647,862,169,3,91.92,0.1
2648,862,20,2,126.85,0.1
2649,862,156,1,143.73,0.05
2650,863,151,1,164.66,0.3
2651,863,87,4,65.51,0.35
2652,863,153,2,40.28,0.3
2653,864,30,4,121.72,0.25
2654,865,118,2,271.06,0.2
2655,866,145,2,317.53,0.1
2656,866,154,3,22.2,0.15000000000000002
2657,866,124,2,41.46,0.1
2658,867,110,2,96.48,0.1
2659,868,65,1,387.18,0.15
2660,868,162,1,78.85,0.2
2661,868,41,1,172.43,0.15
2662,868,168,4,247.53,0.2
2663,869,155,4,216.38,0.2
2664,869,47,1,60.47,0.30000000000000004
2665,869,14,1,103.59,0.2
2666,869,117,4,54.31,0.2
2667,870,17,4,79.76,0.15
2668,871,26,3,295.63,0.15
2669,871,135,1,314.5,0.2
2670,871,129,4,156.94,0.15
2671,872,33,3,193.91,0.1
2672,872,38,4,236.61,0.1
2673,872,10,2,437.34,0.1
2674,872,100,3,241.06,0.2
2675,873,174,2,312.16,0.1
2676,874,150,1,212.58,0.30000000000000004
2677,874,6,1,44.69,0.2
2678,874,144,3,107.09,0.2
2679,874,34,3,333.1,0.2
2680,875,157,1,199.88,0.25
2681,876,66,1,119.39,0.0
2682,876,121,4,409.77,0.05
2683,876,142,2,370.07,0.0
2684,876,91,1,362.65,0.1
2685,876,133,1,255.99,0.1
2686,877,173,3,340.78,0.25
2687,877,84,4,212.47,0.3
2688,877,145,4,264.61,0.25
2689,877,128,2,172.51,0.25
2690,878,48,3,144.06,0.25
2691,879,10,3,437.34,0.1
2692,880,42,3,141.11,0.35
2693,880,149,2,127.94,0.25
2694,880,179,3,84.41,0.25
2695,880,47,3,64.78,0.25
2696,881,173,4,454.37,0.0
2697,882,147,1,158.16,0.25
2698,882,91,3,302.2,0.25
2699,883,76,3,128.85,0.15
2700,883,23,3,281.61,0.25
2701,884,150,4,242.95,0.2
2702,884,82,1,92.75,0.2
2703,885,28,3,265.18,0.35
2704,885,83,3,288.7,0.25
2705,885,32,3,99.61,0.25
2706,886,121,2,345.07,0.2
2707,887,27,2,98.89,0.1
2708,887,29,2,244.01,0.15000000000000002
2709,888,107,3,141.79,0.15
2710,888,68,2,155.25,0.15
2711,888,152,2,52.72,0.25
2712,889,19,4,263.36,0.0
2713,889,87,4,100.78,0.0
2714,890,51,3,267.12,0.1
2715,890,143,2,133.15,0.1
2716,890,77,2,469.47,0.05
2717,890,14,4,116.54,0.1
2718,890,99,3,56.4,0.0
2719,891,27,1,82.41,0.25
2720,891,124,4,36.86,0.2
2721,892,17,1,93.84,0.0
2722,892,1,2,255.66,0.0
2723,893,30,3,137.95,0.15
2724,893,162,3,83.78,0.15
2725,893,91,4,342.5,0.15
2726,893,107,4,125.11,0.25
2727,894,5,2,343.61,0.1
2728,894,123,2,148.66,0.05
2729,894,3,4,228.2,0.05
2730,894,74,1,287.91,0.1
2731,895,104,3,239.84,0.15
2732,895,108,1,231.15,0.2
2733,895,41,1,152.15,0.25
2734,895,108,3,245.6,0.15
2735,896,41,3,202.86,0.0
2736,896,145,2,317.53,0.1
2737,896,149,1,170.59,0.0
2738,896,133,4,270.21,0.05
2739,896,139,2,403.28,0.0
2740,897,76,4,136.43,0.1
2741,897,167,2,220.47,0.1
2742,897,87,1,90.7,0.1
2743,897,150,1,303.69,0.0
2744,897,5,1,381.79,0.0
2745,898,139,2,262.13,0.35
2746,898,141,2,80.13,0.35
2747,898,32,2,99.61,0.25
2748,899,50,3,24.21,0.0
2749,900,86,2,267.39,0.2
2750,900,2,2,99.22,0.2
2751,900,32,1,99.61,0.25
2752,900,111,3,193.45,0.25
2753,900,76,4,121.27,0.2
2754,901,118,2,254.12,0.25
2755,901,95,1,295.16,0.3
2756,901,81,2,256.28,0.25
2757,902,172,1,149.18,0.0
2758,902,129,1,166.17,0.1
2759,902,32,2,119.53,0.1
2760,903,134,4,136.39,0.0
2761,903,83,4,384.93,0.0
2762,904,164,4,155.53,0.25
2763,905,121,4,345.07,0.2
2764,905,60,3,162.21,0.25
2765,906,40,2,164.59,0.05
2766,907,3,2,180.16,0.25
2767,907,17,1,61.0,0.35
2768,907,108,3,202.26,0.3
2769,907,72,3,85.21,0.25
2770,908,172,1,149.18,0.0
2771,908,120,4,346.8,0.0
2772,908,10,4,485.93,0.0
2773,908,65,3,455.5,0.0
2774,908,57,2,289.09,0.1
2775,909,50,4,19.37,0.2
2776,910,98,4,129.58,0.2
2777,911,107,1,158.47,0.05
2778,911,56,1,181.18,0.15000000000000002
2779,911,167,4,220.47,0.1
2780,911,15,1,213.63,0.15000000000000002
2781,911,33,4,193.91,0.1
2782,912,47,1,73.42,0.15
2783,912,146,4,103.02,0.25
2784,912,174,2,294.81,0.15
2785,912,106,3,210.73,0.2
2786,913,61,4,207.3,0.2
2787,914,136,1,229.62,0.15
2788,914,123,4,133.01,0.15
2789,914,96,1,284.62,0.2
2790,914,35,4,43.28,0.2
2791,915,161,1,191.07,0.25
2792,916,53,1,127.02,0.1
2793,916,179,4,95.67,0.15000000000000002
2794,916,92,2,115.24,0.1
2795,916,68,4,146.12,0.2
2796,917,30,1,137.95,0.15
2797,917,144,4,113.78,0.15
2798,918,105,1,176.26,0.1
2799,918,92,2,115.24,0.1
2800,919,115,2,324.32,0.25
2801,919,153,1,40.28,0.3
2802,919,52,1,59.32,0.25
2803,919,121,3,280.37,0.35
2804,920,131,1,94.42,0.2
2805,920,104,3,211.63,0.25
2806,920,36,2,51.73,0.2
2807,921,155,2,202.85,0.25
2808,921,84,3,227.65,0.25
2809,921,60,3,140.58,0.35
2810,921,5,3,286.34,0.25
2811,921,50,1,18.16,0.25
2812,922,77,1,395.34,0.2
2813,922,125,1,32.98,0.25
2814,922,24,2,314.53,0.25
2815,922,179,1,90.04,0.2
2816,923,120,2,329.46,0.05
2817,923,56,2,191.84,0.1
2818,924,34,3,374.73,0.1
2819,924,173,2,431.65,0.05
2820,924,135,2,353.81,0.1
2821,924,168,1,293.94,0.05
2822,925,82,1,92.75,0.2
2823,925,162,3,78.85,0.2
2824,925,4,3,142.35,0.30000000000000004
2825,925,131,4,88.52,0.25
2826,925,38,2,210.32,0.2
2827,926,145,3,282.25,0.2
2828,926,41,2,162.29,0.2
2829,926,143,4,103.56,0.30000000000000004
2830,927,81,4,324.62,0.05
2831,927,178,2,50.32,0.0
2832,928,20,3,105.71,0.25
2833,929,151,1,176.42,0.25
2834,929,152,4,45.7,0.35
2835,929,78,3,223.81,0.35
2836,929,10,4,364.45,0.25
2837,929,43,2,241.96,0.25
2838,930,93,3,220.89,0.1
2839,930,40,4,155.93,0.1
2840,930,50,4,21.79,0.1
2841,931,122,3,271.32,0.05
2842,931,46,2,53.63,0.05
2843,931,155,2,256.95,0.05
2844,931,18,3,116.29,0.1
2845,931,145,2,335.17,0.05
2846,932,1,1,230.09,0.1
2847,932,114,4,30.8,0.1
2848,933,30,1,137.95,0.15
2849,933,137,1,56.4,0.15
2850,933,122,1,242.76,0.15
2851,933,32,3,99.61,0.25
2852,933,83,2,288.7,0.25
2853,934,118,2,304.95,0.1
2854,934,111,2,245.03,0.05
2855,934,26,4,330.41,0.05
2856,934,38,1,236.61,0.1
2857,934,97,4,240.96,0.0
2858,935,23,3,244.06,0.35
2859,935,50,1,18.16,0.25
2860,936,3,3,216.19,0.1
2861,937,34,1,416.37,0.0
2862,937,119,1,140.06,0.05
2863,937,113,2,231.75,0.0
2864,937,71,4,304.13,0.1
2865,938,153,4,43.16,0.25
2866,938,73,2,129.44,0.3
2867,938,88,4,163.47,0.25
2868,939,35,1,43.28,0.2
2869,939,119,2,110.57,0.25
2870,940,87,1,85.66,0.15
2871,940,3,3,204.18,0.15
2872,940,140,1,223.06,0.2
2873,940,96,1,302.41,0.15
2874,940,158,1,99.59,0.15
2875,941,128,2,230.01,0.0
2876,941,151,3,235.23,0.0
2877,941,117,1,61.1,0.1
2878,941,175,1,116.61,0.0
2879,942,5,1,305.43,0.2
2880,942,139,4,322.62,0.2
2881,942,110,2,91.12,0.15000000000000002
2882,942,109,3,111.64,0.15000000000000002
2883,943,129,2,184.63,0.0
2884,943,139,1,362.95,0.1
2885,944,18,1,90.45,0.3
2886,944,82,4,86.95,0.25
2887,945,92,2,102.43,0.2
2888,946,144,1,133.86,0.0
2889,946,134,3,136.39,0.0
2890,946,52,3,75.14,0.05
2891,947,95,4,337.33,0.2
2892,947,31,2,55.93,0.15
2893,947,90,2,256.32,0.15
2894,948,60,4,194.65,0.1
2895,948,86,3,317.53,0.05
2896,948,120,3,312.12,0.1
2897,949,156,4,151.29,0.0
2898,949,10,2,485.93,0.0
2899,949,91,4,402.94,0.0
2900,950,84,3,242.82,0.2
2901,950,134,4,115.93,0.15000000000000002
2902,950,174,2,312.16,0.1
2903,951,53,4,112.9,0.2
2904,951,65,3,364.4,0.2
2905,952,32,2,99.61,0.25
2906,952,151,2,176.42,0.25
2907,952,126,2,39.72,0.3
2908,952,173,4,340.78,0.25
2909,952,6,4,41.89,0.25
2910,953,8,4,63.65,0.25
2911,953,91,4,282.06,0.3
2912,953,2,2,93.02,0.25
2913,953,112,1,179.61,0.3
2914,954,82,1,86.95,0.25
2915,954,119,3,110.57,0.25
2916,954,138,2,117.28,0.35
2917,954,154,1,19.59,0.25
2918,955,83,1,288.7,0.25
2919,955,131,3,88.52,0.25
2920,956,133,1,241.77,0.15
2921,956,99,1,45.12,0.2
2922,956,82,1,86.95,0.25
2923,957,21,2,23.21,0.15
2924,957,40,4,129.94,0.25
2925,958,167,3,220.47,0.1
2926,959,91,2,261.91,0.35
2927,959,44,4,182.12,0.35
2928,959,151,1,176.42,0.25
2929,959,155,3,202.85,0.25
2930,959,23,1,281.61,0.25
2931,960,13,4,47.79,0.2
2932,960,127,3,91.5,0.30000000000000004
2933,960,158,4,93.74,0.2
2934,961,10,3,485.93,0.0
2935,961,131,3,106.23,0.1
2936,961,71,2,304.13,0.1
2937,962,19,2,197.52,0.25
2938,962,13,3,41.82,0.30000000000000004
2939,962,36,4,45.26,0.30000000000000004
2940,962,169,4,81.7,0.2
2941,962,12,3,182.96,0.25
2942,963,58,3,283.17,0.1
2943,963,146,1,123.62,0.1
2944,963,11,2,202.57,0.15000000000000002
2945,963,113,1,208.58,0.1
2946,963,38,4,236.61,0.1
2947,964,60,1,205.47,0.05
2948,965,6,3,50.27,0.1
2949,965,56,2,191.84,0.1
2950,965,175,2,93.29,0.2
2951,965,108,4,231.15,0.2
2952,966,59,1,221.38,0.2
2953,966,36,1,45.26,0.30000000000000004
2954,966,66,2,83.57,0.30000000000000004
2955,966,82,2,92.75,0.2
2956,966,64,1,164.4,0.30000000000000004
2957,967,47,1,77.74,0.1
2958,967,135,2,314.5,0.2
2959,968,38,3,210.32,0.2
2960,969,75,1,165.35,0.3
2961,969,158,2,87.88,0.25
2962,969,155,2,202.85,0.25
2963,970,98,4,153.88,0.05
2964,970,28,4,407.97,0.0
2965,971,39,2,171.71,0.25
2966,971,110,4,85.76,0.2
2967,971,159,4,270.3,0.2
2968,971,92,1,89.63,0.30000000000000004
2969,971,10,2,388.74,0.2
2970,972,8,1,55.17,0.35
2971,972,169,2,76.6,0.25
2972,972,70,3,265.4,0.25
2973,972,93,3,171.8,0.3
2974,972,131,4,76.72,0.35
2975,973,140,4,278.82,0.0
2976,974,116,3,298.48,0.25
2977,975,137,4,49.76,0.25
2978,975,54,4,109.76,0.35
2979,975,129,3,138.47,0.25
2980,975,149,2,110.88,0.35
2981,976,140,4,250.94,0.1
2982,976,77,3,444.76,0.1
2983,976,9,4,154.36,0.2
2984,976,20,1,126.85,0.1
2985,977,180,2,115.83,0.25
2986,977,44,3,210.14,0.25
2987,977,127,1,98.03,0.25
2988,977,52,3,59.32,0.25
2989,978,28,1,265.18,0.35
2990,978,154,1,18.28,0.3
2991,979,38,4,197.17,0.25
2992,979,136,3,216.11,0.2
2993,980,46,1,45.16,0.2
2994,981,28,1,346.77,0.15
2995,981,107,3,141.79,0.15
2996,981,42,1,184.53,0.15
2997,981,63,2,239.02,0.15
2998,981,30,2,137.95,0.15
2999,982,163,2,347.3,0.05
3000,983,96,3,231.26,0.35
3001,983,61,2,194.35,0.25
3002,983,153,2,43.16,0.25
3003,983,58,4,235.97,0.25
3004,984,115,1,345.94,0.2
3005,984,111,1,232.14,0.1
3006,984,82,1,104.35,0.1
3007,984,136,1,243.13,0.1
3008,985,32,4,92.97,0.3
3009,985,3,2,156.14,0.35
3010,985,27,3,82.41,0.25
3011,986,26,1,295.63,0.15
3012,986,119,1,110.57,0.25
3013,987,67,2,279.94,0.2
3014,987,122,3,228.48,0.2
3015,987,22,3,77.01,0.2
3016,987,48,1,153.66,0.2
3017,987,134,3,109.11,0.2
3018,988,46,3,45.16,0.2
3019,988,35,2,43.28,0.2
3020,989,25,1,22.14,0.05
3021,989,145,2,299.89,0.15000000000000002
3022,989,157,1,239.86,0.1
3023,990,89,4,107.14,0.2
3024,990,117,2,54.31,0.2
3025,990,17,1,75.07,0.2
3026,991,157,3,253.18,0.05
3027,992,151,3,211.71,0.1
3028,992,66,4,119.39,0.0
3029,992,12,1,219.56,0.1
3030,992,38,4,262.9,0.0
3031,993,41,1,152.15,0.25
3032,993,161,1,178.33,0.3
3033,994,10,4,413.04,0.15
3034,994,9,2,164.01,0.15
3035,995,53,1,91.73,0.35
3036,995,50,3,15.74,0.35
3037,995,137,3,49.76,0.25
3038,995,98,2,113.39,0.3
3039,996,154,1,18.28,0.30000000000000004
3040,996,5,3,305.43,0.2
3041,996,69,2,41.05,0.25
3042,997,169,3,86.81,0.15
3043,997,66,4,101.48,0.15
3044,997,166,1,204.64,0.15
3045,998,169,1,97.02,0.05
3046,999,25,2,17.48,0.25
3047,1000,102,1,287.86,0.05
3048,1000,73,4,175.66,0.05
3049,1000,176,1,22.42,0.0
3050,1001,40,3,164.59,0.05
3051,1002,93,4,208.62,0.15
3052,1003,2,3,105.42,0.15000000000000002
3053,1003,98,4,129.58,0.2
3054,1003,175,3,104.95,0.1
3055,1003,131,4,106.23,0.1
3056,1003,108,3,260.05,0.1
3057,1004,94,2,112.96,0.1
3058,1004,114,1,30.8,0.1
3059,1004,110,4,91.12,0.15000000000000002
3060,1005,93,1,245.43,0.0
3061,1005,19,1,263.36,0.0
3062,1006,171,2,148.35,0.0
3063,1006,98,3,161.98,0.0
3064,1006,25,3,23.31,0.0
3065,1006,44,1,280.19,0.0
3066,1006,140,3,250.94,0.1
3067,1007,144,1,127.17,0.05
3068,1008,92,4,115.24,0.1
3069,1008,104,4,253.95,0.1
3070,1009,82,2,92.75,0.2
3071,1009,85,4,70.62,0.30000000000000004
3072,1010,164,4,155.53,0.25
3073,1010,144,2,100.4,0.25
3074,1010,121,4,280.37,0.35
3075,1010,107,2,125.11,0.25
3076,1010,1,3,191.75,0.25
3077,1011,11,2,190.66,0.2
3078,1011,88,4,174.37,0.2
3079,1012,144,1,107.09,0.2
3080,1012,26,3,278.24,0.2
3081,1012,56,3,159.86,0.25
3082,1013,23,4,300.38,0.2
3083,1014,43,1,258.09,0.2
3084,1014,174,2,277.47,0.2
3085,1015,153,4,51.8,0.1
3086,1015,119,2,132.69,0.1
3087,1016,106,1,197.56,0.25
3088,1016,105,3,146.88,0.25
3089,1017,8,3,63.65,0.25
3090,1017,175,4,87.46,0.25
3091,1018,51,1,222.6,0.25
3092,1018,30,4,137.95,0.15
3093,1018,46,2,45.16,0.2
3094,1019,25,4,17.48,0.25
3095,1019,19,2,197.52,0.25
3096,1019,154,4,18.28,0.3
3097,1019,31,3,49.35,0.25
3098,1020,83,2,307.94,0.2
3099,1020,109,3,91.94,0.30000000000000004
3100,1021,11,3,166.82,0.3
3101,1021,146,2,89.28,0.35
3102,1021,41,4,152.15,0.25
3103,1021,86,2,250.68,0.25
3104,1021,46,4,42.34,0.25
3105,1022,49,3,168.13,0.25
3106,1023,25,2,23.31,0.0
3107,1023,59,4,249.05,0.1
3108,1023,2,3,111.62,0.1
3109,1023,132,3,178.46,0.05
3110,1023,92,4,128.04,0.0
3111,1024,148,4,159.44,0.15000000000000002
3112,1024,149,4,136.47,0.2
3113,1024,54,3,151.97,0.1
3114,1024,82,4,104.35,0.1
3115,1025,50,4,18.16,0.25
3116,1025,155,4,202.85,0.25
3117,1026,117,2,50.92,0.25
3118,1026,118,3,271.06,0.2
3119,1026,1,2,178.96,0.30000000000000004
3120,1027,80,1,48.19,0.1
3121,1027,57,1,305.15,0.05
3122,1027,4,2,193.19,0.05
3123,1027,155,3,256.95,0.05
3124,1027,33,4,215.45,0.0
3125,1028,49,3,168.13,0.25
3126,1028,69,1,41.05,0.25
3127,1028,7,4,163.2,0.35
3128,1028,97,4,156.62,0.35
3129,1028,122,2,199.92,0.3
3130,1029,82,3,115.94,0.0
3131,1030,148,1,140.69,0.25
3132,1030,81,4,273.37,0.2
3133,1030,102,1,227.26,0.25
3134,1030,88,1,163.47,0.25
3135,1031,15,4,238.76,0.05
3136,1031,152,3,59.75,0.15000000000000002
3137,1031,86,3,317.53,0.05
3138,1032,21,4,20.48,0.25
3139,1032,68,1,146.12,0.2
3140,1033,35,1,43.28,0.2
3141,1033,166,4,192.6,0.2
3142,1033,169,3,81.7,0.2
3143,1033,63,3,210.9,0.25
3144,1034,95,1,295.16,0.3
3145,1034,26,4,260.85,0.25
3146,1035,109,1,111.64,0.15000000000000002
3147,1035,78,3,275.46,0.2
3148,1035,153,2,51.8,0.1
3149,1036,105,4,156.67,0.2
3150,1036,99,3,50.76,0.1
3151,1036,45,3,153.48,0.15000000000000002
3152,1036,95,3,379.49,0.1
3153,1036,140,3,237.0,0.15000000000000002
3154,1037,50,3,21.79,0.1
3155,1037,20,3,126.85,0.1
3156,1037,170,2,15.63,0.0
3157,1037,90,3,301.55,0.0
3158,1038,108,3,216.7,0.25
3159,1038,135,3,314.5,0.2
3160,1038,72,3,85.21,0.25
3161,1038,56,4,149.2,0.30000000000000004
3162,1039,109,2,98.5,0.25
3163,1040,116,2,278.58,0.30000000000000004
3164,1041,158,4,111.31,0.05
3165,1041,20,3,126.85,0.1
3166,1041,143,4,140.54,0.05
3167,1042,9,1,192.95,0.0
3168,1042,151,2,235.23,0.0
3169,1042,157,2,266.51,0.0
3170,1043,137,1,46.44,0.30000000000000004
3171,1043,1,1,204.53,0.2
3172,1043,123,4,125.18,0.2
3173,1043,167,4,195.98,0.2
3174,1044,119,2,140.06,0.05
3175,1044,94,2,112.96,0.1
3176,1044,119,1,147.43,0.0
3177,1044,79,4,71.44,0.0
3178,1045,131,3,88.52,0.25
3179,1045,74,4,239.92,0.25
3180,1045,168,3,201.12,0.35
3181,1046,169,3,76.6,0.25
3182,1046,137,1,46.44,0.3
3183,1046,14,2,97.12,0.25
3184,1046,168,1,232.06,0.25
3185,1047,36,1,58.19,0.1
3186,1047,67,3,314.94,0.1
3187,1047,159,4,304.09,0.1
3188,1048,33,3,193.91,0.1
3189,1048,174,4,277.47,0.2
3190,1048,83,4,346.44,0.1
3191,1048,163,4,292.46,0.2
3192,1049,17,4,79.76,0.15000000000000002
3193,1049,29,4,258.36,0.1
3194,1049,95,4,379.49,0.1
3195,1049,22,3,86.63,0.1
3196,1050,125,1,43.97,0.0
3197,1050,108,2,260.05,0.1
3198,1051,105,1,146.88,0.25
3199,1052,124,4,34.55,0.25
3200,1052,28,2,305.98,0.25
3201,1052,51,4,207.76,0.30000000000000004
3202,1053,122,2,228.48,0.2
3203,1054,141,2,123.27,0.0
3204,1054,10,1,485.93,0.0
3205,1054,150,2,303.69,0.0
3206,1054,138,1,180.43,0.0
3207,1054,95,1,400.58,0.05
3208,1055,128,2,172.51,0.25
3209,1055,100,1,225.99,0.25
3210,1055,142,2,277.55,0.25
3211,1055,24,1,356.46,0.15
3212,1055,109,4,98.5,0.25
3213,1056,70,3,353.87,0.0
3214,1056,132,4,187.85,0.0
3215,1056,140,3,278.82,0.0
3216,1056,121,1,431.34,0.0
3217,1056,174,3,329.5,0.05
3218,1057,25,1,19.81,0.15
3219,1057,107,1,133.45,0.2
3220,1057,7,3,188.3,0.25
3221,1058,78,1,292.67,0.15
3222,1059,31,4,55.93,0.15000000000000002
3223,1059,133,3,241.77,0.15000000000000002
3224,1060,42,2,162.82,0.25
3225,1060,8,4,63.65,0.25
3226,1060,157,4,199.88,0.25
3227,1060,174,1,260.13,0.25
3228,1060,150,1,227.77,0.25
3229,1061,36,1,58.19,0.1
3230,1061,27,3,87.9,0.2
3231,1061,73,4,147.93,0.2
3232,1061,54,4,151.97,0.1
3233,1062,69,3,54.74,0.0
3234,1062,115,1,410.81,0.05
3235,1062,65,3,455.5,0.0
3236,1062,74,4,319.9,0.0
3237,1063,117,3,57.71,0.15000000000000002
3238,1063,109,2,124.77,0.05
3239,1064,61,2,259.13,0.0
3240,1065,148,1,150.06,0.2
3241,1065,32,1,92.97,0.30000000000000004
3242,1066,45,1,162.51,0.1
3243,1066,143,1,125.75,0.15000000000000002
3244,1066,73,1,157.17,0.15000000000000002
3245,1066,166,3,216.68,0.1
3246,1067,11,1,190.66,0.2
3247,1067,118,3,288.01,0.15
3248,1067,179,1,95.67,0.15
3249,1067,103,1,116.7,0.2
3250,1067,86,3,284.1,0.15
3251,1068,150,3,227.77,0.25
3252,1069,109,1,118.21,0.1
3253,1069,136,1,243.13,0.1
3254,1069,86,3,300.82,0.1
3255,1069,60,4,194.65,0.1
3256,1069,126,2,51.08,0.1
3257,1070,48,4,144.06,0.25
3258,1070,127,4,98.03,0.25
3259,1070,132,1,140.89,0.25
3260,1070,117,1,50.92,0.25
3261,1071,150,1,258.14,0.15
3262,1071,36,3,54.96,0.15
3263,1071,98,4,121.48,0.25
3264,1071,144,2,113.78,0.15
3265,1071,84,2,258.0,0.15
3266,1072,130,1,112.99,0.25
3267,1073,79,2,50.01,0.3
3268,1073,161,1,178.33,0.3
3269,1074,173,1,363.5,0.2
3270,1074,106,3,210.73,0.2
3271,1075,151,2,176.42,0.25
3272,1075,178,4,37.74,0.25
3273,1075,89,3,87.05,0.35
3274,1076,155,1,229.9,0.15000000000000002
3275,1076,52,3,71.19,0.1
3276,1076,66,1,107.45,0.1
3277,1077,126,3,51.08,0.1
3278,1077,110,4,91.12,0.15000000000000002
3279,1078,135,4,373.46,0.05
3280,1078,44,3,280.19,0.0
3281,1078,164,3,207.37,0.0
3282,1078,124,1,46.07,0.0
3283,1078,106,4,263.41,0.0
3284,1079,86,4,217.26,0.35
3285,1079,152,2,52.72,0.25
3286,1079,59,3,207.54,0.25
3287,1079,164,3,155.53,0.25
3288,1079,121,1,301.94,0.3
3289,1080,5,1,305.43,0.2
3290,1080,72,4,85.21,0.25
3291,1080,96,1,266.83,0.25
3292,1080,41,4,152.15,0.25
3293,1080,24,4,314.53,0.25
3294,1081,141,3,110.94,0.1
3295,1081,153,4,57.55,0.0
3296,1081,166,3,216.68,0.1
3297,1081,147,2,210.88,0.0
3298,1081,176,3,22.42,0.0
3299,1082,149,1,153.53,0.1
3300,1082,26,1,313.02,0.1
3301,1083,93,4,184.07,0.25
3302,1083,98,4,121.48,0.25
3303,1083,119,4,125.32,0.15
3304,1084,72,3,85.21,0.25
3305,1084,42,2,162.82,0.25
3306,1084,87,2,65.51,0.35
3307,1085,43,3,241.96,0.25
3308,1085,83,1,307.94,0.2
3309,1085,118,1,254.12,0.25
3310,1086,54,4,135.09,0.2
3311,1086,160,2,212.04,0.1
3312,1086,143,2,125.75,0.15000000000000002
3313,1087,107,2,166.81,0.0
3314,1087,134,3,136.39,0.0
3315,1087,71,2,337.92,0.0
3316,1087,32,1,132.81,0.0
3317,1088,143,2,110.95,0.25
3318,1089,1,1,191.75,0.25
3319,1089,161,1,191.07,0.25
3320,1089,125,4,32.98,0.25
3321,1089,76,2,106.11,0.30000000000000004
3322,1090,137,2,49.76,0.25
3323,1090,21,2,20.48,0.25
3324,1090,40,1,112.61,0.35
3325,1090,163,1,237.63,0.35
3326,1091,19,4,184.35,0.3
3327,1091,58,3,220.24,0.3
3328,1092,4,4,142.35,0.30000000000000004
3329,1092,177,3,216.43,0.2
3330,1092,171,4,118.68,0.2
3331,1093,67,2,279.94,0.2
3332,1093,34,1,333.1,0.2
3333,1094,128,3,184.01,0.2
3334,1094,121,3,345.07,0.2
3335,1094,172,1,104.43,0.30000000000000004
3336,1094,99,4,45.12,0.2
3337,1095,177,4,175.85,0.35
3338,1095,139,3,302.46,0.25
3339,1095,82,1,81.16,0.3
3340,1096,144,4,100.4,0.25
3341,1096,88,3,163.47,0.25
3342,1096,115,2,302.7,0.3
3343,1096,116,3,298.48,0.25
3344,1097,15,3,251.33,0.0
3345,1098,100,2,241.06,0.2
3346,1098,64,1,187.89,0.2
3347,1099,12,2,231.75,0.05
3348,1099,70,4,336.18,0.05
3349,1100,43,1,322.61,0.0
3350,1100,106,4,263.41,0.0
3351,1100,81,2,324.62,0.05
3352,1101,104,3,211.63,0.25
3353,1101,29,1,215.3,0.25
3354,1101,4,2,152.52,0.25
3355,1101,136,1,202.6,0.25
3356,1101,36,1,45.26,0.3
3357,1102,5,2,267.25,0.30000000000000004
3358,1102,84,1,227.65,0.25
3359,1102,152,2,52.72,0.25
3360,1103,73,3,129.44,0.30000000000000004
3361,1103,159,2,270.3,0.2
3362,1103,126,2,45.4,0.2
3363,1103,161,1,203.81,0.2
3364,1104,124,2,36.86,0.2
3365,1104,131,1,88.52,0.25
3366,1105,81,4,307.54,0.1
3367,1105,102,3,272.71,0.1
3368,1105,71,1,321.02,0.05
3369,1105,119,1,132.69,0.1
3370,1105,12,2,231.75,0.05
3371,1106,65,4,364.4,0.2
3372,1106,101,2,312.5,0.2
3373,1106,140,1,237.0,0.15
3374,1107,170,3,12.5,0.2
3375,1107,43,2,258.09,0.2
3376,1107,91,3,322.35,0.2
3377,1107,108,3,231.15,0.2
3378,1107,156,3,113.47,0.25
3379,1108,97,1,204.82,0.15
3380,1108,9,3,164.01,0.15
3381,1108,36,4,54.96,0.15
3382,1108,14,3,97.12,0.25
3383,1108,91,1,342.5,0.15
3384,1109,79,3,53.58,0.25
3385,1109,162,2,78.85,0.2
3386,1110,153,3,43.16,0.25
3387,1110,39,3,171.71,0.25
3388,1111,67,1,244.95,0.30000000000000004
3389,1112,131,4,88.52,0.25
3390,1113,52,1,59.32,0.25
3391,1114,65,2,409.95,0.1
3392,1115,35,4,40.58,0.25
3393,1115,31,2,49.35,0.25
3394,1116,13,4,47.79,0.2
3395,1117,16,4,86.09,0.35
3396,1118,67,4,349.93,0.0
3397,1118,131,4,118.03,0.0
3398,1118,20,4,126.85,0.1
3399,1118,163,4,365.58,0.0
3400,1119,155,4,202.85,0.25
3401,1119,110,4,80.4,0.25
3402,1119,2,2,86.81,0.3
3403,1119,77,3,370.63,0.25
3404,1119,2,2,93.02,0.25
3405,1120,151,4,211.71,0.1
3406,1120,118,2,304.95,0.1
3407,1120,3,1,216.19,0.1
3408,1120,124,4,36.86,0.2
3409,1121,78,4,309.89,0.1
3410,1121,158,4,105.45,0.1
3411,1121,5,3,343.61,0.1
3412,1122,31,4,52.64,0.2
3413,1123,106,2,197.56,0.25
3414,1123,173,4,340.78,0.25
3415,1123,142,4,277.55,0.25
3416,1123,140,2,181.23,0.35
3417,1124,79,2,53.58,0.25
3418,1124,67,2,279.94,0.2
3419,1124,130,3,120.52,0.2
3420,1124,38,2,210.32,0.2
3421,1124,66,1,95.51,0.2
3422,1125,32,4,92.97,0.3
3423,1125,64,4,176.15,0.25
3424,1126,139,3,362.95,0.1
3425,1126,162,3,98.56,0.0
3426,1126,80,4,53.54,0.0
3427,1127,58,1,283.17,0.1
3428,1127,59,1,221.38,0.2
3429,1127,24,1,377.43,0.1
3430,1127,14,3,103.59,0.2
3431,1128,150,3,273.32,0.1
3432,1129,7,3,188.3,0.25
3433,1130,7,4,225.96,0.1
3434,1130,57,3,289.09,0.1
3435,1130,123,1,125.18,0.2
3436,1130,176,1,20.18,0.1
3437,1130,122,1,257.04,0.1
3438,1131,132,4,159.67,0.15
3439,1132,174,3,312.16,0.1
3440,1132,119,3,132.69,0.1
3441,1132,94,1,112.96,0.1
3442,1132,115,1,389.19,0.1
3443,1132,151,3,188.18,0.2
3444,1133,151,2,188.18,0.2
3445,1133,47,2,69.1,0.2
3446,1133,51,4,207.76,0.30000000000000004
3447,1134,86,2,267.39,0.2
3448,1134,164,2,165.9,0.2
3449,1134,106,3,210.73,0.2
3450,1134,151,1,176.42,0.25
3451,1135,129,4,147.7,0.2
3452,1136,151,4,199.95,0.15
3453,1136,176,3,17.94,0.2
3454,1136,96,3,302.41,0.15
3455,1137,19,1,237.02,0.1
3456,1137,177,2,216.43,0.2
3457,1137,155,3,216.38,0.2
3458,1137,177,1,229.96,0.15000000000000002
3459,1138,52,3,63.28,0.2
3460,1138,86,2,267.39,0.2
3461,1139,1,3,217.31,0.15
3462,1139,179,2,90.04,0.2
3463,1139,159,1,287.2,0.15
3464,1139,48,1,144.06,0.25
3465,1139,92,2,108.83,0.15
3466,1140,79,1,57.15,0.2
3467,1140,1,3,217.31,0.15
3468,1140,137,3,49.76,0.25
3469,1140,148,3,159.44,0.15
3470,1141,59,4,249.05,0.1
3471,1141,64,2,211.37,0.1
3472,1141,62,4,287.08,0.2
3473,1142,140,1,237.0,0.15
3474,1143,83,3,307.94,0.2
3475,1143,17,2,79.76,0.15
3476,1143,110,1,80.4,0.25
3477,1143,56,2,159.86,0.25
3478,1144,87,1,80.62,0.2
3479,1144,17,2,70.38,0.25
3480,1144,144,4,107.09,0.2
3481,1144,56,1,170.52,0.2
3482,1144,172,4,111.89,0.25
3483,1145,24,3,335.5,0.2
3484,1145,171,3,103.84,0.30000000000000004
3485,1145,110,1,85.76,0.2
3486,1145,55,1,233.3,0.2
3487,1145,17,2,65.69,0.30000000000000004
3488,1146,170,4,14.07,0.1
3489,1146,49,3,212.97,0.05
3490,1146,133,2,284.43,0.0
3491,1147,157,1,199.88,0.25
3492,1147,13,1,44.8,0.25
3493,1148,158,4,93.74,0.2
3494,1148,125,3,35.18,0.2
3495,1148,109,1,105.07,0.2
3496,1148,97,4,192.77,0.2
3497,1149,138,4,180.43,0.0
3498,1149,64,1,234.86,0.0
3499,1150,166,4,180.56,0.25
3500,1150,169,4,76.6,0.25
3501,1150,44,1,210.14,0.25
3502,1150,77,4,370.63,0.25
3503,1150,41,2,131.86,0.35
3504,1151,178,3,40.26,0.2
3505,1151,37,4,190.36,0.15
3506,1151,72,3,96.57,0.15
3507,1151,71,1,253.44,0.25
3508,1151,77,2,420.05,0.15
3509,1152,127,1,104.57,0.2
3510,1152,151,3,164.66,0.30000000000000004
3511,1153,140,3,209.12,0.25
3512,1153,71,3,253.44,0.25
3513,1153,168,2,232.06,0.25
3514,1153,82,3,92.75,0.2
3515,1154,9,2,164.01,0.15
3516,1154,47,4,73.42,0.15
3517,1154,107,2,141.79,0.15
3518,1154,156,1,128.6,0.15
3519,1155,151,3,235.23,0.0
3520,1155,129,1,175.4,0.05
3521,1155,15,4,251.33,0.0
3522,1156,24,3,356.46,0.15
3523,1156,24,2,335.5,0.2
3524,1156,17,1,79.76,0.15
3525,1156,8,3,72.14,0.15
3526,1156,103,1,109.4,0.25
3527,1157,14,4,97.12,0.25
3528,1157,6,3,41.89,0.25
3529,1157,115,1,324.32,0.25
3530,1157,8,1,55.17,0.35
3531,1158,95,4,337.33,0.2
3532,1159,101,1,351.56,0.1
3533,1159,62,2,322.97,0.1
3534,1159,172,2,126.8,0.15000000000000002
3535,1160,91,1,322.35,0.2
3536,1160,97,2,204.82,0.15
3537,1160,167,1,208.22,0.15
3538,1161,167,4,183.73,0.25
3539,1161,143,4,125.75,0.15
3540,1161,22,2,81.82,0.15
3541,1161,102,4,257.56,0.15
3542,1162,142,3,333.06,0.1
3543,1162,89,4,133.92,0.0
3544,1162,178,3,50.32,0.0
3545,1162,97,1,228.91,0.05
3546,1162,60,4,216.28,0.0
3547,1163,84,3,273.18,0.1
3548,1163,122,1,257.04,0.1
3549,1163,139,1,362.95,0.1
3550,1163,99,2,45.12,0.2
3551,1163,70,1,318.48,0.1
3552,1164,3,1,216.19,0.1
3553,1164,2,1,124.02,0.0
3554,1164,103,3,145.87,0.0
3555,1164,108,4,260.05,0.1
3556,1165,55,1,218.72,0.25
3557,1165,106,3,210.73,0.2
3558,1166,132,3,159.67,0.15
3559,1166,81,2,290.45,0.15
3560,1166,31,2,49.35,0.25
3561,1166,150,2,258.14,0.15
3562,1166,9,2,164.01,0.15
3563,1167,174,4,260.13,0.25
3564,1167,164,4,155.53,0.25
3565,1167,52,1,51.41,0.35
3566,1167,95,4,316.25,0.25
3567,1168,89,2,100.44,0.25
3568,1168,64,1,176.15,0.25
3569,1168,148,3,140.69,0.25
3570,1168,122,2,214.2,0.25
3571,1168,66,2,89.54,0.25
3572,1169,59,2,207.54,0.25
3573,1169,93,3,171.8,0.30000000000000004
3574,1170,39,4,183.16,0.2
3575,1170,7,4,188.3,0.25
3576,1170,132,3,150.28,0.2
3577,1170,52,4,63.28,0.2
3578,1171,164,4,186.63,0.1
3579,1171,27,2,98.89,0.1
3580,1172,57,1,305.15,0.05
3581,1172,175,1,110.78,0.05
3582,1172,175,1,110.78,0.05
3583,1172,78,3,292.67,0.15000000000000002
3584,1173,60,2,183.84,0.15
3585,1173,47,1,73.42,0.15
3586,1174,95,3,316.25,0.25
3587,1174,85,4,75.67,0.25
3588,1174,35,4,40.58,0.25
3589,1174,47,1,64.78,0.25
3590,1175,110,3,91.12,0.15000000000000002
3591,1175,47,4,77.74,0.1
3592,1175,155,3,216.38,0.2
3593,1175,100,1,271.19,0.1
3594,1175,43,1,290.35,0.1
3595,1176,61,3,194.35,0.25
3596,1176,64,3,187.89,0.2
3597,1177,32,2,132.81,0.0
3598,1177,130,2,150.65,0.0
3599,1178,47,1,69.1,0.2
3600,1178,113,2,185.4,0.2
3601,1179,22,4,67.38,0.30000000000000004
3602,1179,22,3,72.2,0.25
3603,1179,4,1,162.69,0.2
3604,1179,18,4,90.45,0.30000000000000004
3605,1179,61,4,207.3,0.2
3606,1180,123,1,133.01,0.15
3607,1180,133,2,227.54,0.2
3608,1180,114,4,29.09,0.15
3609,1180,151,3,199.95,0.15
3610,1180,7,2,213.41,0.15
3611,1181,97,2,180.72,0.25
3612,1181,89,4,107.14,0.2
3613,1182,16,3,112.58,0.15
3614,1182,50,3,20.58,0.15
3615,1182,178,3,37.74,0.25
3616,1182,43,3,274.22,0.15
3617,1183,162,1,83.78,0.15
3618,1184,81,3,273.37,0.2
3619,1185,46,4,56.45,0.0
3620,1185,109,4,118.21,0.1
3621,1185,65,2,409.95,0.1
3622,1185,178,1,45.29,0.1
3623,1185,152,2,63.27,0.1
3624,1186,135,4,353.81,0.1
3625,1186,98,2,137.68,0.15000000000000002
3626,1186,147,4,189.79,0.1
3627,1186,114,3,30.8,0.1
3628,1186,26,4,295.63,0.15000000000000002
3629,1187,68,4,146.12,0.2
3630,1187,23,1,300.38,0.2
3631,1187,44,4,224.15,0.2
3632,1187,79,2,53.58,0.25
3633,1188,121,2,431.34,0.0
3634,1188,170,4,15.63,0.0
3635,1188,127,2,124.17,0.05
3636,1188,46,4,56.45,0.0
3637,1188,3,2,240.21,0.0
3638,1189,166,1,204.64,0.15
3639,1189,118,2,288.01,0.15
3640,1189,88,3,174.37,0.2
3641,1189,155,1,216.38,0.2
3642,1189,160,2,200.26,0.15
3643,1190,13,3,38.83,0.35
3644,1191,58,4,251.7,0.2
3645,1192,13,1,44.8,0.25
3646,1192,130,1,112.99,0.25
3647,1192,102,3,196.96,0.35
3648,1193,111,1,193.45,0.25
3649,1193,31,4,49.35,0.25
3650,1193,129,4,138.47,0.25
3651,1193,116,1,278.58,0.3
3652,1193,170,3,10.16,0.35
3653,1194,165,1,186.95,0.05
3654,1194,54,2,160.42,0.05
3655,1195,53,3,119.96,0.15000000000000002
3656,1195,38,4,236.61,0.1
3657,1195,129,3,156.94,0.15000000000000002
3658,1195,50,3,23.0,0.05
3659,1195,92,2,121.64,0.05
3660,1196,68,4,118.72,0.35
3661,1196,121,3,323.5,0.25
3662,1196,143,4,110.95,0.25
3663,1196,145,1,229.33,0.35
3664,1197,69,2,54.74,0.0
3665,1197,174,4,346.84,0.0
3666,1197,9,1,192.95,0.0
3667,1197,17,1,89.15,0.05
3668,1197,139,2,403.28,0.0
3669,1198,54,2,168.86,0.0
3670,1198,9,3,173.66,0.1
3671,1198,90,1,301.55,0.0
3672,1198,37,4,223.95,0.0
3673,1198,16,4,125.83,0.05
3674,1199,95,4,295.16,0.30000000000000004
3675,1199,120,4,277.44,0.2
3676,1199,84,1,227.65,0.25
3677,1200,58,3,235.97,0.25
3678,1200,168,4,247.53,0.2
3679,1200,155,1,202.85,0.25
3680,1201,132,3,178.46,0.05
3681,1201,135,4,393.12,0.0
3682,1201,170,3,15.63,0.0
3683,1201,141,4,117.11,0.05
3684,1201,125,3,43.97,0.0
3685,1202,84,4,258.0,0.15
3686,1202,146,4,116.76,0.15
3687,1203,75,4,200.79,0.15
3688,1203,44,4,238.16,0.15
3689,1203,53,1,119.96,0.15
3690,1203,109,2,111.64,0.15
3691,1203,7,3,188.3,0.25
3692,1204,150,2,303.69,0.0
3693,1204,23,3,375.48,0.0
3694,1205,18,1,96.91,0.25
3695,1205,107,2,116.77,0.30000000000000004
3696,1205,72,1,85.21,0.25
3697,1205,26,4,278.24,0.2
3698,1206,18,4,109.83,0.15
3699,1207,83,1,288.7,0.25
3700,1207,101,4,292.97,0.25
3701,1207,150,1,227.77,0.25
3702,1208,65,4,387.18,0.15
3703,1209,145,4,282.25,0.2
3704,1209,142,4,296.06,0.2
3705,1210,172,2,134.26,0.1
3706,1211,111,3,206.34,0.2
3707,1211,135,2,314.5,0.2
3708,1212,42,2,195.38,0.1
3709,1212,89,4,107.14,0.2
3710,1212,81,1,307.54,0.1
3711,1212,177,4,243.49,0.1
3712,1212,113,4,208.58,0.1
3713,1213,117,4,50.92,0.25
3714,1213,11,3,166.82,0.3
3715,1213,98,4,105.29,0.35
3716,1214,13,2,53.77,0.1
3717,1215,56,2,202.49,0.05
3718,1215,8,3,80.63,0.05
3719,1216,172,4,111.89,0.25
3720,1216,121,4,280.37,0.35
3721,1217,130,4,120.52,0.2
3722,1217,158,2,93.74,0.2
3723,1218,50,4,21.79,0.1
3724,1219,98,3,129.58,0.2
3725,1219,166,2,192.6,0.2
3726,1219,120,3,277.44,0.2
3727,1219,13,4,41.82,0.30000000000000004
3728,1220,30,3,154.18,0.05
3729,1220,159,1,337.88,0.0
3730,1220,118,2,321.89,0.05
3731,1220,169,1,102.13,0.0
3732,1220,66,3,107.45,0.1
3733,1221,120,1,260.1,0.25
3734,1221,76,3,106.11,0.3
3735,1221,146,4,103.02,0.25
3736,1221,136,2,175.59,0.35
3737,1222,87,4,80.62,0.2
3738,1222,132,2,150.28,0.2
3739,1223,109,3,131.34,0.0
3740,1224,71,2,270.34,0.2
3741,1224,144,4,113.78,0.15000000000000002
3742,1224,7,2,225.96,0.1
3743,1225,2,4,86.81,0.3
3744,1225,162,3,73.92,0.25
3745,1225,156,1,98.34,0.35
3746,1225,164,1,155.53,0.25
3747,1226,91,4,302.2,0.25
3748,1227,60,1,173.02,0.2
3749,1228,159,3,253.41,0.25
3750,1228,74,2,223.93,0.3
3751,1228,124,3,34.55,0.25
3752,1229,153,1,48.92,0.15
3753,1229,111,4,193.45,0.25
3754,1229,99,3,47.94,0.15
3755,1229,178,1,42.77,0.15
3756,1230,33,4,172.36,0.2
3757,1230,138,4,135.32,0.25
3758,1231,20,2,105.71,0.25
3759,1231,142,2,240.55,0.35
3760,1231,4,1,132.18,0.35
3761,1231,168,3,232.06,0.25
3762,1232,88,3,207.06,0.05
3763,1233,176,1,21.3,0.05
3764,1234,178,1,50.32,0.0
3765,1235,12,2,207.36,0.15000000000000002
3766,1235,96,4,320.2,0.1
3767,1235,33,3,172.36,0.2
3768,1236,38,4,249.75,0.05
3769,1236,78,4,344.32,0.0
3770,1236,157,3,266.51,0.0
3771,1236,146,1,123.62,0.1
3772,1237,70,1,300.79,0.15
3773,1237,30,4,129.83,0.2
3774,1237,180,3,123.55,0.2
3775,1237,165,3,157.43,0.2
3776,1237,120,4,294.78,0.15
3777,1238,180,3,139.0,0.1
3778,1239,70,4,265.4,0.25
3779,1239,158,2,87.88,0.25
3780,1239,134,3,102.29,0.25
3781,1240,113,3,208.58,0.1
3782,1240,44,1,280.19,0.0
3783,1240,20,2,140.95,0.0
3784,1241,79,3,53.58,0.25
3785,1241,30,3,121.72,0.25
3786,1241,154,2,20.9,0.2
3787,1242,130,1,143.12,0.05
3788,1242,55,4,262.46,0.1
3789,1242,123,1,140.83,0.1
3790,1243,9,2,173.66,0.1
3791,1243,56,1,191.84,0.1
3792,1243,179,2,95.67,0.15000000000000002
3793,1244,179,2,90.04,0.2
3794,1245,47,4,73.42,0.15
3795,1245,51,3,252.28,0.15
3796,1245,134,1,115.93,0.15
3797,1245,37,3,167.96,0.25
3798,1246,38,4,223.46,0.15000000000000002
3799,1246,178,4,47.8,0.05
3800,1247,103,4,123.99,0.15000000000000002
3801,1248,87,1,80.62,0.2
3802,1248,91,1,362.65,0.1
3803,1249,120,1,260.1,0.25
3804,1249,34,4,333.1,0.2
3805,1249,65,2,341.62,0.25
3806,1250,35,1,48.69,0.1
3807,1251,78,1,275.46,0.2
3808,1251,138,2,144.34,0.2
3809,1251,26,2,278.24,0.2
3810,1251,52,4,63.28,0.2
3811,1251,6,3,44.69,0.2
3812,1252,17,3,84.46,0.1
3813,1252,91,2,362.65,0.1
3814,1252,45,1,153.48,0.15000000000000002
3815,1252,69,1,46.53,0.15000000000000002
3816,1252,19,4,210.69,0.2
3817,1253,155,1,270.47,0.0
3818,1254,166,2,240.75,0.0
3819,1254,80,4,53.54,0.0
3820,1254,145,2,317.53,0.1
3821,1254,40,3,173.25,0.0
3822,1254,135,2,353.81,0.1
3823,1255,64,3,211.37,0.1
3824,1255,168,2,278.47,0.1
3825,1255,106,3,237.07,0.1
3826,1255,64,1,187.89,0.2
3827,1255,172,2,134.26,0.1
3828,1256,105,3,166.46,0.15000000000000002
3829,1256,88,4,174.37,0.2
3830,1256,14,4,116.54,0.1
3831,1256,45,2,162.51,0.1
3832,1257,117,4,50.92,0.25
3833,1257,58,4,267.44,0.15
3834,1257,54,2,143.53,0.15
3835,1258,12,3,195.16,0.2
3836,1259,175,3,81.63,0.3
3837,1259,61,4,194.35,0.25
3838,1260,104,4,211.63,0.25
3839,1260,127,4,98.03,0.25
3840,1260,52,2,59.32,0.25
3841,1260,170,3,10.16,0.35
3842,1260,62,2,251.19,0.3
3843,1261,57,1,208.79,0.35
3844,1261,137,3,46.44,0.3
3845,1261,93,3,184.07,0.25
3846,1261,174,4,260.13,0.25
3847,1261,156,2,113.47,0.25
3848,1262,40,2,138.6,0.2
3849,1262,177,1,229.96,0.15
3850,1262,49,3,190.55,0.15
3851,1262,2,4,105.42,0.15
3852,1263,161,4,242.02,0.05
3853,1263,109,1,131.34,0.0
3854,1263,27,1,109.88,0.0
3855,1264,150,4,212.58,0.3
3856,1264,72,4,79.53,0.3
3857,1265,95,4,316.25,0.25
3858,1265,73,2,138.68,0.25
3859,1265,154,2,19.59,0.25
3860,1265,78,3,258.24,0.25
3861,1266,152,2,63.27,0.1
3862,1266,152,1,59.75,0.15000000000000002
3863,1266,180,1,139.0,0.1
3864,1267,45,3,162.51,0.1
3865,1268,180,3,115.83,0.25
3866,1268,153,4,40.28,0.3
3867,1269,24,2,272.59,0.35
3868,1269,120,1,260.1,0.25
3869,1270,164,1,155.53,0.25
3870,1270,16,3,92.71,0.3
3871,1270,105,3,137.09,0.3
3872,1270,113,2,150.64,0.35
3873,1271,112,4,205.27,0.2
3874,1271,158,3,99.59,0.15
3875,1271,32,1,112.89,0.15
3876,1271,179,1,95.67,0.15
3877,1272,86,4,250.68,0.25
3878,1272,54,2,109.76,0.35
3879,1273,51,4,267.12,0.1
3880,1273,137,1,59.71,0.1
3881,1273,68,1,182.65,0.0
3882,1274,1,3,191.75,0.25
3883,1274,135,4,294.84,0.25
3884,1274,90,2,211.09,0.3
3885,1275,15,2,163.36,0.35
3886,1275,111,1,193.45,0.25
3887,1276,86,2,317.53,0.05
3888,1276,165,2,167.27,0.15000000000000002
3889,1276,127,1,124.17,0.05
3890,1276,169,4,86.81,0.15000000000000002
3891,1277,112,2,218.1,0.15000000000000002
3892,1277,145,4,282.25,0.2
3893,1277,175,2,104.95,0.1
3894,1277,156,4,136.16,0.1
3895,1278,56,2,181.18,0.15
3896,1278,51,3,237.44,0.2
3897,1278,55,4,247.88,0.15
3898,1278,128,1,172.51,0.25
3899,1279,38,4,210.32,0.2
3900,1279,117,2,57.71,0.15000000000000002
3901,1279,125,2,37.37,0.15000000000000002
3902,1279,102,1,257.56,0.15000000000000002
3903,1279,138,3,144.34,0.2
3904,1280,67,4,279.94,0.2
3905,1281,146,1,123.62,0.1
3906,1281,119,1,140.06,0.05
3907,1282,19,1,210.69,0.2
3908,1282,62,1,269.14,0.25
3909,1282,71,1,253.44,0.25
3910,1282,10,1,340.15,0.30000000000000004
3911,1282,17,4,70.38,0.25
3912,1283,100,1,271.19,0.1
3913,1283,178,4,50.32,0.0
3914,1283,157,2,253.18,0.05
3915,1284,70,1,247.71,0.30000000000000004
3916,1284,37,4,156.76,0.30000000000000004
3917,1284,103,2,116.7,0.2
3918,1284,91,3,302.2,0.25
3919,1284,92,2,102.43,0.2
3920,1285,103,3,131.28,0.1
3921,1285,168,4,278.47,0.1
3922,1285,4,3,162.69,0.2
3923,1285,11,3,214.49,0.1
3924,1286,151,1,199.95,0.15
3925,1287,118,3,288.01,0.15
3926,1287,125,3,32.98,0.25
3927,1287,105,2,146.88,0.25
3928,1288,25,4,17.48,0.25
3929,1288,54,4,126.65,0.25
3930,1289,29,4,244.01,0.15000000000000002
3931,1289,42,4,184.53,0.15000000000000002
3932,1290,167,1,195.98,0.2
3933,1290,146,4,103.02,0.25
3934,1290,150,2,242.95,0.2
3935,1291,172,3,134.26,0.1
3936,1291,43,1,290.35,0.1
3937,1292,84,1,227.65,0.25
3938,1292,114,2,27.38,0.2
3939,1292,55,1,218.72,0.25
3940,1292,146,3,116.76,0.15
3941,1293,72,4,102.25,0.1
3942,1293,91,3,402.94,0.0
3943,1294,74,3,271.91,0.15
3944,1295,47,2,73.42,0.15000000000000002
3945,1296,176,4,22.42,0.0
3946,1296,152,3,63.27,0.1
3947,1296,156,3,151.29,0.0
3948,1296,93,4,245.43,0.0
3949,1297,78,4,223.81,0.35
3950,1297,85,2,65.58,0.35
3951,1297,156,2,98.34,0.35
3952,1297,96,2,249.05,0.3
3953,1297,107,1,116.77,0.3
3954,1298,148,4,168.82,0.1
3955,1298,168,2,247.53,0.2
3956,1299,12,1,207.36,0.15
3957,1299,30,3,121.72,0.25
3958,1299,85,1,85.76,0.15
3959,1299,8,1,72.14,0.15
3960,1300,150,1,197.4,0.35
3961,1301,54,4,168.86,0.0
3962,1301,74,3,287.91,0.1
3963,1301,75,3,224.41,0.05
3964,1302,176,4,19.06,0.15
3965,1302,151,1,199.95,0.15
3966,1303,166,1,216.68,0.1
3967,1303,111,2,219.24,0.15000000000000002
3968,1303,99,1,47.94,0.15000000000000002
3969,1304,163,3,329.02,0.1
3970,1304,128,1,207.01,0.1
3971,1305,172,1,104.43,0.30000000000000004
3972,1306,2,3,105.42,0.15
3973,1306,142,1,314.56,0.15
3974,1307,136,4,216.11,0.2
3975,1307,13,1,44.8,0.25
3976,1307,126,2,39.72,0.30000000000000004
3977,1308,139,1,302.46,0.25
3978,1308,93,1,184.07,0.25
3979,1309,141,2,86.29,0.30000000000000004
3980,1309,84,1,212.47,0.30000000000000004
3981,1310,117,1,57.71,0.15000000000000002
3982,1310,117,1,61.1,0.1
3983,1311,61,4,168.43,0.35
3984,1311,50,2,18.16,0.25
3985,1311,151,1,176.42,0.25
3986,1311,140,3,209.12,0.25
3987,1312,66,3,101.48,0.15
3988,1312,70,4,300.79,0.15
3989,1313,77,4,395.34,0.2
3990,1313,76,1,121.27,0.2
3991,1313,94,4,106.68,0.15
3992,1313,1,3,217.31,0.15
3993,1314,76,2,113.69,0.25
3994,1314,45,3,135.43,0.25
3995,1314,153,4,43.16,0.25
3996,1315,158,4,117.17,0.0
3997,1315,149,2,162.06,0.05
3998,1315,27,1,98.89,0.1
3999,1315,128,4,230.01,0.0
4000,1316,4,3,193.19,0.05
4001,1316,170,2,14.07,0.1
4002,1316,39,1,228.95,0.0
4003,1316,30,2,154.18,0.05
4004,1316,65,4,409.95,0.1
4005,1317,120,3,329.46,0.05
4006,1317,72,2,113.61,0.0
4007,1317,24,1,419.37,0.0
4008,1317,118,4,321.89,0.05
4009,1318,5,3,305.43,0.2
4010,1318,146,3,116.76,0.15
4011,1318,41,2,152.15,0.25
4012,1318,68,2,155.25,0.15
4013,1319,171,2,126.1,0.15000000000000002
4014,1319,9,1,173.66,0.1
4015,1319,118,1,304.95,0.1
4016,1319,66,1,107.45,0.1
4017,1320,136,1,175.59,0.35
4018,1320,125,3,28.58,0.35
4019,1320,114,1,25.66,0.25
4020,1320,119,1,110.57,0.25
4021,1320,91,1,302.2,0.25
4022,1321,72,1,79.53,0.3
4023,1321,169,1,76.6,0.25
4024,1322,172,4,119.34,0.2
4025,1322,79,3,64.3,0.1
4026,1322,47,2,77.74,0.1
4027,1322,77,3,444.76,0.1
4028,1323,31,4,52.64,0.2
4029,1323,53,3,119.96,0.15
4030,1323,133,4,213.32,0.25
4031,1323,133,4,213.32,0.25
4032,1323,138,1,153.37,0.15
4033,1324,154,4,19.59,0.25
4034,1324,46,1,42.34,0.25
4035,1324,163,1,237.63,0.35
4036,1324,23,3,281.61,0.25
4037,1324,102,4,227.26,0.25
4038,1325,102,1,287.86,0.05
4039,1325,180,2,139.0,0.1
4040,1325,149,2,153.53,0.1
4041,1325,51,2,267.12,0.1
4042,1326,84,3,242.82,0.2
4043,1326,106,4,210.73,0.2
4044,1327,69,4,43.79,0.2
4045,1327,151,4,211.71,0.1
4046,1327,63,2,224.96,0.2
4047,1327,123,1,125.18,0.2
4048,1327,127,2,117.64,0.1
4049,1328,167,1,195.98,0.2
4050,1328,157,3,213.21,0.2
4051,1329,104,2,268.06,0.05
4052,1329,81,1,324.62,0.05
4053,1329,103,1,138.58,0.05
4054,1330,59,2,221.38,0.2
4055,1331,85,1,85.76,0.15
4056,1331,163,3,310.74,0.15
4057,1331,166,3,204.64,0.15
4058,1332,10,2,388.74,0.2
4059,1332,20,2,112.76,0.2
4060,1332,115,2,345.94,0.2
4061,1332,49,1,179.34,0.2
4062,1332,53,3,112.9,0.2
4063,1333,116,2,318.38,0.2
4064,1334,130,1,143.12,0.05
4065,1334,99,2,53.58,0.05
4066,1334,145,3,299.89,0.15000000000000002
4067,1334,95,2,379.49,0.1
4068,1335,6,4,39.1,0.3
4069,1335,43,2,225.83,0.3
4070,1335,22,2,72.2,0.25
4071,1335,58,2,235.97,0.25
4072,1335,36,3,42.03,0.35
4073,1336,134,1,102.29,0.25
4074,1337,102,1,257.56,0.15
4075,1337,98,1,121.48,0.25
4076,1338,177,4,216.43,0.2
4077,1339,27,2,87.9,0.2
4078,1339,41,1,162.29,0.2
4079,1340,124,1,43.77,0.05
4080,1340,68,4,164.39,0.1
4081,1340,45,2,162.51,0.1
4082,1340,92,1,121.64,0.05
4083,1341,147,2,210.88,0.0
4084,1341,98,2,153.88,0.05
4085,1341,87,4,90.7,0.1
4086,1341,106,4,263.41,0.0
4087,1342,18,4,96.91,0.25
4088,1342,132,4,140.89,0.25
4089,1343,179,4,84.41,0.25
4090,1343,17,1,75.07,0.2
4091,1343,123,1,109.54,0.30000000000000004
4092,1343,112,4,205.27,0.2
4093,1343,177,3,189.38,0.30000000000000004
4094,1344,46,2,45.16,0.2
4095,1344,4,2,162.69,0.2
4096,1344,171,1,118.68,0.2
4097,1345,26,1,330.41,0.05
4098,1345,110,4,101.84,0.05
4099,1345,54,4,143.53,0.15000000000000002
4100,1346,158,2,87.88,0.25
4101,1346,30,3,113.6,0.3
4102,1346,28,4,305.98,0.25
4103,1347,104,3,253.95,0.1
4104,1347,42,1,195.38,0.1
4105,1347,116,3,338.27,0.15000000000000002
4106,1347,6,1,44.69,0.2
4107,1347,129,2,147.7,0.2
4108,1348,24,4,419.37,0.0
4109,1348,75,2,236.22,0.0
4110,1349,54,1,151.97,0.1
4111,1349,159,2,304.09,0.1
4112,1350,101,4,312.5,0.2
4113,1350,105,3,156.67,0.2
4114,1350,84,3,242.82,0.2
4115,1351,77,1,420.05,0.15
4116,1351,161,1,216.55,0.15
4117,1351,44,3,238.16,0.15
4118,1351,15,4,188.5,0.25
4119,1351,69,4,43.79,0.2
4120,1352,126,4,39.72,0.3
4121,1352,67,3,262.45,0.25
4122,1352,92,2,96.03,0.25
4123,1352,34,1,270.64,0.35
4124,1353,80,2,48.19,0.1
4125,1353,107,4,150.13,0.1
4126,1354,43,3,274.22,0.15000000000000002
4127,1355,74,4,319.9,0.0
4128,1355,38,2,262.9,0.0
4129,1356,78,3,241.02,0.30000000000000004
4130,1356,56,2,159.86,0.25
4131,1356,124,4,36.86,0.2
4132,1357,25,1,20.98,0.1
4133,1357,2,3,117.82,0.05
4134,1358,79,1,53.58,0.25
4135,1358,61,1,194.35,0.25
4136,1358,179,4,95.67,0.15
4137,1358,162,4,83.78,0.15
4138,1359,177,1,270.54,0.0
4139,1359,152,4,70.3,0.0
4140,1360,54,3,126.65,0.25
4141,1360,7,2,163.2,0.35
4142,1360,43,4,225.83,0.3
4143,1360,17,3,61.0,0.35
4144,1361,46,4,50.81,0.1
4145,1361,101,3,351.56,0.1
4146,1361,83,3,307.94,0.2
4147,1362,115,4,302.7,0.3
4148,1363,4,3,172.86,0.15000000000000002
4149,1363,56,2,181.18,0.15000000000000002
4150,1363,44,1,252.17,0.1
4151,1363,36,1,58.19,0.1
4152,1363,124,3,41.46,0.1
4153,1364,125,1,39.57,0.1
4154,1364,123,4,148.66,0.05
4155,1364,59,4,276.72,0.0
4156,1364,65,2,455.5,0.0
4157,1365,16,4,112.58,0.15
4158,1365,25,4,19.81,0.15
4159,1365,52,4,59.32,0.25
4160,1366,64,1,176.15,0.25
4161,1366,68,1,136.99,0.25
4162,1367,81,2,256.28,0.25
4163,1367,129,3,156.94,0.15
4164,1367,50,2,20.58,0.15
4165,1367,166,2,180.56,0.25
4166,1368,20,1,91.62,0.35
4167,1369,70,4,318.48,0.1
4168,1369,78,2,309.89,0.1
4169,1369,87,1,90.7,0.1
4170,1370,153,3,46.04,0.2
4171,1370,25,1,17.48,0.25
4172,1370,159,2,270.3,0.2
4173,1371,107,1,116.77,0.3
4174,1371,85,3,70.62,0.3
4175,1372,98,3,129.58,0.2
4176,1372,69,2,43.79,0.2
4177,1372,38,2,210.32,0.2
4178,1372,109,2,105.07,0.2
4179,1372,28,3,326.38,0.2
4180,1373,140,2,209.12,0.25
4181,1373,32,4,99.61,0.25
4182,1373,164,2,134.79,0.35
4183,1373,143,1,96.16,0.35
4184,1374,60,3,173.02,0.2
4185,1374,118,3,304.95,0.1
4186,1374,8,4,67.9,0.2
4187,1375,53,4,119.96,0.15
4188,1375,94,1,94.13,0.25
4189,1375,131,4,88.52,0.25
4190,1376,25,4,19.81,0.15000000000000002
4191,1377,141,4,110.94,0.1
4192,1377,79,1,64.3,0.1
4193,1377,22,3,77.01,0.2
4194,1377,18,1,116.29,0.1
4195,1378,48,1,153.66,0.2
4196,1378,107,3,133.45,0.2
4197,1378,70,1,283.1,0.2
4198,1379,66,3,107.45,0.1
4199,1379,147,4,189.79,0.1
4200,1379,48,3,192.08,0.0
4201,1380,94,4,94.13,0.25
4202,1380,67,4,279.94,0.2
4203,1380,155,3,189.33,0.30000000000000004
4204,1381,75,4,177.16,0.25
4205,1381,67,1,279.94,0.2
4206,1382,59,4,207.54,0.25
4207,1382,74,1,239.92,0.25
4208,1383,161,2,165.59,0.35
4209,1383,27,1,76.92,0.3
4210,1384,34,3,353.91,0.15
4211,1384,171,2,118.68,0.2
4212,1384,21,4,23.21,0.15
4213,1384,75,4,200.79,0.15
4214,1385,89,1,113.83,0.15
4215,1386,170,1,11.72,0.25
4216,1386,152,4,52.72,0.25
4217,1386,137,1,56.4,0.15
4218,1387,62,4,340.91,0.05
4219,1387,125,1,41.77,0.05
4220,1388,68,4,164.39,0.1
4221,1388,122,3,228.48,0.2
4222,1388,153,1,51.8,0.1
4223,1388,149,2,145.0,0.15000000000000002
4224,1389,33,3,161.59,0.25
4225,1390,133,4,227.54,0.2
4226,1390,110,1,85.76,0.2
4227,1391,59,3,221.38,0.2
4228,1392,33,1,161.59,0.25
4229,1393,152,3,52.72,0.25
4230,1393,83,1,288.7,0.25
4231,1393,62,3,305.02,0.15
4232,1394,96,4,320.2,0.1
4233,1394,41,2,202.86,0.0
4234,1394,63,3,253.08,0.1
4235,1394,19,4,263.36,0.0
4236,1395,138,4,135.32,0.25
4237,1395,87,1,85.66,0.15
4238,1395,135,4,334.15,0.15
4239,1396,22,3,72.2,0.25
4240,1396,154,2,18.28,0.3
4241,1396,172,4,111.89,0.25
4242,1396,46,4,36.69,0.35
4243,1397,62,4,322.97,0.1
4244,1397,82,4,104.35,0.1
4245,1397,14,2,103.59,0.2
4246,1397,131,3,106.23,0.1
4247,1397,3,2,216.19,0.1
4248,1398,176,4,20.18,0.1
4249,1398,115,2,345.94,0.2
4250,1398,30,1,146.06,0.1
4251,1398,180,1,123.55,0.2
4252,1399,142,1,259.05,0.30000000000000004
4253,1399,91,3,322.35,0.2
4254,1399,21,4,19.12,0.30000000000000004
4255,1400,144,3,107.09,0.2
4256,1400,64,4,164.4,0.30000000000000004
4257,1400,133,1,199.1,0.30000000000000004
4258,1400,54,3,135.09,0.2
4259,1400,112,1,205.27,0.2
4260,1401,155,1,243.42,0.1
4261,1401,68,3,164.39,0.1
4262,1401,169,4,91.92,0.1
4263,1401,141,2,110.94,0.1
4264,1401,5,4,343.61,0.1
4265,1402,178,2,45.29,0.1
4266,1402,81,4,307.54,0.1
4267,1402,145,1,282.25,0.2
4268,1402,79,3,64.3,0.1
4269,1403,72,3,113.61,0.0
4270,1403,14,3,123.02,0.05
4271,1403,157,1,239.86,0.1
4272,1403,101,1,390.62,0.0
4273,1404,43,3,322.61,0.0
4274,1405,85,1,85.76,0.15
4275,1405,132,4,159.67,0.15
4276,1405,107,4,125.11,0.25
4277,1405,53,2,119.96,0.15
4278,1405,66,4,95.51,0.2
4279,1406,180,4,115.83,0.25
4280,1406,105,3,137.09,0.3
4281,1406,96,2,266.83,0.25
4282,1406,179,2,73.16,0.35
4283,1407,47,4,86.38,0.0
4284,1408,69,4,46.53,0.15
4285,1408,120,2,294.78,0.15
4286,1408,47,1,73.42,0.15
4287,1408,133,3,241.77,0.15
4288,1409,111,2,257.93,0.0
4289,1410,131,3,112.13,0.05
4290,1410,98,4,153.88,0.05
4291,1410,132,4,169.06,0.1
4292,1410,32,2,132.81,0.0
4293,1410,13,3,59.74,0.0
4294,1411,87,3,85.66,0.15
4295,1411,71,1,287.23,0.15
4296,1411,123,2,117.36,0.25
4297,1412,99,3,47.94,0.15
4298,1412,78,1,292.67,0.15
4299,1412,168,3,247.53,0.2
4300,1412,8,4,72.14,0.15
4301,1413,170,1,15.63,0.0
4302,1413,74,3,303.9,0.05
4303,1413,61,4,233.22,0.1
4304,1414,137,1,66.35,0.0
4305,1414,174,2,312.16,0.1
4306,1415,66,2,107.45,0.1
4307,1415,81,2,290.45,0.15000000000000002
4308,1415,122,1,257.04,0.1
4309,1416,102,1,272.71,0.1
4310,1416,176,2,20.18,0.1
4311,1416,165,2,177.11,0.1
4312,1416,116,4,358.17,0.1
4313,1417,54,3,168.86,0.0
4314,1417,92,1,128.04,0.0
4315,1417,154,1,26.12,0.0
4316,1418,85,1,85.76,0.15000000000000002
4317,1418,115,2,389.19,0.1
4318,1418,175,4,104.95,0.1
4319,1419,132,1,150.28,0.2
4320,1420,131,3,94.42,0.2
4321,1421,147,4,158.16,0.25
4322,1422,101,2,332.03,0.15
4323,1422,155,2,229.9,0.15
4324,1422,38,2,223.46,0.15
4325,1423,54,4,118.2,0.30000000000000004
4326,1423,174,4,260.13,0.25
4327,1423,61,1,207.3,0.2
4328,1424,123,4,125.18,0.2
4329,1424,75,1,200.79,0.15
4330,1424,52,4,67.23,0.15
4331,1424,122,3,228.48,0.2
4332,1425,16,4,105.96,0.2
4333,1425,94,3,100.41,0.2
4334,1425,82,1,92.75,0.2
4335,1425,37,1,167.96,0.25
4336,1425,70,2,283.1,0.2
4337,1426,81,2,341.71,0.0
4338,1426,50,1,21.79,0.1
4339,1426,175,1,116.61,0.0
4340,1427,76,1,113.69,0.25
4341,1427,103,4,116.7,0.2
4342,1427,136,1,229.62,0.15
4343,1428,20,2,112.76,0.2
4344,1428,46,3,45.16,0.2
4345,1428,164,4,176.26,0.15000000000000002
4346,1428,91,2,342.5,0.15000000000000002
4347,1428,111,4,232.14,0.1
4348,1429,92,4,102.43,0.2
4349,1430,22,1,81.82,0.15
4350,1430,68,4,155.25,0.15
4351,1430,180,4,131.27,0.15
4352,1431,111,4,206.34,0.2
4353,1431,1,2,204.53,0.2
4354,1431,37,1,167.96,0.25
4355,1431,128,1,184.01,0.2
4356,1432,47,4,64.78,0.25
4357,1433,89,4,113.83,0.15000000000000002
4358,1434,10,3,364.45,0.25
4359,1434,175,1,87.46,0.25
4360,1434,56,2,159.86,0.25
4361,1434,139,2,282.3,0.3
4362,1435,62,2,251.19,0.3
4363,1435,149,1,119.41,0.3
4364,1435,9,4,125.42,0.35
4365,1435,13,3,44.8,0.25
4366,1436,27,4,109.88,0.0
4367,1436,41,3,202.86,0.0
4368,1436,121,3,431.34,0.0
4369,1436,14,3,129.49,0.0
4370,1437,36,1,48.49,0.25
4371,1437,9,1,144.71,0.25
4372,1438,34,4,333.1,0.2
4373,1438,20,2,112.76,0.2
4374,1438,75,2,200.79,0.15
4375,1438,5,3,286.34,0.25
4376,1438,66,1,101.48,0.15
4377,1439,18,2,90.45,0.3
4378,1439,143,1,110.95,0.25
4379,1439,170,4,11.72,0.25
4380,1440,70,1,283.1,0.2
4381,1440,5,4,305.43,0.2
4382,1440,14,3,97.12,0.25
4383,1440,144,1,107.09,0.2
4384,1440,40,4,138.6,0.2
4385,1441,142,2,259.05,0.30000000000000004
4386,1441,172,2,119.34,0.2
4387,1441,23,2,300.38,0.2
4388,1441,147,4,168.7,0.2
4389,1442,14,2,97.12,0.25
4390,1442,123,1,133.01,0.15
4391,1442,96,1,302.41,0.15
4392,1442,39,2,194.61,0.15
4393,1442,119,4,110.57,0.25
4394,1443,17,4,75.07,0.2
4395,1443,162,3,73.92,0.25
4396,1443,21,4,21.85,0.2
4397,1443,63,4,224.96,0.2
4398,1443,95,2,337.33,0.2
4399,1444,81,4,307.54,0.1
4400,1444,99,3,50.76,0.1
4401,1445,156,2,136.16,0.1
4402,1445,59,4,249.05,0.1
4403,1445,176,1,20.18,0.1
4404,1446,135,3,353.81,0.1
4405,1446,134,4,129.57,0.05
4406,1447,87,1,65.51,0.35
4407,1447,105,2,137.09,0.3
4408,1448,26,4,295.63,0.15
4409,1448,170,3,11.72,0.25
4410,1448,115,1,367.57,0.15
4411,1448,53,2,105.85,0.25
4412,1449,50,3,19.37,0.2
4413,1449,178,1,35.22,0.30000000000000004
4414,1449,61,2,194.35,0.25
4415,1449,56,4,170.52,0.2
4416,1449,37,1,179.16,0.2
4417,1450,137,4,49.76,0.25
4418,1450,92,3,96.03,0.25
4419,1450,15,4,175.93,0.3
4420,1450,114,2,25.66,0.25
4421,1450,159,2,236.52,0.3
4422,1451,155,1,175.81,0.35
4423,1452,140,3,250.94,0.1
4424,1452,137,2,63.03,0.05
4425,1452,98,2,153.88,0.05
4426,1453,128,1,195.51,0.15
4427,1453,97,2,192.77,0.2
4428,1453,119,1,125.32,0.15
4429,1454,16,4,99.34,0.25
4430,1454,70,1,265.4,0.25
4431,1454,153,2,43.16,0.25
4432,1454,71,2,253.44,0.25
4433,1454,101,2,292.97,0.25
4434,1455,178,4,42.77,0.15000000000000002
4435,1455,63,1,224.96,0.2
4436,1455,105,4,176.26,0.1
4437,1455,71,2,287.23,0.15000000000000002
4438,1456,26,4,278.24,0.2
4439,1456,140,2,195.17,0.30000000000000004
4440,1456,113,2,185.4,0.2
4441,1456,72,4,90.89,0.2
4442,1456,27,2,82.41,0.25
4443,1457,62,3,251.19,0.30000000000000004
4444,1457,14,4,103.59,0.2
4445,1457,121,4,345.07,0.2
4446,1458,168,2,263.0,0.15000000000000002
4447,1458,17,2,84.46,0.1
4448,1458,104,4,253.95,0.1
4449,1458,56,3,191.84,0.1
4450,1458,29,1,258.36,0.1
4451,1459,108,3,231.15,0.2
4452,1459,116,2,318.38,0.2
4453,1459,124,2,36.86,0.2
4454,1459,127,2,91.5,0.30000000000000004
4455,1460,3,3,192.17,0.2
4456,1460,145,3,282.25,0.2
4457,1460,28,1,285.58,0.30000000000000004
4458,1461,47,1,60.47,0.3
4459,1461,169,3,76.6,0.25
4460,1461,173,1,340.78,0.25
4461,1462,98,1,113.39,0.3
4462,1462,56,4,159.86,0.25
4463,1463,129,4,147.7,0.2
4464,1464,53,4,112.9,0.2
4465,1465,70,1,353.87,0.0
4466,1465,134,2,136.39,0.0
4467,1465,84,1,273.18,0.1
4468,1465,79,2,64.3,0.1
4469,1465,163,2,329.02,0.1
4470,1466,135,2,373.46,0.05
4471,1466,15,4,226.2,0.1
4472,1467,63,4,224.96,0.2
4473,1467,148,2,150.06,0.2
4474,1468,16,2,112.58,0.15
4475,1468,46,3,42.34,0.25
4476,1468,18,3,109.83,0.15
4477,1468,138,4,144.34,0.2
4478,1469,103,2,109.4,0.25
4479,1469,42,3,162.82,0.25
4480,1469,158,3,87.88,0.25
4481,1470,12,1,219.56,0.1
4482,1470,30,4,129.83,0.2
4483,1470,155,2,229.9,0.15000000000000002
4484,1471,154,2,24.81,0.05
4485,1471,85,4,100.89,0.0
4486,1471,16,2,119.2,0.1
4487,1472,20,4,112.76,0.2
4488,1472,161,4,203.81,0.2
4489,1472,62,2,287.08,0.2
4490,1472,121,4,323.5,0.25
4491,1473,76,3,136.43,0.1
4492,1473,75,3,188.98,0.2
4493,1473,57,1,256.97,0.2
4494,1474,130,2,143.12,0.05
4495,1474,57,1,305.15,0.05
4496,1475,165,3,137.75,0.3
4497,1476,11,2,178.74,0.25
4498,1476,51,2,192.92,0.35
4499,1477,134,3,102.29,0.25
4500,1477,6,3,39.1,0.3
4501,1477,8,2,59.41,0.3
4502,1478,47,1,69.1,0.2
4503,1479,80,3,48.19,0.1
4504,1479,30,4,137.95,0.15000000000000002
4505,1479,5,3,305.43,0.2
4506,1480,137,2,66.35,0.0
4507,1481,45,2,117.37,0.35
4508,1481,28,4,305.98,0.25
4509,1482,104,3,225.74,0.2
4510,1482,31,4,49.35,0.25
4511,1482,113,4,185.4,0.2
4512,1482,180,4,123.55,0.2
4513,1482,100,3,241.06,0.2
4514,1483,33,3,150.81,0.30000000000000004
4515,1483,10,2,388.74,0.2
4516,1483,2,2,99.22,0.2
4517,1484,135,3,334.15,0.15000000000000002
4518,1484,118,3,304.95,0.1
4519,1484,86,3,284.1,0.15000000000000002
4520,1484,31,1,55.93,0.15000000000000002
4521,1484,140,4,223.06,0.2
4522,1485,128,4,161.01,0.30000000000000004
4523,1485,172,3,111.89,0.25
4524,1485,44,4,224.15,0.2
4525,1485,132,2,131.49,0.30000000000000004
4526,1486,149,2,170.59,0.0
4527,1486,24,2,377.43,0.1
4528,1486,101,3,390.62,0.0
4529,1486,103,2,145.87,0.0
4530,1486,15,2,226.2,0.1
4531,1487,126,2,48.24,0.15
4532,1487,13,2,44.8,0.25
4533,1488,162,2,73.92,0.25
4534,1489,109,4,131.34,0.0
4535,1489,15,3,226.2,0.1
4536,1490,58,1,267.44,0.15000000000000002
4537,1491,112,4,230.93,0.1
4538,1491,98,1,145.78,0.1
4539,1491,17,2,84.46,0.1
4540,1491,166,2,216.68,0.1
4541,1492,66,2,83.57,0.3
4542,1492,170,1,10.94,0.3
4543,1492,131,1,76.72,0.35
4544,1492,153,1,37.41,0.35
4545,1492,57,2,208.79,0.35
4546,1493,98,4,137.68,0.15
4547,1493,2,1,105.42,0.15
4548,1493,35,4,43.28,0.2
4549,1493,75,2,200.79,0.15
4550,1494,137,1,49.76,0.25
4551,1494,27,4,82.41,0.25
4552,1494,62,4,269.14,0.25
4553,1494,11,4,178.74,0.25
4554,1494,131,2,76.72,0.35
4555,1495,63,2,253.08,0.1
4556,1495,132,2,169.06,0.1
4557,1495,171,3,126.1,0.15000000000000002
4558,1495,139,1,362.95,0.1
4559,1496,36,4,51.73,0.2
4560,1496,108,1,260.05,0.1
4561,1496,87,3,90.7,0.1
4562,1496,114,2,29.09,0.15000000000000002
4563,1496,165,2,177.11,0.1
4564,1497,170,2,11.72,0.25
4565,1497,178,4,42.77,0.15
4566,1498,103,4,123.99,0.15
4567,1499,40,3,164.59,0.05
4568,1500,17,3,93.84,0.0
4569,1500,50,3,24.21,0.0
4570,1500,153,3,57.55,0.0
4571,1500,170,1,15.63,0.0
4572,1501,133,4,241.77,0.15000000000000002
4573,1501,78,2,309.89,0.1
4574,1501,88,1,196.16,0.1
4575,1502,123,1,140.83,0.1
4576,1502,112,3,230.93,0.1
4577,1502,19,1,237.02,0.1
4578,1502,142,2,333.06,0.1
4579,1503,56,1,181.18,0.15
4580,1503,169,1,81.7,0.2
4581,1503,159,4,287.2,0.15
4582,1503,119,3,125.32,0.15
4583,1504,8,4,63.65,0.25
4584,1504,63,4,210.9,0.25
4585,1504,151,4,176.42,0.25
4586,1504,103,3,94.82,0.35
4587,1504,124,4,34.55,0.25
4588,1505,94,1,125.51,0.0
4589,1506,150,1,242.95,0.2
4590,1506,81,4,239.2,0.30000000000000004
4591,1506,1,1,204.53,0.2
4592,1506,124,2,36.86,0.2
4593,1507,132,2,169.06,0.1
4594,1507,143,1,125.75,0.15000000000000002
4595,1507,166,3,204.64,0.15000000000000002
4596,1507,136,3,243.13,0.1
4597,1507,102,1,257.56,0.15000000000000002
4598,1508,37,4,201.56,0.1
4599,1509,74,3,303.9,0.05
4600,1510,4,1,162.69,0.2
4601,1510,83,4,307.94,0.2
4602,1510,28,2,326.38,0.2
4603,1510,66,3,95.51,0.2
4604,1511,85,4,90.8,0.1
4605,1511,1,1,204.53,0.2
4606,1511,7,2,213.41,0.15000000000000002
4607,1511,105,2,176.26,0.1
4608,1511,77,4,444.76,0.1
4609,1512,103,1,131.28,0.1
4610,1512,59,4,276.72,0.0
4611,1513,50,1,20.58,0.15000000000000002
4612,1513,76,1,121.27,0.2
4613,1513,158,3,99.59,0.15000000000000002
4614,1513,69,2,49.27,0.1
4615,1513,68,2,146.12,0.2
4616,1514,82,2,115.94,0.0
4617,1515,29,4,272.72,0.05
4618,1515,24,4,419.37,0.0
4619,1515,21,1,25.94,0.05
4620,1515,4,1,203.36,0.0
4621,1516,3,1,156.14,0.35
4622,1516,86,2,233.97,0.3
4623,1516,4,2,152.52,0.25
4624,1516,74,2,239.92,0.25
4625,1516,80,3,40.16,0.25
4626,1517,58,1,267.44,0.15
4627,1517,119,1,117.94,0.2
4628,1517,122,2,242.76,0.15
4629,1517,109,1,111.64,0.15
4630,1518,25,3,18.65,0.2
4631,1519,33,3,161.59,0.25
4632,1519,47,3,73.42,0.15
4633,1519,12,1,182.96,0.25
4634,1520,168,1,232.06,0.25
4635,1521,112,1,192.44,0.25
4636,1521,179,1,84.41,0.25
4637,1521,46,3,45.16,0.2
4638,1521,88,3,174.37,0.2
4639,1522,105,1,166.46,0.15
4640,1522,140,3,209.12,0.25
4641,1522,92,4,102.43,0.2
4642,1523,128,4,195.51,0.15000000000000002
4643,1524,59,3,221.38,0.2
4644,1525,120,2,312.12,0.1
4645,1525,151,4,188.18,0.2
4646,1526,162,3,88.7,0.1
4647,1526,97,3,204.82,0.15000000000000002
4648,1526,126,4,45.4,0.2
4649,1527,122,1,214.2,0.25
4650,1527,126,2,42.56,0.25
4651,1527,125,1,30.78,0.3
4652,1527,63,3,210.9,0.25
4653,1528,99,3,50.76,0.1
4654,1528,132,1,169.06,0.1
4655,1528,149,4,153.53,0.1
4656,1528,22,3,86.63,0.1
4657,1528,93,2,220.89,0.1
4658,1529,75,3,200.79,0.15
4659,1529,177,3,216.43,0.2
4660,1529,85,1,85.76,0.15
4661,1530,167,3,159.23,0.35
4662,1530,86,2,250.68,0.25
4663,1530,61,1,194.35,0.25
4664,1530,36,3,48.49,0.25
4665,1531,49,2,168.13,0.25
4666,1531,93,4,184.07,0.25
4667,1531,3,1,156.14,0.35
4668,1532,162,4,73.92,0.25
4669,1532,43,3,241.96,0.25
4670,1533,22,1,86.63,0.1
4671,1533,8,1,72.14,0.15000000000000002
4672,1533,51,4,237.44,0.2
4673,1533,63,1,253.08,0.1
4674,1533,148,1,168.82,0.1
4675,1534,56,4,159.86,0.25
4676,1534,128,3,184.01,0.2
4677,1534,99,4,47.94,0.15
4678,1534,148,3,150.06,0.2
4679,1535,134,4,109.11,0.2
4680,1535,2,3,93.02,0.25
4681,1536,90,3,196.01,0.35
4682,1536,119,3,103.2,0.3
4683,1536,29,1,215.3,0.25
4684,1536,37,3,156.76,0.3
4685,1536,47,1,56.15,0.35
4686,1537,141,3,98.62,0.2
4687,1537,61,3,207.3,0.2
4688,1537,15,3,188.5,0.25
4689,1538,28,1,367.17,0.1
4690,1538,57,1,289.09,0.1
4691,1538,49,1,201.76,0.1
4692,1539,51,2,252.28,0.15
4693,1539,155,3,229.9,0.15
4694,1540,174,4,346.84,0.0
4695,1540,131,3,118.03,0.0
4696,1540,160,3,235.6,0.0
4697,1541,70,2,353.87,0.0
4698,1541,26,2,347.8,0.0
4699,1542,74,4,319.9,0.0
4700,1543,115,2,367.57,0.15000000000000002
4701,1543,142,3,333.06,0.1
4702,1543,174,1,312.16,0.1
4703,1543,93,4,196.34,0.2
4704,1543,23,1,337.93,0.1
4705,1544,165,1,147.59,0.25
4706,1544,36,3,51.73,0.2
4707,1544,62,2,287.08,0.2
4708,1545,123,2,140.83,0.1
4709,1546,40,3,121.27,0.3
4710,1546,27,1,71.42,0.35
4711,1546,74,1,223.93,0.3
4712,1546,73,4,138.68,0.25
4713,1546,31,1,49.35,0.25
4714,1547,74,1,287.91,0.1
4715,1547,154,3,23.51,0.1
4716,1547,69,1,49.27,0.1
4717,1547,64,2,199.63,0.15000000000000002
4718,1547,155,4,243.42,0.1
4719,1548,179,4,106.92,0.05
4720,1549,66,2,83.57,0.3
4721,1549,175,3,75.8,0.35
4722,1549,36,3,42.03,0.35
4723,1549,130,1,97.92,0.35
4724,1549,143,4,96.16,0.35
4725,1550,15,3,251.33,0.0
4726,1551,163,3,347.3,0.05
4727,1551,136,4,243.13,0.1
4728,1551,108,2,274.49,0.05
4729,1552,118,2,271.06,0.2
4730,1552,45,4,144.46,0.2
4731,1552,136,3,189.1,0.30000000000000004
4732,1552,111,4,180.55,0.30000000000000004
4733,1552,153,1,40.28,0.30000000000000004
4734,1553,87,2,90.7,0.1
4735,1554,174,1,277.47,0.2
4736,1555,97,3,228.91,0.05
4737,1555,82,3,115.94,0.0
4738,1556,164,4,176.26,0.15
4739,1556,26,2,295.63,0.15
4740,1556,155,2,202.85,0.25
4741,1557,148,3,150.06,0.2
4742,1557,138,2,126.3,0.30000000000000004
4743,1557,30,3,129.83,0.2
4744,1558,106,3,210.73,0.2
4745,1558,12,4,170.76,0.30000000000000004
4746,1559,105,2,146.88,0.25
4747,1559,144,1,87.01,0.35
4748,1559,34,3,312.28,0.25
4749,1559,119,4,95.83,0.35
4750,1559,165,1,127.91,0.35
4751,1560,36,2,58.19,0.1
4752,1560,115,2,389.19,0.1
4753,1560,141,1,110.94,0.1
4754,1560,177,1,216.43,0.2
4755,1561,51,4,237.44,0.2
4756,1562,60,3,173.02,0.2
4757,1562,78,1,309.89,0.1
4758,1563,128,2,218.51,0.05
4759,1564,148,3,131.31,0.30000000000000004
4760,1564,114,1,23.95,0.30000000000000004
4761,1565,90,4,226.16,0.25
4762,1565,141,4,80.13,0.35
4763,1565,95,2,316.25,0.25
4764,1565,126,4,42.56,0.25
4765,1566,17,3,84.46,0.1
4766,1566,57,3,321.21,0.0
4767,1566,150,2,303.69,0.0
4768,1567,11,2,178.74,0.25
4769,1567,37,1,156.76,0.30000000000000004
4770,1568,161,2,191.07,0.25
4771,1568,72,4,73.85,0.35
4772,1568,82,2,86.95,0.25
4773,1568,125,4,30.78,0.3
4774,1568,114,1,25.66,0.25
4775,1569,73,4,138.68,0.25
4776,1569,114,4,27.38,0.2
4777,1569,166,2,192.6,0.2
4778,1569,21,3,21.85,0.2
4779,1569,107,1,133.45,0.2
4780,1570,43,3,290.35,0.1
4781,1570,35,2,48.69,0.1
4782,1571,116,3,378.07,0.05
4783,1572,16,3,92.71,0.3
4784,1572,91,4,261.91,0.35
4785,1573,31,4,59.22,0.1
4786,1573,98,3,129.58,0.2
4787,1573,136,1,243.13,0.1
4788,1573,10,2,437.34,0.1
4789,1574,53,4,119.96,0.15000000000000002
4790,1574,65,4,409.95,0.1
4791,1574,12,3,219.56,0.1
4792,1574,6,1,50.27,0.1
4793,1575,70,3,265.4,0.25
4794,1575,141,1,98.62,0.2
4795,1575,7,1,200.86,0.2
4796,1576,145,1,299.89,0.15
4797,1576,58,1,267.44,0.15
4798,1576,140,1,209.12,0.25
4799,1577,55,1,233.3,0.2
4800,1577,141,2,110.94,0.1
4801,1578,42,1,206.24,0.05
4802,1578,89,4,127.22,0.05
4803,1579,53,2,112.9,0.2
4804,1579,116,4,318.38,0.2
4805,1579,62,2,251.19,0.30000000000000004
4806,1579,134,4,95.47,0.30000000000000004
4807,1580,152,2,70.3,0.0
4808,1581,91,2,342.5,0.15
4809,1581,168,4,263.0,0.15
4810,1581,41,3,172.43,0.15
4811,1582,116,2,318.38,0.2
4812,1583,162,2,88.7,0.1
4813,1583,30,4,146.06,0.1
4814,1583,167,3,220.47,0.1
4815,1583,19,1,237.02,0.1
4816,1584,160,4,212.04,0.1
4817,1584,18,2,129.21,0.0
4818,1585,91,3,402.94,0.0
4819,1585,61,2,259.13,0.0
4820,1585,82,3,104.35,0.1
4821,1585,86,3,317.53,0.05
4822,1586,11,4,202.57,0.15
4823,1586,108,4,245.6,0.15
4824,1586,18,2,109.83,0.15
4825,1586,130,3,112.99,0.25
4826,1587,163,1,292.46,0.2
4827,1587,154,4,20.9,0.2
4828,1587,167,4,195.98,0.2
4829,1588,50,2,18.16,0.25
4830,1588,69,2,38.32,0.3
4831,1589,138,3,135.32,0.25
4832,1590,95,1,337.33,0.2
4833,1590,11,1,178.74,0.25
4834,1590,137,1,53.08,0.2
4835,1591,161,3,191.07,0.25
4836,1592,18,3,96.91,0.25
4837,1592,129,1,138.47,0.25
4838,1592,77,1,370.63,0.25
4839,1592,146,4,89.28,0.35
4840,1593,24,2,335.5,0.2
4841,1593,78,4,258.24,0.25
4842,1593,87,1,85.66,0.15
4843,1593,123,4,133.01,0.15
4844,1593,53,3,119.96,0.15
4845,1594,103,4,116.7,0.2
4846,1594,86,2,267.39,0.2
4847,1594,23,2,337.93,0.1
4848,1595,19,1,184.35,0.3
4849,1596,39,1,206.06,0.1
4850,1596,28,2,346.77,0.15000000000000002
4851,1597,143,2,125.75,0.15
4852,1597,28,3,326.38,0.2
4853,1597,148,3,159.44,0.15
4854,1598,103,2,145.87,0.0
4855,1598,164,2,186.63,0.1
4856,1598,51,2,296.8,0.0
4857,1599,42,2,184.53,0.15
4858,1600,135,1,373.46,0.05
4859,1600,117,1,67.89,0.0
4860,1600,178,3,50.32,0.0
4861,1600,149,2,170.59,0.0
4862,1600,116,2,397.97,0.0
4863,1601,165,1,196.79,0.0
4864,1601,25,4,23.31,0.0
4865,1601,101,4,390.62,0.0
4866,1602,64,2,164.4,0.3
4867,1602,68,3,118.72,0.35
4868,1602,173,3,340.78,0.25
4869,1602,92,2,96.03,0.25
4870,1603,16,4,105.96,0.2
4871,1603,49,2,179.34,0.2
4872,1603,147,4,168.7,0.2
4873,1604,46,2,50.81,0.1
4874,1605,55,3,218.72,0.25
4875,1605,4,1,162.69,0.2
4876,1606,107,2,158.47,0.05
4877,1606,104,3,268.06,0.05
4878,1606,111,3,245.03,0.05
4879,1606,30,1,154.18,0.05
4880,1606,175,3,110.78,0.05
4881,1607,69,3,41.05,0.25
4882,1607,69,3,38.32,0.30000000000000004
4883,1608,39,4,160.26,0.3
4884,1609,162,2,73.92,0.25
4885,1609,164,3,145.16,0.3
4886,1609,90,1,211.09,0.3
4887,1609,151,4,176.42,0.25
4888,1610,74,3,239.92,0.25
4889,1611,40,1,138.6,0.2
4890,1611,26,3,260.85,0.25
4891,1612,73,1,175.66,0.05
4892,1613,43,3,241.96,0.25
4893,1613,125,3,30.78,0.3
4894,1613,41,3,152.15,0.25
4895,1613,92,3,83.23,0.35
4896,1614,49,1,224.18,0.0
4897,1614,93,3,220.89,0.1
4898,1614,105,1,195.84,0.0
4899,1614,1,1,255.66,0.0
4900,1614,56,2,213.15,0.0
4901,1615,120,4,225.42,0.35
4902,1615,148,3,140.69,0.25
4903,1615,59,1,207.54,0.25
4904,1615,135,3,294.84,0.25
4905,1615,26,2,243.46,0.3
4906,1616,11,1,178.74,0.25
4907,1616,56,1,138.55,0.35
4908,1617,100,1,210.92,0.30000000000000004
4909,1617,51,3,237.44,0.2
4910,1617,171,2,111.26,0.25
4911,1617,37,4,179.16,0.2
4912,1618,60,4,194.65,0.1
4913,1618,43,3,322.61,0.0
4914,1618,106,4,250.24,0.05
4915,1618,159,2,320.99,0.05
4916,1619,87,3,70.55,0.3
4917,1619,32,1,99.61,0.25
4918,1620,164,1,165.9,0.2
4919,1620,104,1,211.63,0.25
4920,1620,96,4,284.62,0.2
4921,1621,171,4,111.26,0.25
4922,1622,95,3,379.49,0.1
4923,1622,138,1,162.39,0.1
4924,1622,171,3,126.1,0.15000000000000002
4925,1623,58,2,251.7,0.2
4926,1623,43,4,258.09,0.2
4927,1623,78,3,275.46,0.2
4928,1624,123,3,133.01,0.15000000000000002
4929,1624,134,2,122.75,0.1
4930,1625,54,3,126.65,0.25
4931,1625,92,4,96.03,0.25
4932,1626,140,4,278.82,0.0
4933,1626,31,2,62.51,0.05
4934,1626,155,2,243.42,0.1
4935,1626,157,2,266.51,0.0
4936,1626,20,4,140.95,0.0
4937,1627,140,2,250.94,0.1
4938,1627,89,3,120.53,0.1
4939,1628,83,2,307.94,0.2
4940,1629,9,3,135.06,0.3
4941,1629,96,4,266.83,0.25
4942,1629,179,3,84.41,0.25
4943,1630,63,3,196.84,0.30000000000000004
4944,1630,17,4,75.07,0.2
4945,1630,119,3,117.94,0.2
4946,1631,64,4,199.63,0.15
4947,1631,22,1,72.2,0.25
4948,1631,128,3,195.51,0.15
4949,1631,136,3,229.62,0.15
4950,1632,156,4,128.6,0.15000000000000002
4951,1633,38,4,197.17,0.25
4952,1633,163,3,274.19,0.25
4953,1633,176,1,16.82,0.25
4954,1634,47,1,69.1,0.2
4955,1634,104,3,253.95,0.1
4956,1634,165,2,177.11,0.1
4957,1635,32,1,92.97,0.30000000000000004
4958,1635,146,1,109.89,0.2
4959,1635,64,1,187.89,0.2
4960,1635,61,2,194.35,0.25
4961,1635,51,3,222.6,0.25
4962,1636,24,3,356.46,0.15
4963,1637,65,3,455.5,0.0
4964,1637,34,2,416.37,0.0
4965,1637,102,1,303.01,0.0
4966,1637,131,4,118.03,0.0
4967,1638,81,1,307.54,0.1
4968,1638,156,3,128.6,0.15000000000000002
4969,1639,20,2,98.66,0.3
4970,1639,124,2,34.55,0.25
4971,1639,156,3,113.47,0.25
4972,1639,157,4,173.23,0.35
4973,1639,45,2,135.43,0.25
4974,1640,122,2,214.2,0.25
4975,1640,114,3,25.66,0.25
4976,1640,155,2,175.81,0.35
4977,1641,130,4,128.05,0.15
4978,1641,147,4,168.7,0.2
4979,1641,164,3,176.26,0.15
4980,1641,78,4,258.24,0.25
4981,1641,20,3,119.81,0.15
4982,1642,115,3,389.19,0.1
4983,1643,67,4,279.94,0.2
4984,1643,180,2,123.55,0.2
4985,1643,36,2,54.96,0.15
4986,1643,10,4,413.04,0.15
4987,1643,30,2,137.95,0.15
4988,1644,74,3,287.91,0.1
4989,1644,74,2,287.91,0.1
4990,1644,156,2,136.16,0.1
4991,1644,148,3,150.06,0.2
4992,1644,101,1,351.56,0.1
4993,1645,46,1,36.69,0.35
4994,1645,123,1,117.36,0.25
4995,1645,76,3,113.69,0.25
4996,1645,129,4,138.47,0.25
4997,1646,13,2,47.79,0.2
4998,1646,104,1,239.84,0.15
4999,1646,65,4,341.62,0.25
5000,1646,176,3,19.06,0.15
5001,1647,169,1,86.81,0.15000000000000002
5002,1647,17,2,84.46,0.1
5003,1647,64,3,211.37,0.1
5004,1647,169,1,91.92,0.1
5005,1648,160,3,153.14,0.35
5006,1648,21,4,20.48,0.25
5007,1648,12,1,182.96,0.25
5008,1648,162,2,73.92,0.25
5009,1649,164,3,197.0,0.05
5010,1649,35,2,54.1,0.0
5011,1650,87,2,75.59,0.25
5012,1650,50,3,19.37,0.2
5013,1650,21,2,21.85,0.2
5014,1650,112,3,179.61,0.30000000000000004
5015,1651,166,3,192.6,0.2
5016,1651,135,3,314.5,0.2
5017,1651,75,3,165.35,0.30000000000000004
5018,1651,11,4,190.66,0.2
5019,1651,151,1,188.18,0.2
5020,1652,128,4,195.51,0.15000000000000002
5021,1652,169,3,86.81,0.15000000000000002
5022,1653,91,1,282.06,0.30000000000000004
5023,1653,12,1,170.76,0.30000000000000004
5024,1653,10,4,340.15,0.30000000000000004
5025,1653,149,1,136.47,0.2
5026,1654,104,2,282.17,0.0
5027,1654,168,3,278.47,0.1
5028,1655,160,1,235.6,0.0
5029,1655,96,3,355.78,0.0
5030,1656,104,1,225.74,0.2
5031,1657,23,4,319.16,0.15
5032,1657,152,3,59.75,0.15
5033,1657,68,2,155.25,0.15
5034,1657,18,3,109.83,0.15
5035,1658,156,3,121.03,0.2
5036,1658,7,1,200.86,0.2
5037,1658,7,2,200.86,0.2
5038,1659,55,4,247.88,0.15
5039,1659,9,1,164.01,0.15
5040,1659,107,4,133.45,0.2
5041,1660,64,4,199.63,0.15000000000000002
5042,1660,34,3,333.1,0.2
5043,1660,115,1,389.19,0.1
5044,1660,35,4,45.98,0.15000000000000002
5045,1661,162,3,73.92,0.25
5046,1661,51,3,222.6,0.25
5047,1661,105,1,146.88,0.25
5048,1661,75,1,153.54,0.35
5049,1661,73,2,129.44,0.3
5050,1662,33,3,161.59,0.25
5051,1662,51,1,192.92,0.35
5052,1663,113,1,173.81,0.25
5053,1663,76,3,113.69,0.25
5054,1663,150,1,212.58,0.3
5055,1663,148,3,121.93,0.35
5056,1664,18,4,109.83,0.15
5057,1664,138,2,153.37,0.15
5058,1664,6,2,44.69,0.2
5059,1665,127,1,104.57,0.2
5060,1666,146,1,89.28,0.35
5061,1666,74,3,223.93,0.3
5062,1666,102,4,227.26,0.25
5063,1667,169,1,91.92,0.1
5064,1667,47,1,77.74,0.1
5065,1667,50,1,20.58,0.15000000000000002
5066,1668,112,4,192.44,0.25
5067,1668,124,3,34.55,0.25
5068,1668,95,2,274.08,0.35
5069,1669,23,2,319.16,0.15
5070,1669,92,3,108.83,0.15
5071,1669,179,3,84.41,0.25
5072,1669,126,1,48.24,0.15
5073,1670,81,4,256.28,0.25
5074,1671,137,1,49.76,0.25
5075,1672,123,3,125.18,0.2
5076,1672,91,4,302.2,0.25
5077,1672,101,4,312.5,0.2
5078,1672,87,1,80.62,0.2
5079,1673,85,3,80.71,0.2
5080,1673,81,2,273.37,0.2
5081,1673,20,2,98.66,0.30000000000000004
5082,1673,70,4,283.1,0.2
5083,1673,171,3,111.26,0.25
5084,1674,98,4,137.68,0.15
5085,1674,145,3,282.25,0.2
5086,1674,155,4,216.38,0.2
5087,1675,124,1,41.46,0.1
5088,1675,12,2,219.56,0.1
5089,1675,84,4,273.18,0.1
5090,1675,121,3,388.21,0.1
5091,1676,77,2,444.76,0.1
5092,1676,17,2,84.46,0.1
5093,1676,151,2,199.95,0.15000000000000002
5094,1676,99,4,45.12,0.2
5095,1676,146,1,116.76,0.15000000000000002
5096,1677,35,2,40.58,0.25
5097,1678,174,1,346.84,0.0
5098,1678,107,1,158.47,0.05
5099,1679,139,3,322.62,0.2
5100,1679,65,1,409.95,0.1
5101,1679,52,1,63.28,0.2
5102,1680,152,3,52.72,0.25
5103,1680,74,4,207.94,0.35
5104,1680,126,4,39.72,0.3
5105,1681,159,1,219.62,0.35
5106,1682,148,4,131.31,0.30000000000000004
5107,1682,165,2,147.59,0.25
5108,1682,178,1,35.22,0.30000000000000004
5109,1682,121,1,301.94,0.30000000000000004
5110,1682,122,3,228.48,0.2
5111,1683,116,3,278.58,0.30000000000000004
5112,1683,133,1,227.54,0.2
5113,1684,95,2,379.49,0.1
5114,1684,2,3,111.62,0.1
5115,1685,180,3,108.11,0.3
5116,1685,125,4,32.98,0.25
5117,1686,144,4,113.78,0.15
5118,1686,177,1,229.96,0.15
5119,1687,28,4,387.57,0.05
5120,1687,176,4,22.42,0.0
5121,1688,98,3,161.98,0.0
5122,1688,135,2,393.12,0.0
5123,1688,177,4,243.49,0.1
5124,1688,45,2,162.51,0.1
5125,1688,100,2,301.32,0.0
5126,1689,55,2,247.88,0.15
5127,1690,124,2,36.86,0.2
5128,1691,141,1,98.62,0.2
5129,1691,32,1,106.25,0.2
5130,1691,13,3,50.78,0.15
5131,1691,153,4,46.04,0.2
5132,1692,48,2,144.06,0.25
5133,1693,118,1,254.12,0.25
5134,1693,99,4,42.3,0.25
5135,1693,136,3,202.6,0.25
5136,1694,143,2,110.95,0.25
5137,1694,33,3,161.59,0.25
5138,1694,146,4,89.28,0.35
5139,1695,100,4,210.92,0.30000000000000004
5140,1695,30,2,129.83,0.2
5141,1695,79,2,57.15,0.2
5142,1695,62,1,287.08,0.2
5143,1696,5,1,305.43,0.2
5144,1696,156,3,121.03,0.2
5145,1697,171,3,126.1,0.15
5146,1698,13,3,50.78,0.15
5147,1698,9,4,164.01,0.15
5148,1698,13,3,44.8,0.25
5149,1698,108,1,216.7,0.25
5150,1698,85,1,85.76,0.15
5151,1699,27,2,98.89,0.1
5152,1699,52,1,75.14,0.05
5153,1700,159,4,304.09,0.1
5154,1701,180,4,131.27,0.15
5155,1701,45,3,153.48,0.15
5156,1701,128,3,184.01,0.2
5157,1701,14,3,110.07,0.15
5158,1701,180,2,115.83,0.25
5159,1702,88,3,163.47,0.25
5160,1702,135,4,294.84,0.25
5161,1702,79,4,46.44,0.35
5162,1702,118,1,254.12,0.25
5163,1703,9,4,154.36,0.2
5164,1703,133,1,255.99,0.1
5165,1704,117,4,61.1,0.1
5166,1704,14,1,123.02,0.05
5167,1704,78,2,309.89,0.1
5168,1705,55,1,204.13,0.3
5169,1706,30,2,137.95,0.15000000000000002
5170,1706,139,2,362.95,0.1
5171,1707,127,2,117.64,0.1
5172,1707,19,4,250.19,0.05
5173,1707,7,1,251.07,0.0
5174,1708,136,3,202.6,0.25
5175,1708,42,4,162.82,0.25
5176,1708,7,2,188.3,0.25
5177,1709,165,1,127.91,0.35
5178,1710,8,1,59.41,0.3
5179,1710,92,3,96.03,0.25
5180,1711,176,1,16.82,0.25
5181,1711,23,4,281.61,0.25
5182,1711,163,2,274.19,0.25
5183,1711,36,4,48.49,0.25
5184,1711,95,4,316.25,0.25
5185,1712,111,1,245.03,0.05
5186,1712,132,4,178.46,0.05
5187,1712,101,4,390.62,0.0
5188,1712,36,2,64.66,0.0
5189,1713,121,3,366.64,0.15000000000000002
5190,1713,39,2,194.61,0.15000000000000002
5191,1713,50,2,21.79,0.1
5192,1713,176,1,17.94,0.2
5193,1713,55,1,233.3,0.2
5194,1714,165,1,196.79,0.0
5195,1714,30,4,162.29,0.0
5196,1715,129,3,147.7,0.2
5197,1715,59,1,221.38,0.2
5198,1715,13,1,47.79,0.2
5199,1716,1,4,242.88,0.05
5200,1716,162,1,93.63,0.05
5201,1716,100,4,286.25,0.05
5202,1717,102,4,257.56,0.15
5203,1717,67,1,297.44,0.15
5204,1717,156,2,113.47,0.25
5205,1717,76,4,113.69,0.25
5206,1718,42,3,173.67,0.2
5207,1718,143,1,118.35,0.2
5208,1719,81,3,273.37,0.2
5209,1719,9,4,173.66,0.1
5210,1720,108,3,231.15,0.2
5211,1720,99,2,45.12,0.2
5212,1720,17,4,70.38,0.25
5213,1720,136,2,216.11,0.2
5214,1720,135,1,275.18,0.30000000000000004
5215,1721,51,3,222.6,0.25
5216,1721,134,1,102.29,0.25
5217,1722,151,2,235.23,0.0
5218,1722,84,3,303.53,0.0
5219,1722,157,3,266.51,0.0
5220,1722,28,2,367.17,0.1
5221,1723,93,2,220.89,0.1
5222,1723,104,1,282.17,0.0
5223,1723,105,1,195.84,0.0
5224,1723,137,2,66.35,0.0
5225,1723,80,1,48.19,0.1
5226,1724,26,1,347.8,0.0
5227,1724,41,3,202.86,0.0
5228,1724,110,2,96.48,0.1
5229,1724,122,2,271.32,0.05
5230,1725,78,1,327.1,0.05
5231,1725,154,2,26.12,0.0
5232,1725,125,1,43.97,0.0
5233,1725,81,4,341.71,0.0
5234,1726,103,4,131.28,0.1
5235,1727,63,1,281.2,0.0
5236,1727,119,4,147.43,0.0
5237,1727,168,4,293.94,0.05
5238,1727,103,1,131.28,0.1
5239,1727,124,3,46.07,0.0
5240,1728,98,3,161.98,0.0
5241,1728,82,3,110.14,0.05
5242,1729,88,1,141.67,0.35
5243,1730,130,4,128.05,0.15
5244,1730,104,2,239.84,0.15
5245,1731,50,1,19.37,0.2
5246,1731,55,3,233.3,0.2
5247,1732,35,4,43.28,0.2
5248,1732,32,2,112.89,0.15
5249,1732,87,1,75.59,0.25
5250,1732,56,1,181.18,0.15
5251,1732,66,2,101.48,0.15
5252,1733,166,2,228.71,0.05
5253,1733,95,1,400.58,0.05
5254,1733,166,1,228.71,0.05
5255,1733,52,1,67.23,0.15000000000000002
5256,1734,115,2,389.19,0.1
5257,1735,172,2,126.8,0.15
5258,1736,101,4,371.09,0.05
5259,1736,170,1,15.63,0.0
5260,1736,33,4,215.45,0.0
5261,1736,93,4,220.89,0.1
5262,1737,34,3,333.1,0.2
5263,1738,35,1,45.98,0.15
5264,1739,42,2,173.67,0.2
5265,1740,106,3,197.56,0.25
5266,1740,90,1,241.24,0.2
5267,1740,136,2,202.6,0.25
5268,1740,127,1,104.57,0.2
5269,1741,30,1,129.83,0.2
5270,1741,160,4,188.48,0.2
5271,1742,174,1,242.79,0.30000000000000004
5272,1742,148,1,150.06,0.2
5273,1742,83,2,307.94,0.2
5274,1743,107,1,141.79,0.15
5275,1744,36,1,45.26,0.30000000000000004
5276,1745,147,3,158.16,0.25
5277,1745,39,4,171.71,0.25
5278,1745,14,4,90.64,0.3
5279,1745,35,2,40.58,0.25
5280,1746,168,3,263.0,0.15
5281,1747,40,1,147.26,0.15000000000000002
5282,1747,165,3,177.11,0.1
5283,1747,137,1,59.71,0.1
5284,1747,85,1,90.8,0.1
5285,1747,173,4,363.5,0.2
5286,1748,144,1,120.47,0.1
5287,1748,177,4,243.49,0.1
5288,1748,158,4,105.45,0.1
5289,1749,93,1,196.34,0.2
5290,1749,112,4,179.61,0.30000000000000004
5291,1749,57,4,240.91,0.25
5292,1749,148,2,131.31,0.30000000000000004
5293,1749,155,1,216.38,0.2
5294,1750,28,1,367.17,0.1
5295,1750,123,4,125.18,0.2
5296,1751,136,2,216.11,0.2
5297,1751,95,4,337.33,0.2
5298,1751,64,4,176.15,0.25
5299,1751,45,1,135.43,0.25
5300,1752,163,4,255.91,0.3
5301,1753,84,1,258.0,0.15000000000000002
5302,1753,73,1,166.42,0.1
5303,1754,155,4,202.85,0.25
5304,1754,74,1,239.92,0.25
5305,1755,13,4,44.8,0.25
5306,1755,110,1,80.4,0.25
5307,1755,39,4,171.71,0.25
5308,1755,57,2,208.79,0.35
5309,1755,48,3,144.06,0.25
5310,1756,77,2,321.22,0.35
5311,1756,140,2,195.17,0.3
5312,1756,48,1,144.06,0.25
5313,1757,103,4,131.28,0.1
5314,1757,116,4,338.27,0.15000000000000002
5315,1757,140,4,264.88,0.05
5316,1757,14,4,110.07,0.15000000000000002
5317,1757,16,2,125.83,0.05
5318,1758,169,4,91.92,0.1
5319,1758,174,1,277.47,0.2
5320,1758,167,2,195.98,0.2
5321,1758,35,4,43.28,0.2
5322,1758,122,2,257.04,0.1
5323,1759,112,1,192.44,0.25
5324,1759,109,2,105.07,0.2
5325,1759,166,2,204.64,0.15
5326,1759,69,2,43.79,0.2
5327,1759,151,3,199.95,0.15
5328,1760,156,3,128.6,0.15
5329,1761,154,1,22.2,0.15000000000000002
5330,1761,65,4,432.72,0.05
5331,1761,122,4,271.32,0.05
5332,1762,8,1,76.38,0.1
5333,1762,99,2,47.94,0.15000000000000002
5334,1763,117,3,47.52,0.3
5335,1763,20,3,105.71,0.25
5336,1763,34,4,291.46,0.3
5337,1763,180,1,115.83,0.25
5338,1763,66,3,89.54,0.25
5339,1764,56,2,191.84,0.1
5340,1764,28,3,367.17,0.1
5341,1764,54,4,151.97,0.1
5342,1765,67,1,279.94,0.2
5343,1765,143,3,125.75,0.15000000000000002
5344,1765,131,3,106.23,0.1
5345,1765,116,3,358.17,0.1
5346,1765,104,4,253.95,0.1
5347,1766,16,4,119.2,0.1
5348,1766,86,1,300.82,0.1
5349,1766,143,3,125.75,0.15000000000000002
5350,1766,175,2,104.95,0.1
5351,1767,49,1,168.13,0.25
5352,1767,76,3,113.69,0.25
5353,1767,68,4,118.72,0.35
5354,1767,115,3,324.32,0.25
5355,1767,151,3,176.42,0.25
5356,1768,180,4,108.11,0.3
5357,1768,120,3,225.42,0.35
5358,1769,33,4,161.59,0.25
5359,1769,162,1,73.92,0.25
5360,1769,59,1,193.7,0.3
5361,1770,158,3,117.17,0.0
5362,1770,112,1,256.59,0.0
5363,1770,109,2,131.34,0.0
5364,1770,165,3,186.95,0.05
5365,1771,37,4,156.76,0.3
5366,1771,95,2,295.16,0.3
5367,1771,39,3,171.71,0.25
5368,1772,79,3,67.87,0.05
5369,1772,119,3,147.43,0.0
5370,1772,145,1,352.81,0.0
5371,1773,80,1,42.83,0.2
5372,1773,67,4,279.94,0.2
5373,1773,171,3,103.84,0.30000000000000004
5374,1774,97,2,192.77,0.2
5375,1774,68,4,164.39,0.1
5376,1774,19,2,210.69,0.2
5377,1774,161,1,216.55,0.15000000000000002
5378,1774,79,4,64.3,0.1
5379,1775,133,3,213.32,0.25
5380,1775,79,2,53.58,0.25
5381,1775,24,2,314.53,0.25
5382,1775,95,4,316.25,0.25
5383,1775,140,2,209.12,0.25
5384,1776,144,3,107.09,0.2
5385,1777,67,1,314.94,0.1
5386,1777,83,4,346.44,0.1
5387,1777,175,4,116.61,0.0
5388,1777,118,3,338.83,0.0
5389,1778,25,2,20.98,0.1
5390,1778,140,3,264.88,0.05
5391,1778,160,1,223.82,0.05
5392,1778,31,1,62.51,0.05
5393,1778,172,3,141.72,0.05
5394,1779,72,4,90.89,0.2
5395,1779,25,2,19.81,0.15
5396,1779,4,1,172.86,0.15
5397,1779,15,1,188.5,0.25
5398,1780,180,2,154.44,0.0
5399,1781,12,3,219.56,0.1
5400,1781,68,2,164.39,0.1
5401,1781,55,4,262.46,0.1
5402,1782,49,2,156.93,0.3
5403,1782,7,1,188.3,0.25
5404,1782,178,3,37.74,0.25
5405,1783,103,3,123.99,0.15000000000000002
5406,1783,109,3,118.21,0.1
5407,1783,45,1,153.48,0.15000000000000002
5408,1783,180,4,139.0,0.1
5409,1783,88,3,174.37,0.2
5410,1784,44,2,252.17,0.1
5411,1785,72,3,96.57,0.15
5412,1785,95,3,358.41,0.15
5413,1785,129,3,147.7,0.2
5414,1786,76,2,144.01,0.05
5415,1786,9,2,164.01,0.15000000000000002
5416,1786,22,4,86.63,0.1
5417,1786,74,1,287.91,0.1
5418,1786,4,2,193.19,0.05
5419,1787,128,3,172.51,0.25
5420,1788,155,4,270.47,0.0
5421,1788,122,4,285.6,0.0
5422,1788,179,1,112.55,0.0
5423,1789,101,3,371.09,0.05
5424,1789,96,4,302.41,0.15000000000000002
5425,1789,89,3,127.22,0.05
5426,1789,161,2,229.28,0.1
5427,1789,131,1,100.33,0.15000000000000002
5428,1790,131,4,88.52,0.25
5429,1790,79,1,53.58,0.25
5430,1790,154,3,19.59,0.25
5431,1790,45,1,135.43,0.25
5432,1791,64,2,234.86,0.0
5433,1791,49,3,212.97,0.05
5434,1792,71,3,304.13,0.1
5435,1793,175,1,87.46,0.25
5436,1793,171,1,118.68,0.2
5437,1793,143,4,118.35,0.2
5438,1793,77,4,420.05,0.15
5439,1794,143,3,96.16,0.35
5440,1794,122,2,214.2,0.25
5441,1794,13,3,44.8,0.25
5442,1795,171,3,111.26,0.25
5443,1795,39,4,171.71,0.25
5444,1796,178,2,47.8,0.05
5445,1796,71,1,337.92,0.0
5446,1796,37,2,223.95,0.0
5447,1796,72,2,102.25,0.1
5448,1796,180,2,154.44,0.0
5449,1797,25,4,22.14,0.05
5450,1797,58,3,298.9,0.05
5451,1797,177,2,257.01,0.05
5452,1797,105,4,176.26,0.1
5453,1798,67,1,262.45,0.25
5454,1798,80,1,40.16,0.25
5455,1799,179,2,73.16,0.35
5456,1799,111,2,180.55,0.3
5457,1800,2,2,93.02,0.25
5458,1800,41,3,152.15,0.25
5459,1800,161,2,178.33,0.3
5460,1801,11,3,214.49,0.1
5461,1802,52,1,67.23,0.15
5462,1803,15,2,251.33,0.0
5463,1803,99,3,50.76,0.1
5464,1803,156,1,143.73,0.05
5465,1803,102,1,287.86,0.05
5466,1804,126,2,42.56,0.25
5467,1804,4,2,132.18,0.35
5468,1805,179,2,101.3,0.1
5469,1805,143,4,147.94,0.0
5470,1806,39,1,183.16,0.2
5471,1806,31,1,52.64,0.2
5472,1806,16,2,112.58,0.15
5473,1806,177,1,229.96,0.15
5474,1806,33,1,183.13,0.15
5475,1807,179,4,95.67,0.15
5476,1807,92,3,96.03,0.25
5477,1807,8,1,63.65,0.25
5478,1807,37,4,179.16,0.2
5479,1808,10,2,461.63,0.05
5480,1808,111,4,245.03,0.05
5481,1808,109,4,124.77,0.05
5482,1809,6,3,44.69,0.2
5483,1809,148,2,159.44,0.15000000000000002
5484,1809,141,4,110.94,0.1
5485,1810,46,1,42.34,0.25
5486,1810,129,1,120.01,0.35
5487,1810,26,2,260.85,0.25
5488,1810,150,1,227.77,0.25
5489,1810,70,1,247.71,0.3
5490,1811,56,2,159.86,0.25
5491,1811,42,2,162.82,0.25
5492,1811,12,4,182.96,0.25
5493,1811,23,4,281.61,0.25
5494,1811,143,4,96.16,0.35
5495,1812,35,1,48.69,0.1
5496,1812,157,4,239.86,0.1
5497,1813,84,1,303.53,0.0
5498,1814,32,2,99.61,0.25
5499,1815,115,4,345.94,0.2
5500,1816,14,4,84.17,0.35
5501,1816,46,2,42.34,0.25
5502,1816,150,4,197.4,0.35
5503,1817,171,3,111.26,0.25
5504,1817,142,3,259.05,0.3
5505,1817,19,4,197.52,0.25
5506,1818,152,2,59.75,0.15000000000000002
5507,1818,27,3,98.89,0.1
5508,1818,102,1,272.71,0.1
5509,1819,76,1,151.59,0.0
5510,1819,16,1,132.45,0.0
5511,1819,123,2,140.83,0.1
5512,1820,129,1,147.7,0.2
5513,1820,87,4,80.62,0.2
5514,1820,68,1,146.12,0.2
5515,1820,50,4,19.37,0.2
5516,1821,133,2,213.32,0.25
5517,1822,150,1,242.95,0.2
5518,1822,113,2,173.81,0.25
5519,1822,135,2,334.15,0.15
5520,1822,61,4,220.26,0.15
5521,1822,6,4,47.48,0.15
5522,1823,125,1,32.98,0.25
5523,1823,118,2,254.12,0.25
5524,1824,120,1,329.46,0.05
5525,1824,1,1,230.09,0.1
5526,1824,59,4,262.88,0.05
5527,1825,82,2,75.36,0.35
5528,1825,128,2,161.01,0.3
5529,1825,35,2,40.58,0.25
5530,1826,10,4,388.74,0.2
5531,1826,113,1,196.99,0.15
5532,1827,177,2,229.96,0.15
5533,1828,44,2,238.16,0.15
5534,1828,57,2,240.91,0.25
5535,1829,177,1,202.91,0.25
5536,1829,39,3,148.82,0.35
5537,1829,58,4,204.51,0.35
5538,1829,122,2,214.2,0.25
5539,1830,128,4,207.01,0.1
5540,1830,11,3,214.49,0.1
5541,1831,14,4,116.54,0.1
5542,1832,80,1,48.19,0.1
5543,1832,165,4,177.11,0.1
5544,1832,112,1,230.93,0.1
5545,1832,107,4,150.13,0.1
5546,1833,100,3,286.25,0.05
5547,1833,130,2,135.59,0.1
5548,1833,123,1,156.48,0.0
5549,1834,170,2,11.72,0.25
5550,1834,75,3,177.16,0.25
5551,1834,142,1,259.05,0.3
5552,1835,34,2,333.1,0.2
5553,1835,83,4,307.94,0.2
5554,1835,58,2,235.97,0.25
5555,1836,71,2,219.65,0.35
5556,1836,80,3,40.16,0.25
5557,1837,44,1,238.16,0.15
5558,1838,91,3,302.2,0.25
5559,1838,101,1,292.97,0.25
5560,1839,137,3,56.4,0.15
5561,1839,107,2,141.79,0.15
5562,1840,125,1,37.37,0.15
5563,1840,34,1,353.91,0.15
5564,1840,177,3,229.96,0.15
5565,1840,137,1,56.4,0.15
5566,1841,16,4,105.96,0.2
5567,1841,149,2,153.53,0.1
5568,1841,27,3,87.9,0.2
5569,1841,140,3,223.06,0.2
5570,1842,94,2,100.41,0.2
5571,1842,159,2,236.52,0.30000000000000004
5572,1842,3,3,192.17,0.2
5573,1842,66,4,83.57,0.30000000000000004
5574,1843,131,2,112.13,0.05
5575,1843,153,3,57.55,0.0
5576,1843,93,1,220.89,0.1
5577,1843,170,1,14.07,0.1
5578,1844,119,1,132.69,0.1
5579,1844,13,3,47.79,0.2
5580,1844,123,2,125.18,0.2
5581,1844,118,3,304.95,0.1
5582,1844,74,4,271.91,0.15000000000000002
5583,1845,142,4,333.06,0.1
5584,1845,36,4,58.19,0.1
5585,1845,118,3,271.06,0.2
5586,1846,58,3,235.97,0.25
5587,1846,110,4,69.68,0.35
5588,1846,127,4,91.5,0.3
5589,1846,28,2,305.98,0.25
5590,1847,153,2,48.92,0.15000000000000002
5591,1847,76,2,128.85,0.15000000000000002
5592,1847,103,1,131.28,0.1
5593,1847,81,3,290.45,0.15000000000000002
5594,1848,60,2,183.84,0.15000000000000002
5595,1848,162,1,83.78,0.15000000000000002
5596,1849,24,3,314.53,0.25
5597,1849,151,2,152.9,0.35
5598,1850,139,2,362.95,0.1
5599,1850,44,3,280.19,0.0
5600,1850,137,1,59.71,0.1
5601,1850,50,2,24.21,0.0
5602,1850,94,4,112.96,0.1
5603,1851,138,3,135.32,0.25
5604,1851,136,1,202.6,0.25
5605,1851,76,1,113.69,0.25
5606,1851,132,4,131.49,0.3
5607,1851,122,4,199.92,0.3
5608,1852,178,4,40.26,0.2
5609,1852,42,4,195.38,0.1
5610,1852,179,1,90.04,0.2
5611,1852,147,3,189.79,0.1
5612,1853,65,1,387.18,0.15000000000000002
5613,1853,36,2,54.96,0.15000000000000002
5614,1853,70,4,318.48,0.1
5615,1854,82,1,92.75,0.2
5616,1855,31,2,49.35,0.25
5617,1855,105,3,137.09,0.3
5618,1855,86,2,250.68,0.25
5619,1856,45,3,162.51,0.1
5620,1856,175,4,110.78,0.05
5621,1856,164,3,186.63,0.1
5622,1856,51,2,296.8,0.0
5623,1856,92,3,115.24,0.1
5624,1857,139,3,362.95,0.1
5625,1857,63,2,239.02,0.15000000000000002
5626,1858,166,1,192.6,0.2
5627,1858,34,4,291.46,0.30000000000000004
5628,1859,159,3,236.52,0.3
5629,1859,139,2,262.13,0.35
5630,1859,9,3,144.71,0.25
5631,1859,19,4,197.52,0.25
5632,1859,17,1,65.69,0.3
5633,1860,30,4,146.06,0.1
5634,1860,148,1,168.82,0.1
5635,1860,39,3,206.06,0.1
5636,1860,38,3,223.46,0.15000000000000002
5637,1861,59,2,235.21,0.15
5638,1861,131,2,100.33,0.15
5639,1861,55,3,218.72,0.25
5640,1861,55,3,247.88,0.15
5641,1861,91,3,342.5,0.15
5642,1862,136,3,216.11,0.2
5643,1862,124,1,41.46,0.1
5644,1862,32,1,112.89,0.15000000000000002
5645,1863,61,4,220.26,0.15000000000000002
5646,1863,92,2,115.24,0.1
5647,1863,45,1,162.51,0.1
5648,1863,69,1,49.27,0.1
5649,1864,64,2,176.15,0.25
5650,1864,121,2,345.07,0.2
5651,1865,88,3,185.27,0.15
5652,1865,162,4,73.92,0.25
5653,1865,26,2,278.24,0.2
5654,1866,164,4,145.16,0.3
5655,1866,78,2,223.81,0.35
5656,1866,53,2,98.79,0.3
5657,1867,134,2,136.39,0.0
5658,1867,153,4,51.8,0.1
5659,1867,99,3,53.58,0.05
5660,1867,156,1,151.29,0.0
5661,1867,60,1,205.47,0.05
5662,1868,14,2,110.07,0.15
5663,1868,25,1,19.81,0.15
5664,1868,44,4,238.16,0.15
5665,1868,153,3,48.92,0.15
5666,1868,33,3,183.13,0.15
5667,1869,67,1,297.44,0.15
5668,1869,128,3,195.51,0.15
5669,1870,27,4,93.4,0.15000000000000002
5670,1870,75,1,212.6,0.1
5671,1870,55,3,247.88,0.15000000000000002
5672,1871,17,2,93.84,0.0
5673,1871,125,3,43.97,0.0
5674,1871,6,3,53.07,0.05
5675,1871,50,4,24.21,0.0
5676,1871,117,2,67.89,0.0
5677,1872,118,3,237.18,0.3
5678,1872,167,2,183.73,0.25
5679,1873,77,1,494.18,0.0
5680,1873,15,2,251.33,0.0
5681,1873,95,4,421.66,0.0
5682,1874,59,2,262.88,0.05
5683,1874,107,2,166.81,0.0
5684,1875,166,2,204.64,0.15000000000000002
5685,1875,175,4,110.78,0.05
5686,1876,17,2,75.07,0.2
5687,1876,38,3,236.61,0.1
5688,1876,173,3,408.93,0.1
5689,1876,143,1,118.35,0.2
5690,1877,42,2,162.82,0.25
5691,1877,130,2,112.99,0.25
5692,1877,22,3,72.2,0.25
5693,1877,99,3,39.48,0.3
5694,1877,11,1,178.74,0.25
5695,1878,22,3,72.2,0.25
5696,1878,21,2,19.12,0.3
5697,1878,133,4,184.88,0.35
5698,1878,108,2,187.81,0.35
5699,1878,117,4,44.13,0.35
5700,1879,32,3,99.61,0.25
5701,1880,47,2,64.78,0.25
5702,1880,12,4,170.76,0.30000000000000004
5703,1881,121,4,388.21,0.1
5704,1882,71,1,270.34,0.2
5705,1883,6,3,53.07,0.05
5706,1883,50,4,23.0,0.05
5707,1883,54,1,160.42,0.05
5708,1883,120,3,312.12,0.1
5709,1883,168,3,293.94,0.05
5710,1884,111,1,219.24,0.15
5711,1884,39,4,171.71,0.25
5712,1884,147,3,168.7,0.2
5713,1884,172,3,126.8,0.15
5714,1885,41,4,162.29,0.2
5715,1885,47,4,73.42,0.15000000000000002
5716,1886,162,2,88.7,0.1
5717,1886,170,1,14.07,0.1
5718,1886,79,3,57.15,0.2
5719,1886,50,4,19.37,0.2
5720,1887,23,1,356.71,0.05
5721,1888,35,4,45.98,0.15000000000000002
5722,1888,86,3,284.1,0.15000000000000002
5723,1888,76,1,128.85,0.15000000000000002
5724,1889,7,2,188.3,0.25
5725,1889,107,4,125.11,0.25
5726,1889,141,2,92.45,0.25
5727,1890,96,3,284.62,0.2
5728,1890,155,1,216.38,0.2
5729,1891,32,1,92.97,0.3
5730,1891,83,2,288.7,0.25
5731,1891,68,3,127.85,0.3
5732,1892,112,3,218.1,0.15
5733,1892,134,2,109.11,0.2
5734,1893,46,2,36.69,0.35
5735,1894,2,1,105.42,0.15
5736,1894,36,1,54.96,0.15
5737,1894,76,3,128.85,0.15
5738,1894,11,3,190.66,0.2
5739,1895,179,4,90.04,0.2
5740,1895,104,4,225.74,0.2
5741,1896,50,1,18.16,0.25
5742,1896,168,2,201.12,0.35
5743,1896,108,1,216.7,0.25
5744,1896,149,3,127.94,0.25
5745,1896,32,3,86.33,0.35
5746,1897,89,1,87.05,0.35
5747,1897,169,1,76.6,0.25
5748,1897,160,4,176.7,0.25
5749,1897,136,2,202.6,0.25
5750,1897,124,2,34.55,0.25
5751,1898,7,2,225.96,0.1
5752,1898,139,2,383.12,0.05
5753,1899,98,4,129.58,0.2
5754,1899,57,1,224.85,0.30000000000000004
5755,1900,65,4,432.72,0.05
5756,1901,21,2,20.48,0.25
5757,1901,99,1,47.94,0.15
5758,1901,65,2,387.18,0.15
5759,1901,111,2,219.24,0.15
5760,1902,8,3,63.65,0.25
5761,1903,120,2,294.78,0.15
5762,1904,56,2,213.15,0.0
5763,1905,33,2,172.36,0.2
5764,1906,24,1,272.59,0.35
5765,1906,62,4,269.14,0.25
5766,1906,51,2,222.6,0.25
5767,1906,4,1,152.52,0.25
5768,1907,119,2,147.43,0.0
5769,1907,9,4,173.66,0.1
5770,1908,78,1,223.81,0.35
5771,1908,74,2,239.92,0.25
5772,1908,114,3,23.95,0.3
5773,1908,34,4,312.28,0.25
5774,1909,76,4,113.69,0.25
5775,1909,74,3,239.92,0.25
5776,1909,32,2,99.61,0.25
5777,1909,59,2,207.54,0.25
5778,1909,163,3,274.19,0.25
5779,1910,145,3,317.53,0.1
5780,1910,128,4,230.01,0.0
5781,1910,67,2,349.93,0.0
5782,1910,15,2,251.33,0.0
5783,1910,61,3,259.13,0.0
5784,1911,126,2,45.4,0.2
5785,1912,38,2,197.17,0.25
5786,1913,14,4,103.59,0.2
5787,1913,47,3,69.1,0.2
5788,1913,174,2,242.79,0.30000000000000004
5789,1914,160,2,212.04,0.1
5790,1915,23,4,281.61,0.25
5791,1915,136,2,216.11,0.2
5792,1915,143,2,118.35,0.2
5793,1915,148,4,150.06,0.2
5794,1915,130,1,112.99,0.25
5795,1916,24,3,377.43,0.1
5796,1916,141,4,123.27,0.0
5797,1916,160,4,223.82,0.05
5798,1916,106,1,263.41,0.0
5799,1917,102,3,227.26,0.25
5800,1917,107,4,116.77,0.3
5801,1917,113,3,173.81,0.25
5802,1917,145,2,264.61,0.25
5803,1918,135,1,373.46,0.05
5804,1918,35,2,45.98,0.15000000000000002
5805,1918,43,4,290.35,0.1
5806,1918,180,2,131.27,0.15000000000000002
5807,1918,155,4,229.9,0.15000000000000002
5808,1919,54,2,151.97,0.1
5809,1920,171,3,126.1,0.15000000000000002
5810,1921,18,1,109.83,0.15
5811,1921,144,3,100.4,0.25
5812,1922,169,1,76.6,0.25
5813,1922,73,1,138.68,0.25
5814,1922,57,3,240.91,0.25
5815,1923,129,1,138.47,0.25
5816,1923,123,2,101.71,0.35
5817,1923,85,4,70.62,0.3
5818,1923,70,4,265.4,0.25
5819,1924,29,2,215.3,0.25
5820,1924,99,1,42.3,0.25
5821,1924,148,4,131.31,0.3
5822,1925,168,2,247.53,0.2
5823,1925,41,2,182.57,0.1
5824,1925,93,1,208.62,0.15000000000000002
5825,1925,155,3,243.42,0.1
5826,1926,75,3,165.35,0.30000000000000004
5827,1926,15,4,188.5,0.25
5828,1927,77,1,444.76,0.1
5829,1927,13,1,47.79,0.2
5830,1927,139,4,362.95,0.1
5831,1928,51,1,237.44,0.2
5832,1928,91,1,302.2,0.25
5833,1928,97,4,192.77,0.2
5834,1929,105,1,156.67,0.2
5835,1929,107,3,125.11,0.25
5836,1929,167,2,195.98,0.2
5837,1930,21,1,24.58,0.1
5838,1930,36,4,54.96,0.15000000000000002
5839,1930,43,4,290.35,0.1
5840,1930,97,4,216.86,0.1
5841,1930,72,3,102.25,0.1
5842,1931,13,3,59.74,0.0
5843,1932,160,1,212.04,0.1
5844,1932,140,4,237.0,0.15000000000000002
5845,1932,101,3,351.56,0.1
5846,1932,65,3,409.95,0.1
5847,1933,2,4,93.02,0.25
5848,1933,74,3,223.93,0.30000000000000004
5849,1934,15,2,251.33,0.0
5850,1934,35,3,54.1,0.0
5851,1934,21,3,27.31,0.0
5852,1934,69,1,54.74,0.0
5853,1935,33,3,140.04,0.35
5854,1935,96,2,231.26,0.35
5855,1935,69,2,41.05,0.25
5856,1935,168,3,232.06,0.25
5857,1935,87,3,75.59,0.25
5858,1936,27,4,93.4,0.15
5859,1936,50,4,18.16,0.25
5860,1936,66,3,89.54,0.25
5861,1936,15,2,213.63,0.15
5862,1937,90,1,226.16,0.25
5863,1937,133,1,199.1,0.3
5864,1937,97,4,168.67,0.3
5865,1938,58,1,220.24,0.3
5866,1938,62,3,269.14,0.25
5867,1939,19,1,250.19,0.05
5868,1939,173,2,408.93,0.1
5869,1940,31,3,52.64,0.2
5870,1940,37,3,179.16,0.2
5871,1941,146,3,123.62,0.1
5872,1941,60,4,183.84,0.15000000000000002
5873,1941,59,2,249.05,0.1
5874,1941,172,4,134.26,0.1
5875,1941,70,3,283.1,0.2
5876,1942,57,1,321.21,0.0
5877,1943,98,4,121.48,0.25
5878,1944,87,1,85.66,0.15
5879,1945,70,4,318.48,0.1
5880,1946,39,4,183.16,0.2
5881,1946,135,3,294.84,0.25
5882,1946,109,3,111.64,0.15
5883,1946,46,4,42.34,0.25
5884,1946,37,3,167.96,0.25
5885,1947,50,2,16.95,0.30000000000000004
5886,1947,18,3,103.37,0.2
5887,1947,131,2,82.62,0.30000000000000004
5888,1947,154,3,19.59,0.25
5889,1947,154,2,20.9,0.2
5890,1948,113,4,173.81,0.25
5891,1948,88,4,163.47,0.25
5892,1948,85,3,80.71,0.2
5893,1949,148,2,168.82,0.1
5894,1949,20,3,119.81,0.15000000000000002
5895,1949,116,1,378.07,0.05
5896,1949,53,2,119.96,0.15000000000000002
5897,1949,152,1,66.78,0.05
5898,1950,140,1,278.82,0.0
5899,1950,144,3,133.86,0.0
5900,1950,90,1,301.55,0.0
5901,1950,33,4,215.45,0.0
5902,1951,63,4,239.02,0.15
5903,1951,113,4,185.4,0.2
5904,1951,41,2,152.15,0.25
5905,1951,161,1,216.55,0.15
5906,1951,160,2,176.7,0.25
5907,1952,3,4,192.17,0.2
5908,1953,103,4,109.4,0.25
5909,1953,58,1,204.51,0.35
5910,1953,49,4,145.72,0.35
5911,1953,91,2,302.2,0.25
5912,1953,55,1,189.55,0.35
5913,1954,97,1,204.82,0.15
5914,1954,50,4,18.16,0.25
5915,1955,180,1,115.83,0.25
5916,1955,130,4,112.99,0.25
5917,1956,35,2,51.39,0.05
5918,1956,78,2,309.89,0.1
5919,1956,70,4,336.18,0.05
5920,1956,24,3,419.37,0.0
5921,1957,41,4,142.0,0.30000000000000004
5922,1957,106,2,210.73,0.2
5923,1957,158,1,93.74,0.2
5924,1957,85,2,75.67,0.25
5925,1958,171,2,96.43,0.35
5926,1958,116,3,298.48,0.25
5927,1958,116,4,298.48,0.25
5928,1959,144,4,127.17,0.05
5929,1960,83,2,365.68,0.05
5930,1960,152,3,70.3,0.0
5931,1961,121,3,323.5,0.25
5932,1961,138,2,144.34,0.2
5933,1962,169,2,81.7,0.2
5934,1962,129,3,156.94,0.15
5935,1962,135,1,314.5,0.2
5936,1963,176,3,22.42,0.0
5937,1963,14,2,129.49,0.0
5938,1964,105,3,127.3,0.35
5939,1964,167,1,159.23,0.35
5940,1964,141,2,80.13,0.35
5941,1965,24,4,356.46,0.15000000000000002
5942,1965,112,2,230.93,0.1
5943,1966,25,1,16.32,0.30000000000000004
5944,1966,179,3,90.04,0.2
5945,1967,9,1,192.95,0.0
5946,1967,124,3,41.46,0.1
5947,1967,32,4,132.81,0.0
5948,1968,45,4,171.54,0.05
5949,1969,111,3,193.45,0.25
5950,1970,106,4,250.24,0.05
5951,1971,124,1,34.55,0.25
5952,1971,49,3,190.55,0.15
5953,1972,124,4,39.16,0.15
5954,1973,108,2,260.05,0.1
5955,1973,160,4,212.04,0.1
5956,1974,142,2,370.07,0.0
5957,1975,96,1,302.41,0.15
5958,1976,142,2,296.06,0.2
5959,1976,69,3,46.53,0.15000000000000002
5960,1977,138,3,153.37,0.15000000000000002
5961,1977,44,4,266.18,0.05
5962,1977,142,3,314.56,0.15000000000000002
5963,1977,128,4,218.51,0.05
5964,1977,34,3,395.55,0.05
5965,1978,67,1,279.94,0.2
5966,1978,107,3,133.45,0.2
5967,1978,167,4,183.73,0.25
5968,1978,81,2,273.37,0.2
5969,1978,40,1,121.27,0.30000000000000004
5970,1979,50,3,23.0,0.05
5971,1979,74,4,287.91,0.1
5972,1980,163,4,310.74,0.15000000000000002
5973,1980,101,4,312.5,0.2
5974,1981,12,4,182.96,0.25
5975,1981,10,4,364.45,0.25
5976,1981,36,4,42.03,0.35
5977,1981,3,2,180.16,0.25
5978,1981,131,2,88.52,0.25
5979,1982,172,3,111.89,0.25
5980,1982,106,3,184.39,0.3
5981,1982,176,3,15.69,0.3
5982,1982,121,3,323.5,0.25
5983,1982,24,1,272.59,0.35
5984,1983,91,1,282.06,0.3
5985,1983,129,4,138.47,0.25
5986,1983,133,2,213.32,0.25
5987,1983,53,3,91.73,0.35
5988,1984,102,2,227.26,0.25
5989,1984,48,2,144.06,0.25
5990,1984,68,1,155.25,0.15
5991,1985,97,3,192.77,0.2
5992,1985,139,1,322.62,0.2
5993,1985,129,1,147.7,0.2
5994,1985,11,2,166.82,0.30000000000000004
5995,1986,43,2,241.96,0.25
5996,1986,137,3,43.13,0.35
5997,1986,16,3,99.34,0.25
5998,1987,147,4,210.88,0.0
5999,1987,63,3,281.2,0.0
6000,1987,180,1,139.0,0.1
6001,1987,150,2,303.69,0.0
6002,1988,63,2,239.02,0.15000000000000002
6003,1988,44,3,252.17,0.1
6004,1988,81,3,307.54,0.1
6005,1988,57,4,273.03,0.15000000000000002
6006,1989,171,3,111.26,0.25
6007,1989,154,4,16.98,0.35
6008,1989,116,2,298.48,0.25
6009,1989,127,2,98.03,0.25
6010,1990,76,1,113.69,0.25
6011,1990,129,3,138.47,0.25
6012,1991,44,2,224.15,0.2
6013,1991,154,2,20.9,0.2
6014,1991,109,2,105.07,0.2
6015,1991,140,3,223.06,0.2
6016,1991,165,4,157.43,0.2
6017,1992,113,4,208.58,0.1
6018,1993,159,1,287.2,0.15000000000000002
6019,1994,64,3,176.15,0.25
6020,1994,39,3,171.71,0.25
6021,1994,153,4,48.92,0.15
6022,1995,135,2,294.84,0.25
6023,1995,16,1,105.96,0.2
6024,1995,3,2,204.18,0.15
6025,1995,76,4,121.27,0.2
6026,1995,117,4,57.71,0.15
6027,1996,82,4,115.94,0.0
6028,1997,167,2,183.73,0.25
6029,1997,86,2,233.97,0.3
6030,1997,120,4,225.42,0.35
6031,1997,21,1,17.75,0.35
6032,1998,171,3,103.84,0.3
6033,1998,107,2,125.11,0.25
6034,1998,56,3,159.86,0.25
6035,1998,162,1,73.92,0.25
6036,1998,169,3,76.6,0.25
6037,1999,48,3,153.66,0.2
6038,1999,35,2,45.98,0.15
6039,1999,176,2,19.06,0.15
6040,1999,36,4,54.96,0.15
6041,1999,164,4,176.26,0.15
6042,2000,6,1,53.07,0.05
6043,2001,9,3,164.01,0.15
6044,2002,100,3,241.06,0.2
6045,2002,133,2,255.99,0.1
6046,2002,124,4,41.46,0.1
6047,2003,76,4,128.85,0.15
6048,2003,117,1,57.71,0.15
6049,2003,159,3,270.3,0.2
6050,2004,91,4,261.91,0.35
6051,2005,129,4,129.24,0.30000000000000004
6052,2005,5,4,267.25,0.30000000000000004
6053,2005,154,3,19.59,0.25
6054,2006,173,1,340.78,0.25
6055,2007,137,1,59.71,0.1
6056,2007,86,2,317.53,0.05
6057,2008,79,2,57.15,0.2
6058,2008,112,1,218.1,0.15000000000000002
6059,2008,172,4,134.26,0.1
6060,2008,32,2,112.89,0.15000000000000002
6061,2008,69,2,49.27,0.1
6062,2009,125,4,30.78,0.30000000000000004
6063,2010,28,3,305.98,0.25
6064,2010,95,4,316.25,0.25
6065,2010,83,4,307.94,0.2
6066,2010,118,2,254.12,0.25
6067,2011,75,2,212.6,0.1
6068,2011,1,4,230.09,0.1
6069,2011,107,3,141.79,0.15000000000000002
6070,2011,3,4,216.19,0.1
6071,2012,48,3,163.27,0.15
6072,2012,85,1,85.76,0.15
6073,2012,179,2,95.67,0.15
6074,2012,88,3,185.27,0.15
6075,2013,24,1,335.5,0.2
6076,2013,84,2,242.82,0.2
6077,2014,73,1,120.19,0.35
6078,2014,39,2,171.71,0.25
6079,2015,108,3,245.6,0.15
6080,2015,176,2,19.06,0.15
6081,2016,101,2,351.56,0.1
6082,2017,154,3,18.28,0.3
6083,2018,111,2,245.03,0.05
6084,2018,75,1,200.79,0.15000000000000002
6085,2018,170,3,13.29,0.15000000000000002
6086,2018,28,1,387.57,0.05
6087,2018,157,1,253.18,0.05
6088,2019,147,3,179.25,0.15
6089,2019,11,2,202.57,0.15
6090,2020,23,4,319.16,0.15
6091,2020,127,1,111.1,0.15
6092,2021,145,1,299.89,0.15000000000000002
6093,2021,13,3,53.77,0.1
6094,2022,6,4,50.27,0.1
6095,2023,97,4,192.77,0.2
6096,2023,47,1,73.42,0.15
6097,2023,22,3,81.82,0.15
6098,2023,166,1,192.6,0.2
6099,2024,128,4,230.01,0.0
6100,2024,95,3,400.58,0.05
6101,2024,135,3,393.12,0.0
6102,2024,175,3,116.61,0.0
6103,2024,7,4,251.07,0.0
6104,2025,180,2,154.44,0.0
6105,2025,16,3,132.45,0.0
6106,2025,177,1,270.54,0.0
6107,2026,109,2,118.21,0.1
6108,2026,122,2,285.6,0.0
6109,2026,42,2,195.38,0.1
6110,2026,107,4,166.81,0.0
6111,2026,11,1,226.4,0.05
6112,2027,127,1,91.5,0.3
6113,2027,92,3,96.03,0.25
6114,2027,174,4,260.13,0.25
6115,2027,32,3,99.61,0.25
6116,2028,116,1,258.68,0.35
6117,2028,122,3,214.2,0.25
6118,2028,15,4,188.5,0.25
6119,2028,132,4,140.89,0.25
6120,2028,44,4,210.14,0.25
6121,2029,59,1,249.05,0.1
6122,2029,29,3,244.01,0.15000000000000002
6123,2029,77,4,444.76,0.1
6124,2029,145,1,317.53,0.1
6125,2030,25,3,19.81,0.15
6126,2030,15,3,213.63,0.15
6127,2030,30,3,137.95,0.15
6128,2030,44,2,224.15,0.2
6129,2030,141,3,92.45,0.25
6130,2031,76,1,98.53,0.35
6131,2032,179,1,90.04,0.2
6132,2033,57,4,224.85,0.3
6133,2034,144,4,133.86,0.0
6134,2034,168,3,309.41,0.0
6135,2035,111,3,206.34,0.2
6136,2035,81,4,273.37,0.2
6137,2036,61,4,246.17,0.05
6138,2037,2,2,99.22,0.2
6139,2037,86,4,233.97,0.30000000000000004
6140,2037,112,4,179.61,0.30000000000000004
6141,2037,115,2,345.94,0.2
6142,2037,122,1,199.92,0.30000000000000004
6143,2038,120,3,260.1,0.25
6144,2038,57,4,240.91,0.25
6145,2038,89,1,100.44,0.25
6146,2038,58,4,267.44,0.15
6147,2039,176,3,16.82,0.25
6148,2039,142,2,296.06,0.2
6149,2039,127,4,91.5,0.30000000000000004
6150,2039,78,2,275.46,0.2
6151,2040,95,1,337.33,0.2
6152,2040,69,3,46.53,0.15
6153,2040,20,2,119.81,0.15
6154,2040,50,3,19.37,0.2
6155,2041,76,2,151.59,0.0
6156,2042,37,3,212.75,0.05
6157,2042,39,4,228.95,0.0
6158,2043,37,4,156.76,0.3
6159,2043,111,4,193.45,0.25
6160,2043,132,2,140.89,0.25
6161,2044,137,1,59.71,0.1
6162,2044,51,1,252.28,0.15000000000000002
6163,2044,11,2,202.57,0.15000000000000002
6164,2045,40,3,121.27,0.30000000000000004
6165,2045,2,2,86.81,0.30000000000000004
6166,2045,65,4,364.4,0.2
6167,2045,7,2,188.3,0.25
6168,2045,166,1,192.6,0.2
6169,2046,103,4,109.4,0.25
6170,2046,123,1,125.18,0.2
6171,2046,47,3,64.78,0.25
6172,2046,31,2,49.35,0.25
6173,2046,37,4,190.36,0.15
6174,2047,3,4,180.16,0.25
6175,2047,8,2,63.65,0.25
6176,2047,162,3,73.92,0.25
6177,2048,86,3,300.82,0.1
6178,2048,155,2,243.42,0.1
6179,2048,71,4,270.34,0.2
6180,2048,108,1,260.05,0.1
6181,2048,105,4,156.67,0.2
6182,2049,110,1,75.04,0.3
6183,2049,15,1,175.93,0.3
6184,2050,88,1,174.37,0.2
6185,2050,128,4,184.01,0.2
6186,2050,135,4,314.5,0.2
6187,2050,68,3,146.12,0.2
6188,2051,121,4,366.64,0.15
6189,2051,171,1,118.68,0.2
6190,2051,76,1,121.27,0.2
6191,2051,174,3,277.47,0.2
6192,2052,114,1,23.95,0.30000000000000004
6193,2052,107,3,125.11,0.25
6194,2053,38,2,262.9,0.0
6195,2054,61,4,194.35,0.25
6196,2054,104,4,211.63,0.25
6197,2054,112,2,179.61,0.3
6198,2055,107,4,141.79,0.15
6199,2055,13,2,50.78,0.15
6200,2055,148,2,159.44,0.15
6201,2055,121,1,323.5,0.25
6202,2056,85,4,70.62,0.3
6203,2056,105,4,146.88,0.25
6204,2056,151,3,176.42,0.25
6205,2056,19,4,197.52,0.25
6206,2056,134,2,88.65,0.35
6207,2057,89,2,93.74,0.30000000000000004
6208,2057,151,3,164.66,0.30000000000000004
6209,2057,180,4,123.55,0.2
6210,2057,108,1,231.15,0.2
6211,2058,62,4,233.25,0.35
6212,2058,6,2,36.31,0.35
6213,2059,105,3,166.46,0.15000000000000002
6214,2059,130,4,128.05,0.15000000000000002
6215,2059,95,1,337.33,0.2
6216,2060,115,3,345.94,0.2
6217,2061,63,3,224.96,0.2
6218,2061,135,4,294.84,0.25
6219,2061,18,3,90.45,0.30000000000000004
6220,2061,75,2,188.98,0.2
6221,2061,85,4,80.71,0.2
6222,2062,100,3,256.12,0.15
6223,2062,97,1,192.77,0.2
6224,2062,161,3,191.07,0.25
6225,2062,126,1,48.24,0.15
6226,2063,50,3,19.37,0.2
6227,2063,27,1,76.92,0.30000000000000004
6228,2063,82,3,86.95,0.25
6229,2064,126,4,45.4,0.2
6230,2064,5,2,343.61,0.1
6231,2064,48,3,172.87,0.1
6232,2065,144,1,120.47,0.1
6233,2065,97,3,216.86,0.1
6234,2065,122,1,257.04,0.1
6235,2065,109,2,105.07,0.2
6236,2065,141,1,104.78,0.15000000000000002
6237,2066,172,4,134.26,0.1
6238,2066,116,4,338.27,0.15000000000000002
6239,2066,63,2,253.08,0.1
6240,2066,4,2,172.86,0.15000000000000002
6241,2066,147,2,179.25,0.15000000000000002
6242,2067,17,2,84.46,0.1
6243,2067,135,2,314.5,0.2
6244,2067,175,2,99.12,0.15000000000000002
6245,2067,132,1,169.06,0.1
6246,2067,176,2,20.18,0.1
6247,2068,176,3,15.69,0.3
6248,2068,6,2,39.1,0.3
6249,2068,106,3,171.22,0.35
6250,2068,60,2,140.58,0.35
6251,2069,14,4,90.64,0.30000000000000004
6252,2070,39,3,171.71,0.25
6253,2070,158,3,82.02,0.3
6254,2070,17,1,65.69,0.3
6255,2070,112,1,192.44,0.25
6256,2070,131,2,88.52,0.25
6257,2071,125,2,39.57,0.1
6258,2071,159,2,287.2,0.15000000000000002
6259,2071,6,4,50.27,0.1
6260,2071,44,2,252.17,0.1
6261,2072,158,3,82.02,0.3
6262,2072,38,2,184.03,0.3
6263,2072,166,1,180.56,0.25
6264,2072,62,2,251.19,0.3
6265,2072,61,3,194.35,0.25
6266,2073,144,2,107.09,0.2
6267,2073,91,4,282.06,0.30000000000000004
6268,2074,177,3,257.01,0.05
6269,2074,99,4,56.4,0.0
6270,2074,137,4,66.35,0.0
6271,2074,137,1,63.03,0.05
6272,2074,26,3,347.8,0.0
6273,2075,114,2,30.8,0.1
6274,2075,33,1,183.13,0.15000000000000002
6275,2075,8,2,72.14,0.15000000000000002
6276,2076,69,4,41.05,0.25
6277,2076,151,3,164.66,0.3
6278,2077,117,2,67.89,0.0
6279,2078,2,3,105.42,0.15
6280,2078,51,1,252.28,0.15
6281,2078,123,3,133.01,0.15
6282,2078,173,1,340.78,0.25
6283,2078,64,4,199.63,0.15
6284,2079,37,3,179.16,0.2
6285,2079,39,4,160.26,0.30000000000000004
6286,2079,86,4,233.97,0.30000000000000004
6287,2079,54,3,118.2,0.30000000000000004
6288,2079,60,3,151.4,0.30000000000000004
6289,2080,51,2,237.44,0.2
6290,2080,19,1,210.69,0.2
6291,2080,46,1,42.34,0.25
6292,2080,111,4,219.24,0.15
6293,2081,39,4,160.26,0.3
6294,2081,159,1,253.41,0.25
6295,2081,15,3,163.36,0.35
6296,2081,89,3,100.44,0.25
6297,2082,68,2,182.65,0.0
6298,2083,140,1,209.12,0.25
6299,2083,9,2,164.01,0.15
6300,2083,166,4,204.64,0.15
6301,2083,78,4,275.46,0.2
6302,2083,76,1,128.85,0.15
6303,2084,109,2,105.07,0.2
6304,2084,12,4,207.36,0.15
6305,2085,112,4,230.93,0.1
6306,2085,30,4,146.06,0.1
6307,2085,17,3,75.07,0.2
6308,2086,114,4,32.51,0.05
6309,2086,93,4,233.16,0.05
6310,2086,171,2,148.35,0.0
6311,2086,26,2,313.02,0.1
6312,2087,168,4,232.06,0.25
6313,2088,121,2,409.77,0.05
6314,2088,95,3,358.41,0.15000000000000002
6315,2089,41,4,192.72,0.05
6316,2089,55,3,277.04,0.05
6317,2090,2,3,93.02,0.25
6318,2090,4,4,132.18,0.35
6319,2091,140,3,181.23,0.35
6320,2091,29,3,186.6,0.35
6321,2091,58,2,204.51,0.35
6322,2091,79,1,50.01,0.3
6323,2091,146,3,103.02,0.25
6324,2092,75,2,224.41,0.05
6325,2093,136,1,229.62,0.15000000000000002
6326,2093,156,2,128.6,0.15000000000000002
6327,2093,176,1,17.94,0.2
6328,2093,124,2,41.46,0.1
6329,2093,145,4,299.89,0.15000000000000002
6330,2094,158,1,82.02,0.30000000000000004
6331,2094,28,3,285.58,0.30000000000000004
6332,2094,39,2,183.16,0.2
6333,2094,10,2,388.74,0.2
6334,2095,145,2,282.25,0.2
6335,2095,91,3,322.35,0.2
6336,2096,163,1,292.46,0.2
6337,2096,83,4,269.45,0.30000000000000004
6338,2097,60,3,216.28,0.0
6339,2097,20,3,140.95,0.0
6340,2098,10,4,364.45,0.25
6341,2098,104,3,211.63,0.25
6342,2099,119,2,103.2,0.3
6343,2099,173,2,295.34,0.35
6344,2099,32,2,99.61,0.25
6345,2099,158,4,82.02,0.3
6346,2099,47,4,64.78,0.25
6347,2100,31,3,52.64,0.2
6348,2100,170,1,12.5,0.2
6349,2101,85,1,70.62,0.30000000000000004
6350,2101,78,2,241.02,0.30000000000000004
6351,2101,14,1,103.59,0.2
6352,2102,70,2,265.4,0.25
6353,2102,125,1,28.58,0.35
6354,2102,48,2,144.06,0.25
6355,2102,131,2,76.72,0.35
6356,2103,168,3,278.47,0.1
6357,2103,74,4,287.91,0.1
6358,2103,55,2,262.46,0.1
6359,2103,168,2,263.0,0.15000000000000002
6360,2104,4,1,183.02,0.1
6361,2104,135,4,314.5,0.2
6362,2105,146,1,123.62,0.1
6363,2105,98,3,145.78,0.1
6364,2105,33,4,193.91,0.1
6365,2105,158,4,105.45,0.1
6366,2105,13,2,47.79,0.2
6367,2106,175,3,99.12,0.15
6368,2106,26,3,278.24,0.2
6369,2107,45,4,126.4,0.30000000000000004
6370,2107,34,3,312.28,0.25
6371,2107,142,3,277.55,0.25
6372,2107,115,4,345.94,0.2
6373,2107,23,3,300.38,0.2
6374,2108,24,2,272.59,0.35
6375,2108,145,1,264.61,0.25
6376,2108,4,4,152.52,0.25
6377,2109,139,2,342.79,0.15000000000000002
6378,2109,144,4,120.47,0.1
6379,2109,130,2,120.52,0.2
6380,2109,5,3,324.52,0.15000000000000002
6381,2109,124,4,41.46,0.1
6382,2110,114,2,32.51,0.05
6383,2110,104,3,253.95,0.1
6384,2110,156,2,151.29,0.0
6385,2110,105,1,195.84,0.0
6386,2111,60,1,183.84,0.15000000000000002
6387,2111,104,1,253.95,0.1
6388,2111,150,4,242.95,0.2
6389,2111,122,3,242.76,0.15000000000000002
6390,2111,149,2,136.47,0.2
6391,2112,167,1,232.72,0.05
6392,2112,153,4,54.67,0.05
6393,2112,64,3,211.37,0.1
6394,2112,28,3,346.77,0.15000000000000002
6395,2113,111,1,206.34,0.2
6396,2113,107,4,116.77,0.30000000000000004
6397,2113,170,1,12.5,0.2
6398,2114,112,4,205.27,0.2
6399,2115,167,4,208.22,0.15
6400,2116,93,1,208.62,0.15000000000000002
6401,2116,9,4,173.66,0.1
6402,2116,159,1,287.2,0.15000000000000002
6403,2117,76,2,136.43,0.1
6404,2117,165,1,177.11,0.1
6405,2117,45,4,162.51,0.1
6406,2117,51,4,237.44,0.2
6407,2117,4,1,172.86,0.15000000000000002
6408,2118,135,1,314.5,0.2
6409,2118,63,3,210.9,0.25
6410,2118,85,3,75.67,0.25
6411,2118,161,1,216.55,0.15
6412,2118,81,1,290.45,0.15
6413,2119,14,2,97.12,0.25
6414,2119,12,1,170.76,0.30000000000000004
6415,2119,103,2,116.7,0.2
6416,2119,31,2,52.64,0.2
6417,2119,50,1,16.95,0.30000000000000004
6418,2120,54,2,126.65,0.25
6419,2121,104,3,197.52,0.3
6420,2121,125,4,30.78,0.3
6421,2121,136,1,189.1,0.3
6422,2121,78,2,241.02,0.3
6423,2121,100,1,225.99,0.25
6424,2122,23,1,300.38,0.2
6425,2122,32,3,112.89,0.15000000000000002
6426,2123,78,2,344.32,0.0
6427,2123,174,3,346.84,0.0
6428,2123,90,4,301.55,0.0
6429,2123,151,4,211.71,0.1
6430,2123,39,4,228.95,0.0
6431,2124,97,4,180.72,0.25
6432,2124,165,3,147.59,0.25
6433,2125,86,3,284.1,0.15
6434,2125,2,1,99.22,0.2
6435,2125,145,3,299.89,0.15
6436,2126,155,2,229.9,0.15000000000000002
6437,2127,18,1,96.91,0.25
6438,2127,162,3,78.85,0.2
6439,2127,106,3,197.56,0.25
6440,2127,167,2,195.98,0.2
6441,2128,18,3,109.83,0.15
6442,2128,87,3,80.62,0.2
6443,2128,9,2,164.01,0.15
6444,2129,68,4,164.39,0.1
6445,2129,44,1,280.19,0.0
6446,2130,7,4,238.52,0.05
6447,2130,147,4,200.34,0.05
6448,2130,177,2,257.01,0.05
6449,2130,54,4,160.42,0.05
6450,2130,59,3,235.21,0.15000000000000002
6451,2131,20,1,105.71,0.25
6452,2131,33,2,150.81,0.3
6453,2131,102,3,227.26,0.25
6454,2132,8,1,72.14,0.15
6455,2132,57,4,273.03,0.15
6456,2132,36,2,51.73,0.2
6457,2132,85,2,85.76,0.15
6458,2132,164,2,176.26,0.15
6459,2133,94,2,106.68,0.15
6460,2133,81,3,290.45,0.15
6461,2133,109,2,111.64,0.15
6462,2134,93,4,196.34,0.2
6463,2135,18,2,96.91,0.25
6464,2135,92,4,96.03,0.25
6465,2135,110,1,80.4,0.25
6466,2135,130,2,97.92,0.35
6467,2135,166,2,180.56,0.25
6468,2136,5,4,381.79,0.0
6469,2136,156,2,143.73,0.05
6470,2136,158,4,117.17,0.0
6471,2136,2,4,111.62,0.1
6472,2137,113,1,173.81,0.25
6473,2138,130,2,97.92,0.35
6474,2138,131,4,76.72,0.35
6475,2138,79,3,46.44,0.35
6476,2138,47,2,64.78,0.25
6477,2139,84,4,258.0,0.15
6478,2139,96,1,302.41,0.15
6479,2139,7,4,188.3,0.25
6480,2139,1,4,191.75,0.25
6481,2140,7,4,175.75,0.3
6482,2140,51,2,222.6,0.25
6483,2140,159,4,253.41,0.25
6484,2140,4,3,132.18,0.35
6485,2141,101,3,312.5,0.2
6486,2141,131,4,94.42,0.2
6487,2141,165,1,157.43,0.2
6488,2142,120,2,294.78,0.15
6489,2142,75,2,177.16,0.25
6490,2142,31,1,52.64,0.2
6491,2142,33,4,183.13,0.15
6492,2142,160,3,200.26,0.15
6493,2143,3,4,240.21,0.0
6494,2143,58,4,298.9,0.05
6495,2143,138,3,162.39,0.1
6496,2143,114,3,34.22,0.0
6497,2144,116,1,378.07,0.05
6498,2144,132,4,178.46,0.05
6499,2144,124,3,43.77,0.05
6500,2144,164,1,197.0,0.05
6501,2144,71,2,321.02,0.05
6502,2145,150,2,242.95,0.2
6503,2145,60,4,173.02,0.2
6504,2145,92,1,108.83,0.15
6505,2146,72,2,79.53,0.30000000000000004
6506,2146,119,1,110.57,0.25
6507,2146,158,2,93.74,0.2
6508,2146,172,4,119.34,0.2
6509,2146,33,1,150.81,0.30000000000000004
6510,2147,100,3,241.06,0.2
6511,2147,47,1,64.78,0.25
6512,2148,133,4,213.32,0.25
6513,2148,112,4,166.78,0.35
6514,2149,56,4,170.52,0.2
6515,2149,26,4,278.24,0.2
6516,2149,159,4,270.3,0.2
6517,2150,20,2,126.85,0.1
6518,2150,72,1,113.61,0.0
6519,2150,43,3,290.35,0.1
6520,2151,39,1,183.16,0.2
6521,2151,48,3,153.66,0.2
6522,2152,125,3,32.98,0.25
6523,2152,58,2,204.51,0.35
6524,2153,122,3,214.2,0.25
6525,2153,169,1,66.38,0.35
6526,2153,146,1,96.15,0.3
6527,2153,170,1,10.94,0.3
6528,2154,174,3,312.16,0.1
6529,2155,51,3,222.6,0.25
6530,2155,104,1,197.52,0.3
6531,2156,82,3,98.55,0.15
6532,2156,84,4,242.82,0.2
6533,2157,168,2,247.53,0.2
6534,2157,155,4,189.33,0.30000000000000004
6535,2157,86,3,267.39,0.2
6536,2157,114,1,27.38,0.2
6537,2158,63,1,253.08,0.1
6538,2158,105,4,186.05,0.05
6539,2158,86,4,317.53,0.05
6540,2158,57,3,305.15,0.05
6541,2159,144,3,107.09,0.2
6542,2159,7,4,175.75,0.30000000000000004
6543,2159,68,1,127.85,0.30000000000000004
6544,2159,10,1,388.74,0.2
6545,2160,93,1,171.8,0.30000000000000004
6546,2160,38,1,210.32,0.2
6547,2160,136,2,216.11,0.2
6548,2160,84,4,212.47,0.30000000000000004
6549,2160,132,1,150.28,0.2
6550,2161,54,3,143.53,0.15000000000000002
6551,2161,111,1,232.14,0.1
6552,2161,169,3,86.81,0.15000000000000002
6553,2161,126,3,51.08,0.1
6554,2161,128,1,195.51,0.15000000000000002
6555,2162,131,4,118.03,0.0
6556,2162,76,1,136.43,0.1
6557,2163,94,1,100.41,0.2
6558,2163,145,3,246.97,0.30000000000000004
6559,2164,174,4,277.47,0.2
6560,2164,51,4,237.44,0.2
6561,2165,92,4,108.83,0.15000000000000002
6562,2165,30,3,146.06,0.1
6563,2165,54,2,143.53,0.15000000000000002
6564,2166,80,4,45.51,0.15000000000000002
6565,2166,86,1,284.1,0.15000000000000002
6566,2167,6,4,50.27,0.1
6567,2167,92,1,115.24,0.1
6568,2167,107,4,141.79,0.15000000000000002
6569,2168,90,1,226.16,0.25
6570,2168,172,2,111.89,0.25
6571,2168,112,2,166.78,0.35
6572,2169,87,4,80.62,0.2
6573,2169,108,3,231.15,0.2
6574,2169,42,1,184.53,0.15000000000000002
6575,2170,46,3,47.98,0.15
6576,2170,45,1,153.48,0.15
6577,2170,73,2,157.17,0.15
6578,2170,159,1,253.41,0.25
6579,2170,158,2,87.88,0.25
6580,2171,20,1,140.95,0.0
6581,2171,116,2,397.97,0.0
6582,2171,106,1,263.41,0.0
6583,2171,42,4,206.24,0.05
6584,2172,28,2,326.38,0.2
6585,2172,152,3,56.24,0.2
6586,2173,21,1,19.12,0.3
6587,2174,16,1,86.09,0.35
6588,2174,146,1,89.28,0.35
6589,2175,42,4,217.09,0.0
6590,2176,124,3,41.46,0.1
6591,2176,31,2,59.22,0.1
6592,2176,47,4,69.1,0.2
6593,2176,72,3,96.57,0.15000000000000002
6594,2177,18,1,90.45,0.3
6595,2178,42,4,184.53,0.15000000000000002
6596,2179,170,4,11.72,0.25
6597,2179,2,2,93.02,0.25
6598,2180,56,1,170.52,0.2
6599,2180,157,1,213.21,0.2
6600,2180,54,3,126.65,0.25
6601,2181,177,4,216.43,0.2
6602,2181,127,1,98.03,0.25
6603,2182,98,1,145.78,0.1
6604,2182,46,3,47.98,0.15000000000000002
6605,2183,46,1,42.34,0.25
6606,2183,104,1,197.52,0.30000000000000004
6607,2183,71,4,253.44,0.25
6608,2183,21,2,21.85,0.2
6609,2184,47,2,86.38,0.0
6610,2184,103,3,145.87,0.0
6611,2185,72,3,79.53,0.3
6612,2185,96,1,266.83,0.25
6613,2185,166,3,156.49,0.35
6614,2185,102,1,196.96,0.35
6615,2186,56,2,202.49,0.05
6616,2186,31,3,59.22,0.1
6617,2186,150,2,258.14,0.15000000000000002
6618,2186,174,4,329.5,0.05
6619,2186,57,2,305.15,0.05
6620,2187,155,3,270.47,0.0
6621,2187,12,1,243.95,0.0
6622,2187,88,2,196.16,0.1
6623,2188,173,2,318.06,0.30000000000000004
6624,2189,7,3,225.96,0.1
6625,2189,165,1,196.79,0.0
6626,2189,88,4,196.16,0.1
6627,2189,134,4,122.75,0.1
6628,2189,85,4,100.89,0.0
6629,2190,164,2,176.26,0.15
6630,2190,6,2,41.89,0.25
6631,2190,37,3,179.16,0.2
6632,2191,128,4,230.01,0.0
6633,2191,56,3,213.15,0.0
6634,2191,85,1,100.89,0.0
6635,2192,85,4,80.71,0.2
6636,2193,56,2,181.18,0.15000000000000002
6637,2193,162,4,88.7,0.1
6638,2193,110,2,96.48,0.1
6639,2193,113,3,208.58,0.1
6640,2193,66,1,107.45,0.1
6641,2194,20,3,140.95,0.0
6642,2194,114,2,32.51,0.05
6643,2194,143,1,147.94,0.0
6644,2194,126,2,56.75,0.0
6645,2194,104,2,253.95,0.1
6646,2195,153,1,43.16,0.25
6647,2195,84,4,227.65,0.25
6648,2195,75,3,153.54,0.35
6649,2195,43,1,241.96,0.25
6650,2195,150,2,212.58,0.3
6651,2196,164,3,207.37,0.0
6652,2196,139,4,403.28,0.0
6653,2196,60,3,216.28,0.0
6654,2197,177,3,270.54,0.0
6655,2197,65,3,455.5,0.0
6656,2197,15,4,251.33,0.0
6657,2197,64,3,211.37,0.1
6658,2197,73,4,166.42,0.1
6659,2198,93,4,245.43,0.0
6660,2198,24,3,419.37,0.0
6661,2199,93,2,220.89,0.1
6662,2199,167,4,208.22,0.15000000000000002
6663,2199,137,1,59.71,0.1
6664,2199,158,4,105.45,0.1
6665,2199,176,3,19.06,0.15000000000000002
6666,2200,130,2,112.99,0.25
6667,2200,128,3,172.51,0.25
6668,2200,36,3,48.49,0.25
6669,2200,92,2,96.03,0.25
6670,2201,11,3,190.66,0.2
6671,2201,69,3,38.32,0.30000000000000004
6672,2201,72,4,90.89,0.2
6673,2201,37,3,167.96,0.25
6674,2202,90,4,286.47,0.05
6675,2202,86,2,300.82,0.1
6676,2202,174,3,312.16,0.1
6677,2202,19,4,263.36,0.0
6678,2203,35,2,45.98,0.15
6679,2203,44,3,238.16,0.15
6680,2203,97,2,180.72,0.25
6681,2203,23,3,319.16,0.15
6682,2204,6,3,44.69,0.2
6683,2204,99,2,45.12,0.2
6684,2204,101,1,312.5,0.2
6685,2205,144,3,133.86,0.0
6686,2206,104,2,253.95,0.1
6687,2206,135,3,334.15,0.15000000000000002
6688,2206,133,4,241.77,0.15000000000000002
6689,2206,2,3,99.22,0.2
6690,2207,156,1,121.03,0.2
6691,2207,39,3,183.16,0.2
6692,2208,142,4,277.55,0.25
6693,2208,126,3,42.56,0.25
6694,2208,79,1,60.72,0.15
6695,2209,136,2,189.1,0.30000000000000004
6696,2209,8,4,67.9,0.2
6697,2209,75,3,188.98,0.2
6698,2210,30,1,137.95,0.15000000000000002
6699,2210,177,2,229.96,0.15000000000000002
6700,2210,6,2,50.27,0.1
6701,2210,138,4,162.39,0.1
6702,2211,13,1,53.77,0.1
6703,2211,178,4,40.26,0.2
6704,2211,112,1,230.93,0.1
6705,2211,4,3,162.69,0.2
6706,2212,3,2,180.16,0.25
6707,2213,176,2,16.82,0.25
6708,2213,85,2,80.71,0.2
6709,2214,144,3,120.47,0.1
6710,2214,23,3,375.48,0.0
6711,2214,39,3,228.95,0.0
6712,2215,99,1,39.48,0.3
6713,2215,42,4,151.96,0.3
6714,2215,112,4,166.78,0.35
6715,2215,146,3,103.02,0.25
6716,2215,75,4,165.35,0.3
6717,2216,116,4,338.27,0.15000000000000002
6718,2217,149,3,127.94,0.25
6719,2218,84,3,242.82,0.2
6720,2218,140,3,237.0,0.15
6721,2218,69,3,43.79,0.2
6722,2219,58,3,283.17,0.1
6723,2219,28,2,326.38,0.2
6724,2219,109,1,118.21,0.1
6725,2219,152,1,63.27,0.1
6726,2219,94,3,100.41,0.2
6727,2220,20,2,98.66,0.3
6728,2221,165,4,177.11,0.1
6729,2221,66,4,113.42,0.05
6730,2222,135,4,314.5,0.2
6731,2222,130,2,105.45,0.30000000000000004
6732,2222,141,1,98.62,0.2
6733,2222,86,3,233.97,0.30000000000000004
6734,2223,145,4,282.25,0.2
6735,2224,65,3,455.5,0.0
6736,2224,72,3,113.61,0.0
6737,2224,167,1,244.97,0.0
6738,2224,97,3,228.91,0.05
6739,2224,23,1,375.48,0.0
6740,2225,155,2,216.38,0.2
6741,2225,178,3,37.74,0.25
6742,2225,94,4,100.41,0.2
6743,2225,148,2,140.69,0.25
6744,2225,34,4,333.1,0.2
6745,2226,69,4,49.27,0.1
6746,2226,173,2,408.93,0.1
6747,2226,71,4,304.13,0.1
6748,2227,66,4,77.6,0.35
6749,2227,122,2,199.92,0.3
6750,2227,123,1,117.36,0.25
6751,2227,172,2,111.89,0.25
6752,2227,117,3,44.13,0.35
6753,2228,166,4,180.56,0.25
6754,2228,169,1,71.49,0.3
6755,2228,172,4,111.89,0.25
6756,2228,175,1,87.46,0.25
6757,2228,3,1,180.16,0.25
6758,2229,41,2,172.43,0.15000000000000002
6759,2230,138,1,180.43,0.0
6760,2231,95,3,421.66,0.0
6761,2232,1,1,255.66,0.0
6762,2232,4,1,183.02,0.1
6763,2232,22,1,96.26,0.0
6764,2232,4,4,183.02,0.1
6765,2233,69,2,41.05,0.25
6766,2233,49,3,145.72,0.35
6767,2233,105,4,127.3,0.35
6768,2233,30,3,105.49,0.35
6769,2234,100,1,286.25,0.05
6770,2234,73,2,175.66,0.05
6771,2235,95,4,358.41,0.15
6772,2235,115,3,367.57,0.15
6773,2236,131,3,88.52,0.25
6774,2236,53,1,98.79,0.3
6775,2237,41,2,162.29,0.2
6776,2237,78,3,275.46,0.2
6777,2237,146,3,123.62,0.1
6778,2237,84,1,242.82,0.2
6779,2237,75,3,212.6,0.1
6780,2238,132,4,150.28,0.2
6781,2238,159,3,287.2,0.15
6782,2239,37,1,167.96,0.25
6783,2239,39,1,171.71,0.25
6784,2239,79,3,50.01,0.3
6785,2239,75,3,177.16,0.25
6786,2239,37,2,156.76,0.3
6787,2240,14,4,97.12,0.25
6788,2240,83,2,250.2,0.35
6789,2240,145,4,264.61,0.25
6790,2240,108,2,216.7,0.25
6791,2241,41,1,172.43,0.15
6792,2241,167,2,208.22,0.15
6793,2241,77,2,420.05,0.15
6794,2241,96,1,266.83,0.25
6795,2241,157,2,226.53,0.15
6796,2242,39,4,228.95,0.0
6797,2242,9,4,183.3,0.05
6798,2243,53,3,105.85,0.25
6799,2244,30,4,121.72,0.25
6800,2245,169,2,81.7,0.2
6801,2245,13,4,47.79,0.2
6802,2245,21,3,19.12,0.30000000000000004
6803,2245,6,2,44.69,0.2
6804,2246,121,4,323.5,0.25
6805,2246,22,3,72.2,0.25
6806,2246,102,1,212.11,0.3
6807,2246,54,4,109.76,0.35
6808,2246,104,3,197.52,0.3
6809,2247,131,4,100.33,0.15000000000000002
6810,2247,113,2,208.58,0.1
6811,2248,117,1,50.92,0.25
6812,2248,175,4,87.46,0.25
6813,2248,170,4,11.72,0.25
6814,2248,122,3,214.2,0.25
6815,2248,15,2,163.36,0.35
6816,2249,153,2,43.16,0.25
6817,2250,3,2,180.16,0.25
6818,2250,140,4,181.23,0.35
6819,2251,140,1,195.17,0.30000000000000004
6820,2251,97,2,168.67,0.30000000000000004
6821,2251,121,4,323.5,0.25
6822,2251,87,4,80.62,0.2
6823,2251,114,4,27.38,0.2
6824,2252,111,2,206.34,0.2
6825,2253,156,4,143.73,0.05
6826,2253,128,4,207.01,0.1
6827,2253,94,3,119.23,0.05
6828,2253,171,2,140.93,0.05
6829,2254,40,3,129.94,0.25
6830,2254,117,3,54.31,0.2
6831,2254,90,4,241.24,0.2
6832,2254,83,1,307.94,0.2
6833,2254,152,4,56.24,0.2
6834,2255,160,1,212.04,0.1
6835,2256,29,3,244.01,0.15
6836,2256,166,3,192.6,0.2
6837,2257,153,1,48.92,0.15
6838,2257,127,3,98.03,0.25
6839,2257,50,4,20.58,0.15
6840,2257,90,3,256.32,0.15
6841,2258,138,1,135.32,0.25
6842,2258,61,1,207.3,0.2
6843,2258,123,2,125.18,0.2
6844,2259,177,1,229.96,0.15000000000000002
6845,2259,139,3,362.95,0.1
6846,2259,52,4,67.23,0.15000000000000002
6847,2259,119,1,132.69,0.1
6848,2259,3,3,216.19,0.1
6849,2260,30,3,113.6,0.3
6850,2260,13,1,44.8,0.25
6851,2260,15,4,175.93,0.3
6852,2261,101,1,292.97,0.25
6853,2261,175,1,87.46,0.25
6854,2261,177,1,175.85,0.35
6855,2262,163,2,329.02,0.1
6856,2263,105,3,195.84,0.0
6857,2264,56,4,181.18,0.15000000000000002
6858,2265,36,1,64.66,0.0
6859,2265,89,1,127.22,0.05
6860,2265,6,3,55.86,0.0
6861,2266,129,1,147.7,0.2
6862,2267,145,4,317.53,0.1
6863,2267,138,2,144.34,0.2
6864,2267,180,1,139.0,0.1
6865,2268,100,3,225.99,0.25
6866,2268,54,2,143.53,0.15
6867,2269,103,1,109.4,0.25
6868,2269,31,3,49.35,0.25
6869,2269,120,1,260.1,0.25
6870,2269,81,2,256.28,0.25
6871,2270,157,3,266.51,0.0
6872,2270,104,1,268.06,0.05
6873,2270,63,2,281.2,0.0
6874,2270,18,2,129.21,0.0
6875,2270,120,1,329.46,0.05
6876,2271,24,3,314.53,0.25
6877,2271,119,4,125.32,0.15
6878,2271,73,3,138.68,0.25
6879,2272,135,2,353.81,0.1
6880,2273,163,4,274.19,0.25
6881,2274,179,3,101.3,0.1
6882,2274,164,3,186.63,0.1
6883,2274,78,3,275.46,0.2
6884,2274,134,2,122.75,0.1
6885,2274,99,3,50.76,0.1
6886,2275,102,4,257.56,0.15000000000000002
6887,2275,77,1,395.34,0.2
6888,2275,152,4,56.24,0.2
6889,2275,35,2,45.98,0.15000000000000002
6890,2276,9,3,192.95,0.0
6891,2276,64,3,234.86,0.0
6892,2277,91,2,282.06,0.3
6893,2277,173,2,318.06,0.3
6894,2277,35,3,37.87,0.3
6895,2278,39,4,194.61,0.15000000000000002
6896,2278,35,2,43.28,0.2
6897,2278,38,1,223.46,0.15000000000000002
6898,2278,28,2,326.38,0.2
6899,2279,57,1,240.91,0.25
6900,2279,7,4,200.86,0.2
6901,2279,137,1,53.08,0.2
6902,2280,53,1,112.9,0.2
6903,2280,60,4,194.65,0.1
6904,2280,111,3,219.24,0.15000000000000002
6905,2281,36,3,58.19,0.1
6906,2281,27,3,98.89,0.1
6907,2281,74,3,287.91,0.1
6908,2281,20,1,119.81,0.15000000000000002
6909,2282,54,2,135.09,0.2
6910,2282,26,3,260.85,0.25
6911,2282,117,4,47.52,0.30000000000000004
6912,2282,19,1,210.69,0.2
6913,2282,32,3,106.25,0.2
6914,2283,54,2,151.97,0.1
6915,2283,79,3,60.72,0.15000000000000002
6916,2283,124,2,41.46,0.1
6917,2284,74,3,255.92,0.2
6918,2284,57,2,240.91,0.25
6919,2284,46,1,45.16,0.2
6920,2285,155,2,229.9,0.15000000000000002
6921,2285,123,1,125.18,0.2
6922,2285,177,4,243.49,0.1
6923,2285,101,3,312.5,0.2
6924,2286,177,1,270.54,0.0
6925,2287,156,3,105.9,0.30000000000000004
6926,2287,124,4,36.86,0.2
6927,2287,118,4,271.06,0.2
6928,2287,161,4,178.33,0.30000000000000004
6929,2288,119,3,117.94,0.2
6930,2289,89,1,107.14,0.2
6931,2289,44,1,224.15,0.2
6932,2290,55,4,204.13,0.3
6933,2290,161,4,191.07,0.25
6934,2290,173,1,340.78,0.25
6935,2290,142,4,259.05,0.3
6936,2291,104,4,183.41,0.35
6937,2291,33,4,140.04,0.35
6938,2291,105,3,146.88,0.25
6939,2292,106,1,237.07,0.1
6940,2292,144,2,113.78,0.15000000000000002
6941,2292,10,3,437.34,0.1
6942,2292,49,1,201.76,0.1
6943,2293,105,4,146.88,0.25
6944,2293,8,3,72.14,0.15
6945,2294,54,2,118.2,0.30000000000000004
6946,2294,70,1,247.71,0.30000000000000004
6947,2295,32,4,119.53,0.1
6948,2295,61,2,233.22,0.1
6949,2295,170,1,14.07,0.1
6950,2296,151,1,211.71,0.1
6951,2297,59,3,249.05,0.1
6952,2297,16,3,132.45,0.0
6953,2297,165,3,196.79,0.0
6954,2298,119,2,132.69,0.1
6955,2299,157,4,199.88,0.25
6956,2299,24,3,335.5,0.2
6957,2299,36,3,48.49,0.25
6958,2299,113,2,196.99,0.15
6959,2299,33,3,183.13,0.15
6960,2300,177,2,216.43,0.2
6961,2300,90,1,271.4,0.1
6962,2300,99,2,50.76,0.1
6963,2300,9,4,173.66,0.1
6964,2300,73,2,166.42,0.1
6965,2301,74,2,271.91,0.15000000000000002
6966,2301,78,3,309.89,0.1
6967,2301,49,3,190.55,0.15000000000000002
6968,2301,160,4,212.04,0.1
6969,2302,136,1,243.13,0.1
6970,2302,105,3,176.26,0.1
6971,2302,53,3,127.02,0.1
6972,2303,110,1,80.4,0.25
6973,2304,108,4,231.15,0.2
6974,2304,132,4,140.89,0.25
6975,2305,150,4,227.77,0.25
6976,2305,65,3,341.62,0.25
6977,2305,142,2,240.55,0.35
6978,2306,179,4,84.41,0.25
6979,2306,109,3,105.07,0.2
6980,2306,165,1,157.43,0.2
6981,2307,118,2,321.89,0.05
6982,2307,177,2,270.54,0.0
6983,2307,172,3,141.72,0.05
6984,2308,146,2,123.62,0.1
6985,2308,72,1,102.25,0.1
6986,2308,91,3,362.65,0.1
6987,2309,18,3,103.37,0.2
6988,2309,110,1,80.4,0.25
6989,2309,152,2,59.75,0.15
6990,2310,56,3,191.84,0.1
6991,2310,65,4,432.72,0.05
6992,2310,52,2,75.14,0.05
6993,2310,53,1,134.07,0.05
6994,2311,125,1,35.18,0.2
6995,2311,101,1,312.5,0.2
6996,2311,11,4,178.74,0.25
6997,2312,9,3,173.66,0.1
6998,2313,90,2,271.4,0.1
6999,2313,52,4,75.14,0.05
7000,2313,144,3,133.86,0.0
7001,2313,49,3,224.18,0.0
7002,2313,45,2,180.57,0.0
7003,2314,29,2,244.01,0.15000000000000002
7004,2314,106,4,223.9,0.15000000000000002
7005,2314,161,4,229.28,0.1
7006,2314,149,2,145.0,0.15000000000000002
7007,2314,133,3,255.99,0.1
7008,2315,173,4,408.93,0.1
7009,2315,149,4,153.53,0.1
7010,2316,14,1,97.12,0.25
7011,2316,45,1,153.48,0.15
7012,2316,31,4,52.64,0.2
7013,2317,97,4,156.62,0.35
7014,2317,115,4,324.32,0.25
7015,2317,5,2,286.34,0.25
7016,2318,155,2,270.47,0.0
7017,2318,110,2,107.2,0.0
7018,2319,135,1,393.12,0.0
7019,2319,93,1,245.43,0.0
7020,2319,111,1,257.93,0.0
7021,2320,128,3,207.01,0.1
7022,2320,39,3,206.06,0.1
7023,2321,33,3,183.13,0.15
7024,2321,64,4,176.15,0.25
7025,2321,30,3,129.83,0.2
7026,2322,176,2,19.06,0.15
7027,2322,111,3,206.34,0.2
7028,2323,74,1,287.91,0.1
7029,2323,9,4,173.66,0.1
7030,2323,145,2,317.53,0.1
7031,2323,111,4,232.14,0.1
7032,2324,117,2,47.52,0.3
7033,2325,49,1,201.76,0.1
7034,2325,165,3,177.11,0.1
7035,2325,160,3,200.26,0.15000000000000002
7036,2325,2,3,111.62,0.1
7037,2325,155,3,229.9,0.15000000000000002
7038,2326,60,4,205.47,0.05
7039,2326,68,4,173.52,0.05
7040,2326,31,3,55.93,0.15000000000000002
7041,2326,29,1,258.36,0.1
7042,2326,27,1,104.39,0.05
7043,2327,162,4,73.92,0.25
7044,2327,133,1,213.32,0.25
7045,2327,175,3,93.29,0.2
7046,2327,73,3,129.44,0.30000000000000004
7047,2327,118,3,271.06,0.2
7048,2328,51,3,192.92,0.35
7049,2328,66,1,83.57,0.3
7050,2328,96,4,266.83,0.25
7051,2328,120,2,225.42,0.35
7052,2328,67,3,262.45,0.25
7053,2329,58,1,235.97,0.25
7054,2329,81,1,256.28,0.25
7055,2329,153,2,37.41,0.35
7056,2330,180,2,115.83,0.25
7057,2330,177,1,189.38,0.30000000000000004
7058,2331,12,3,243.95,0.0
7059,2331,57,2,321.21,0.0
7060,2331,86,4,300.82,0.1
7061,2331,94,2,125.51,0.0
7062,2332,92,1,102.43,0.2
7063,2333,132,3,178.46,0.05
7064,2333,72,2,96.57,0.15000000000000002
7065,2333,72,2,107.93,0.05
7066,2333,149,2,162.06,0.05
7067,2333,88,1,207.06,0.05
7068,2334,158,4,93.74,0.2
7069,2334,132,1,150.28,0.2
7070,2335,22,2,86.63,0.1
7071,2335,115,1,389.19,0.1
7072,2336,14,1,97.12,0.25
7073,2336,60,1,183.84,0.15
7074,2336,35,4,40.58,0.25
7075,2336,50,2,20.58,0.15
7076,2337,16,3,132.45,0.0
7077,2338,95,3,337.33,0.2
7078,2338,180,4,123.55,0.2
7079,2338,17,1,70.38,0.25
7080,2338,111,1,206.34,0.2
7081,2338,9,1,154.36,0.2
7082,2339,151,1,188.18,0.2
7083,2339,163,1,310.74,0.15000000000000002
7084,2339,71,1,287.23,0.15000000000000002
7085,2340,117,2,54.31,0.2
7086,2340,166,2,180.56,0.25
7087,2340,132,4,150.28,0.2
7088,2340,44,1,224.15,0.2
7089,2341,15,3,251.33,0.0
7090,2341,54,3,151.97,0.1
7091,2342,109,3,105.07,0.2
7092,2342,115,1,345.94,0.2
7093,2342,127,2,91.5,0.30000000000000004
7094,2342,75,2,188.98,0.2
7095,2343,116,3,397.97,0.0
7096,2344,55,1,262.46,0.1
7097,2345,164,1,165.9,0.2
7098,2346,148,1,168.82,0.1
7099,2346,83,1,346.44,0.1
7100,2346,127,3,104.57,0.2
7101,2347,77,2,494.18,0.0
7102,2347,111,2,257.93,0.0
7103,2347,4,4,203.36,0.0
7104,2347,115,1,432.43,0.0
7105,2348,123,4,117.36,0.25
7106,2349,5,1,343.61,0.1
7107,2349,142,2,351.57,0.05
7108,2349,2,4,117.82,0.05
7109,2349,141,2,117.11,0.05
7110,2350,137,4,46.44,0.3
7111,2350,97,3,180.72,0.25
7112,2351,141,4,98.62,0.2
7113,2351,92,1,102.43,0.2
7114,2351,153,1,46.04,0.2
7115,2352,150,3,242.95,0.2
7116,2352,148,1,159.44,0.15000000000000002
7117,2352,44,3,252.17,0.1
7118,2353,15,1,188.5,0.25
7119,2353,91,3,261.91,0.35
7120,2353,84,4,212.47,0.3
7121,2353,169,3,76.6,0.25
7122,2353,110,4,80.4,0.25
7123,2354,38,2,223.46,0.15
7124,2354,134,2,102.29,0.25
7125,2355,104,3,239.84,0.15
7126,2356,63,3,253.08,0.1
7127,2356,38,1,236.61,0.1
7128,2356,45,2,162.51,0.1
7129,2356,174,3,312.16,0.1
7130,2356,86,1,267.39,0.2
7131,2357,131,2,94.42,0.2
7132,2358,20,3,98.66,0.3
7133,2358,70,1,230.02,0.35
7134,2358,178,3,32.71,0.35
7135,2359,173,4,318.06,0.30000000000000004
7136,2359,77,4,395.34,0.2
7137,2359,22,3,67.38,0.30000000000000004
7138,2359,15,1,201.06,0.2
7139,2359,64,2,187.89,0.2
7140,2360,91,2,402.94,0.0
7141,2360,156,1,151.29,0.0
7142,2361,54,2,168.86,0.0
7143,2362,120,3,277.44,0.2
7144,2362,162,2,88.7,0.1
7145,2363,133,3,241.77,0.15
7146,2363,3,4,180.16,0.25
7147,2363,33,1,183.13,0.15
7148,2364,97,2,228.91,0.05
7149,2364,106,1,263.41,0.0
7150,2365,23,1,319.16,0.15
7151,2365,36,4,51.73,0.2
7152,2365,134,2,115.93,0.15
7153,2365,100,1,256.12,0.15
7154,2365,109,2,105.07,0.2
7155,2366,26,3,295.63,0.15
7156,2367,127,3,104.57,0.2
7157,2367,120,4,277.44,0.2
7158,2367,107,1,133.45,0.2
7159,2367,168,1,247.53,0.2
7160,2368,147,3,158.16,0.25
7161,2368,45,2,135.43,0.25
7162,2368,115,3,324.32,0.25
7163,2368,70,1,265.4,0.25
7164,2369,75,1,212.6,0.1
7165,2369,172,4,134.26,0.1
7166,2369,103,2,123.99,0.15000000000000002
7167,2369,155,2,229.9,0.15000000000000002
7168,2369,152,2,56.24,0.2
7169,2370,36,3,42.03,0.35
7170,2371,166,1,168.52,0.3
7171,2371,122,1,214.2,0.25
7172,2372,144,4,120.47,0.1
7173,2373,34,3,333.1,0.2
7174,2373,17,1,79.76,0.15
7175,2373,16,1,112.58,0.15
7176,2373,145,1,299.89,0.15
7177,2373,26,1,295.63,0.15
7178,2374,34,2,270.64,0.35
7179,2374,25,1,17.48,0.25
7180,2374,71,3,236.54,0.3
7181,2374,15,2,188.5,0.25
7182,2374,55,4,189.55,0.35
7183,2375,175,3,93.29,0.2
7184,2375,114,2,25.66,0.25
7185,2376,57,4,208.79,0.35
7186,2376,104,1,197.52,0.3
7187,2376,12,2,182.96,0.25
7188,2376,112,2,166.78,0.35
7189,2377,53,1,91.73,0.35
7190,2378,175,3,87.46,0.25
7191,2378,32,2,99.61,0.25
7192,2379,163,1,274.19,0.25
7193,2379,115,1,302.7,0.3
7194,2379,109,3,98.5,0.25
7195,2379,113,4,173.81,0.25
7196,2380,149,2,136.47,0.2
7197,2381,94,1,106.68,0.15000000000000002
7198,2381,5,1,305.43,0.2
7199,2381,11,1,190.66,0.2
7200,2382,39,4,160.26,0.3
7201,2382,64,4,152.66,0.35
7202,2382,28,1,305.98,0.25
7203,2383,102,4,212.11,0.3
7204,2383,101,3,292.97,0.25
7205,2383,32,4,99.61,0.25
7206,2383,118,2,254.12,0.25
7207,2383,116,2,298.48,0.25
7208,2384,101,4,273.43,0.30000000000000004
7209,2385,19,2,184.35,0.3
7210,2386,88,3,196.16,0.1
7211,2386,175,2,99.12,0.15000000000000002
7212,2386,23,3,337.93,0.1
7213,2386,58,4,283.17,0.1
7214,2387,98,2,113.39,0.30000000000000004
7215,2387,133,2,227.54,0.2
7216,2388,155,3,256.95,0.05
7217,2388,164,2,207.37,0.0
7218,2388,44,1,280.19,0.0
7219,2388,144,3,133.86,0.0
7220,2388,126,2,56.75,0.0
7221,2389,87,1,75.59,0.25
7222,2389,51,2,222.6,0.25
7223,2390,165,1,196.79,0.0
7224,2391,52,2,71.19,0.1
7225,2391,162,2,88.7,0.1
7226,2392,158,1,82.02,0.30000000000000004
7227,2393,92,1,128.04,0.0
7228,2393,131,2,118.03,0.0
7229,2393,49,2,224.18,0.0
7230,2394,26,4,295.63,0.15000000000000002
7231,2394,177,3,229.96,0.15000000000000002
7232,2394,69,3,52.0,0.05
7233,2394,161,3,216.55,0.15000000000000002
7234,2394,157,1,253.18,0.05
7235,2395,178,4,37.74,0.25
7236,2395,124,1,34.55,0.25
7237,2395,120,1,225.42,0.35
7238,2396,128,4,184.01,0.2
7239,2396,35,1,45.98,0.15
7240,2396,156,1,113.47,0.25
7241,2396,74,1,255.92,0.2
7242,2396,51,4,252.28,0.15
7243,2397,135,2,334.15,0.15
7244,2397,22,4,81.82,0.15
7245,2397,165,3,167.27,0.15
7246,2397,85,1,75.67,0.25
7247,2397,115,3,345.94,0.2
7248,2398,70,3,265.4,0.25
7249,2398,49,3,156.93,0.3
7250,2399,111,4,193.45,0.25
7251,2399,100,4,210.92,0.30000000000000004
7252,2399,80,2,37.48,0.30000000000000004
7253,2399,96,3,284.62,0.2
7254,2400,10,2,364.45,0.25
7255,2400,158,3,87.88,0.25
7256,2401,85,1,90.8,0.1
7257,2401,46,1,50.81,0.1
7258,2401,52,2,67.23,0.15000000000000002
7259,2401,42,4,184.53,0.15000000000000002
7260,2402,7,4,251.07,0.0
7261,2402,91,4,402.94,0.0
7262,2402,8,4,84.87,0.0
7263,2402,8,1,84.87,0.0
7264,2403,147,2,168.7,0.2
7265,2403,111,2,219.24,0.15
7266,2403,153,4,46.04,0.2
7267,2404,145,2,264.61,0.25
7268,2404,57,4,240.91,0.25
7269,2405,112,1,256.59,0.0
7270,2405,175,1,116.61,0.0
7271,2406,43,1,306.48,0.05
7272,2406,86,3,334.24,0.0
7273,2407,95,3,337.33,0.2
7274,2407,60,4,162.21,0.25
7275,2407,7,1,213.41,0.15
7276,2407,155,2,216.38,0.2
7277,2408,68,3,155.25,0.15
7278,2408,177,3,216.43,0.2
7279,2408,58,4,267.44,0.15
7280,2409,180,3,123.55,0.2
7281,2409,33,1,172.36,0.2
7282,2409,156,1,136.16,0.1
7283,2410,105,4,146.88,0.25
7284,2410,88,2,163.47,0.25
7285,2410,93,3,159.53,0.35
7286,2410,144,3,100.4,0.25
7287,2411,100,1,210.92,0.30000000000000004
7288,2411,157,4,213.21,0.2
7289,2411,52,2,59.32,0.25
7290,2411,72,4,90.89,0.2
7291,2411,128,2,184.01,0.2
7292,2412,124,3,41.46,0.1
7293,2413,179,1,106.92,0.05
7294,2413,4,3,203.36,0.0
7295,2413,53,2,134.07,0.05
7296,2413,115,3,410.81,0.05
7297,2414,143,1,103.56,0.3
7298,2414,74,3,223.93,0.3
7299,2414,120,1,260.1,0.25
7300,2414,2,3,93.02,0.25
7301,2415,129,4,184.63,0.0
7302,2415,26,4,313.02,0.1
7303,2415,120,2,346.8,0.0
7304,2415,135,2,393.12,0.0
7305,2415,142,2,351.57,0.05
7306,2416,87,1,85.66,0.15
7307,2416,166,4,192.6,0.2
7308,2416,75,3,188.98,0.2
7309,2416,63,1,224.96,0.2
7310,2417,70,4,336.18,0.05
7311,2417,57,3,289.09,0.1
7312,2417,65,1,432.72,0.05
7313,2418,164,3,145.16,0.30000000000000004
7314,2418,167,4,195.98,0.2
7315,2419,122,3,228.48,0.2
7316,2419,110,4,91.12,0.15000000000000002
7317,2419,106,2,210.73,0.2
7318,2419,150,1,273.32,0.1
7319,2419,180,3,139.0,0.1
7320,2420,173,3,318.06,0.3
7321,2420,113,3,173.81,0.25
7322,2420,178,3,37.74,0.25
7323,2420,25,3,17.48,0.25
7324,2421,66,4,95.51,0.2
7325,2421,121,3,345.07,0.2
7326,2421,132,4,150.28,0.2
7327,2421,116,1,318.38,0.2
7328,2422,125,2,30.78,0.3
7329,2422,166,3,180.56,0.25
7330,2422,176,2,15.69,0.3
7331,2422,135,2,294.84,0.25
7332,2423,7,4,175.75,0.3
7333,2424,113,4,220.16,0.05
7334,2424,105,1,195.84,0.0
7335,2424,64,4,211.37,0.1
7336,2424,161,4,242.02,0.05
7337,2425,146,3,103.02,0.25
7338,2425,90,3,196.01,0.35
7339,2425,130,1,97.92,0.35
7340,2426,173,4,295.34,0.35
7341,2426,134,3,95.47,0.3
7342,2426,37,4,167.96,0.25
7343,2426,113,3,150.64,0.35
7344,2427,15,3,188.5,0.25
7345,2427,23,3,281.61,0.25
7346,2427,114,3,25.66,0.25
7347,2428,17,3,79.76,0.15
7348,2429,82,2,115.94,0.0
7349,2429,173,1,454.37,0.0
7350,2429,23,3,356.71,0.05
7351,2430,14,2,97.12,0.25
7352,2430,91,1,302.2,0.25
7353,2430,26,1,243.46,0.3
7354,2430,50,3,16.95,0.3
7355,2431,155,1,243.42,0.1
7356,2431,76,2,136.43,0.1
7357,2431,124,2,39.16,0.15000000000000002
7358,2432,33,2,183.13,0.15000000000000002
7359,2433,77,4,370.63,0.25
7360,2434,8,4,72.14,0.15
7361,2434,10,2,413.04,0.15
7362,2434,169,4,86.81,0.15
7363,2435,82,3,110.14,0.05
7364,2435,52,1,71.19,0.1
7365,2435,120,4,346.8,0.0
7366,2435,12,2,231.75,0.05
7367,2435,86,2,334.24,0.0
7368,2436,37,1,201.56,0.1
7369,2436,39,1,206.06,0.1
7370,2436,40,4,155.93,0.1
7371,2436,107,4,141.79,0.15000000000000002
7372,2436,114,2,30.8,0.1
7373,2437,101,4,332.03,0.15
7374,2437,64,2,187.89,0.2
7375,2437,71,1,287.23,0.15
7376,2437,151,2,199.95,0.15
7377,2437,178,2,37.74,0.25
7378,2438,9,1,144.71,0.25
7379,2438,137,3,53.08,0.2
7380,2439,30,3,129.83,0.2
7381,2439,32,2,106.25,0.2
7382,2439,170,3,12.5,0.2
7383,2439,21,2,21.85,0.2
7384,2439,25,3,18.65,0.2
7385,2440,93,2,220.89,0.1
7386,2440,9,2,164.01,0.15000000000000002
7387,2440,163,2,310.74,0.15000000000000002
7388,2441,78,1,309.89,0.1
7389,2441,102,3,272.71,0.1
7390,2442,38,1,236.61,0.1
7391,2442,153,4,51.8,0.1
7392,2442,29,1,258.36,0.1
7393,2442,96,4,284.62,0.2
7394,2442,13,3,53.77,0.1
7395,2443,7,3,213.41,0.15
7396,2444,98,1,137.68,0.15000000000000002
7397,2444,99,3,47.94,0.15000000000000002
7398,2444,124,2,41.46,0.1
7399,2444,153,1,48.92,0.15000000000000002
7400,2445,40,4,164.59,0.05
7401,2445,57,2,321.21,0.0
7402,2445,12,4,243.95,0.0
7403,2445,164,3,197.0,0.05
7404,2445,46,2,50.81,0.1
7405,2446,74,1,239.92,0.25
7406,2446,141,2,98.62,0.2
7407,2446,135,1,275.18,0.30000000000000004
7408,2446,20,3,112.76,0.2
7409,2446,113,4,173.81,0.25
7410,2447,138,1,162.39,0.1
7411,2447,120,2,346.8,0.0
7412,2447,107,4,150.13,0.1
7413,2448,9,2,144.71,0.25
7414,2448,100,4,241.06,0.2
7415,2449,40,4,138.6,0.2
7416,2449,111,3,193.45,0.25
7417,2449,110,2,75.04,0.30000000000000004
7418,2449,163,4,255.91,0.30000000000000004
7419,2450,83,2,307.94,0.2
7420,2450,9,1,164.01,0.15
7421,2450,92,1,108.83,0.15
7422,2450,47,1,73.42,0.15
7423,2450,137,2,56.4,0.15
7424,2451,98,3,137.68,0.15000000000000002
7425,2451,17,2,84.46,0.1
7426,2451,30,3,137.95,0.15000000000000002
7427,2451,88,1,185.27,0.15000000000000002
7428,2451,131,4,100.33,0.15000000000000002
7429,2452,115,1,367.57,0.15
7430,2452,108,2,245.6,0.15
7431,2452,117,3,50.92,0.25
7432,2452,35,4,45.98,0.15
7433,2452,54,2,143.53,0.15
7434,2453,13,4,47.79,0.2
7435,2453,81,4,273.37,0.2
7436,2454,130,1,143.12,0.05
7437,2454,50,1,23.0,0.05
7438,2454,30,4,146.06,0.1
7439,2454,100,2,286.25,0.05
7440,2454,172,4,141.72,0.05
7441,2455,65,4,318.85,0.3
7442,2455,141,2,86.29,0.3
7443,2455,27,1,82.41,0.25
7444,2456,108,1,202.26,0.30000000000000004
7445,2456,146,3,96.15,0.30000000000000004
7446,2457,166,4,228.71,0.05
7447,2458,34,4,353.91,0.15
7448,2458,103,4,109.4,0.25
7449,2458,22,1,77.01,0.2
7450,2458,36,1,54.96,0.15
7451,2459,112,3,205.27,0.2
7452,2460,55,1,189.55,0.35
7453,2460,114,2,23.95,0.3
7454,2460,144,2,87.01,0.35
7455,2460,125,1,30.78,0.3
7456,2461,90,2,271.4,0.1
7457,2462,57,2,240.91,0.25
7458,2462,163,2,274.19,0.25
7459,2462,97,2,180.72,0.25
7460,2463,161,2,178.33,0.30000000000000004
7461,2463,15,3,175.93,0.30000000000000004
7462,2464,1,1,230.09,0.1
7463,2464,145,3,317.53,0.1
7464,2464,38,1,236.61,0.1
7465,2465,86,1,317.53,0.05
7466,2465,107,4,158.47,0.05
7467,2465,40,2,147.26,0.15000000000000002
7468,2465,102,1,287.86,0.05
7469,2465,2,2,105.42,0.15000000000000002
7470,2466,50,3,18.16,0.25
7471,2467,45,2,153.48,0.15000000000000002
7472,2467,90,2,286.47,0.05
7473,2468,140,2,250.94,0.1
7474,2468,2,3,99.22,0.2
7475,2468,89,3,107.14,0.2
7476,2468,129,1,166.17,0.1
7477,2469,83,2,346.44,0.1
7478,2469,153,2,57.55,0.0
7479,2469,148,1,187.58,0.0
7480,2469,51,3,267.12,0.1
7481,2470,178,2,45.29,0.1
7482,2470,157,4,239.86,0.1
7483,2470,3,2,240.21,0.0
7484,2470,169,1,102.13,0.0
7485,2470,33,3,215.45,0.0
7486,2471,178,4,35.22,0.30000000000000004
7487,2471,104,3,225.74,0.2
7488,2471,103,3,116.7,0.2
7489,2471,91,3,322.35,0.2
7490,2472,91,3,302.2,0.25
7491,2472,168,2,232.06,0.25
7492,2472,57,2,240.91,0.25
7493,2472,19,3,184.35,0.3
7494,2473,15,2,201.06,0.2
7495,2473,30,4,129.83,0.2
7496,2473,46,3,39.52,0.30000000000000004
7497,2473,133,1,227.54,0.2
7498,2474,147,1,168.7,0.2
7499,2474,128,2,161.01,0.30000000000000004
7500,2474,97,2,192.77,0.2
7501,2474,76,1,121.27,0.2
7502,2474,72,2,79.53,0.30000000000000004
7503,2475,14,1,103.59,0.2
7504,2475,140,2,237.0,0.15
7505,2475,104,4,239.84,0.15
7506,2475,112,1,218.1,0.15
7507,2475,54,2,135.09,0.2
7508,2476,73,1,138.68,0.25
7509,2476,90,3,196.01,0.35
7510,2476,164,4,134.79,0.35
7511,2476,9,1,125.42,0.35
7512,2477,124,3,39.16,0.15
7513,2477,52,2,67.23,0.15
7514,2477,31,2,55.93,0.15
7515,2477,25,2,18.65,0.2
7516,2477,92,1,108.83,0.15
7517,2478,43,3,290.35,0.1
7518,2478,166,1,204.64,0.15000000000000002
7519,2478,31,4,59.22,0.1
7520,2479,17,4,65.69,0.30000000000000004
7521,2480,125,1,35.18,0.2
7522,2480,1,1,204.53,0.2
7523,2480,113,4,196.99,0.15
7524,2480,75,2,200.79,0.15
7525,2481,99,1,39.48,0.30000000000000004
7526,2481,96,1,284.62,0.2
7527,2481,113,1,185.4,0.2
7528,2481,92,2,102.43,0.2
7529,2482,82,3,92.75,0.2
7530,2482,163,3,310.74,0.15
7531,2483,44,1,238.16,0.15
7532,2483,24,3,356.46,0.15
7533,2483,153,4,48.92,0.15
7534,2483,146,4,116.76,0.15
7535,2484,71,4,236.54,0.3
7536,2484,94,3,94.13,0.25
7537,2484,98,3,121.48,0.25
7538,2484,76,1,106.11,0.3
7539,2485,52,3,59.32,0.25
7540,2485,68,2,155.25,0.15
7541,2485,5,2,286.34,0.25
7542,2485,79,1,57.15,0.2
7543,2486,21,4,21.85,0.2
7544,2486,111,1,193.45,0.25
7545,2486,64,1,187.89,0.2
7546,2486,10,3,388.74,0.2
7547,2487,101,3,351.56,0.1
7548,2487,24,4,419.37,0.0
7549,2488,5,3,286.34,0.25
7550,2488,2,1,93.02,0.25
7551,2489,82,4,86.95,0.25
7552,2489,160,4,176.7,0.25
7553,2489,49,4,145.72,0.35
7554,2490,107,2,133.45,0.2
7555,2490,55,1,233.3,0.2
7556,2490,88,2,174.37,0.2
7557,2490,33,3,172.36,0.2
7558,2490,172,1,111.89,0.25
7559,2491,41,2,152.15,0.25
7560,2492,23,2,300.38,0.2
7561,2492,110,4,80.4,0.25
7562,2492,11,3,190.66,0.2
7563,2492,78,1,275.46,0.2
7564,2492,69,2,41.05,0.25
7565,2493,107,4,141.79,0.15
7566,2493,145,4,299.89,0.15
7567,2493,172,3,111.89,0.25
7568,2494,136,4,175.59,0.35
7569,2495,115,1,367.57,0.15
7570,2495,26,3,295.63,0.15
7571,2495,80,3,45.51,0.15
7572,2495,106,3,223.9,0.15
7573,2496,173,3,340.78,0.25
7574,2496,52,2,59.32,0.25
7575,2496,105,2,156.67,0.2
7576,2496,101,4,312.5,0.2
7577,2497,27,4,82.41,0.25
7578,2497,50,4,19.37,0.2
7579,2497,125,1,32.98,0.25
7580,2498,51,1,237.44,0.2
7581,2499,38,2,210.32,0.2
7582,2499,176,3,16.82,0.25
7583,2499,105,1,156.67,0.2
7584,2499,81,4,273.37,0.2
7585,2499,69,4,43.79,0.2
7586,2500,66,4,89.54,0.25
7587,2501,29,1,258.36,0.1
7588,2502,175,1,110.78,0.05
7589,2502,134,4,115.93,0.15000000000000002
7590,2502,176,2,19.06,0.15000000000000002
7591,2503,120,2,260.1,0.25
7592,2503,66,3,95.51,0.2
7593,2504,177,4,243.49,0.1
7594,2504,9,2,183.3,0.05
7595,2504,122,4,285.6,0.0
7596,2504,38,2,249.75,0.05
7597,2504,104,3,253.95,0.1
7598,2505,172,4,104.43,0.30000000000000004
7599,2505,109,3,105.07,0.2
7600,2505,121,2,345.07,0.2
7601,2506,88,3,185.27,0.15
7602,2506,18,2,109.83,0.15
7603,2506,106,3,197.56,0.25
7604,2506,174,3,260.13,0.25
7605,2507,49,2,201.76,0.1
7606,2508,44,3,224.15,0.2
7607,2508,166,1,168.52,0.30000000000000004
7608,2508,48,3,134.46,0.30000000000000004
7609,2508,73,4,147.93,0.2
7610,2508,55,3,233.3,0.2
7611,2509,37,1,156.76,0.30000000000000004
7612,2509,25,3,16.32,0.30000000000000004
7613,2510,172,2,111.89,0.25
7614,2511,25,1,18.65,0.2
7615,2511,61,4,220.26,0.15
7616,2512,111,1,232.14,0.1
7617,2512,160,1,212.04,0.1
7618,2512,123,3,148.66,0.05
7619,2512,26,3,330.41,0.05
7620,2512,72,2,96.57,0.15000000000000002
7621,2513,115,1,345.94,0.2
7622,2513,142,3,333.06,0.1
7623,2514,64,3,176.15,0.25
7624,2514,129,2,147.7,0.2
7625,2514,162,1,78.85,0.2
7626,2514,71,4,270.34,0.2
7627,2514,69,2,38.32,0.30000000000000004
7628,2515,105,1,166.46,0.15
7629,2515,7,3,200.86,0.2
7630,2516,86,4,250.68,0.25
7631,2516,162,4,73.92,0.25
7632,2516,34,3,312.28,0.25
7633,2516,136,4,175.59,0.35
7634,2516,165,3,137.75,0.3
7635,2517,67,1,349.93,0.0
7636,2517,16,1,125.83,0.05
7637,2518,53,4,119.96,0.15
7638,2518,96,3,284.62,0.2
7639,2519,64,3,211.37,0.1
7640,2519,162,4,88.7,0.1
7641,2519,51,4,267.12,0.1
7642,2519,179,3,101.3,0.1
7643,2520,17,2,75.07,0.2
7644,2520,98,3,129.58,0.2
7645,2521,155,4,202.85,0.25
7646,2521,27,1,82.41,0.25
7647,2521,85,1,75.67,0.25
7648,2521,44,3,210.14,0.25
7649,2521,164,2,155.53,0.25
7650,2522,147,4,168.7,0.2
7651,2523,123,3,109.54,0.30000000000000004
7652,2523,173,2,318.06,0.30000000000000004
7653,2523,29,1,229.66,0.2
7654,2524,20,3,119.81,0.15
7655,2524,46,2,45.16,0.2
7656,2524,38,1,223.46,0.15
7657,2525,98,3,137.68,0.15
7658,2525,176,4,19.06,0.15
7659,2525,90,3,256.32,0.15
7660,2525,64,3,199.63,0.15
7661,2525,88,2,185.27,0.15
7662,2526,111,4,193.45,0.25
7663,2526,101,3,273.43,0.30000000000000004
7664,2526,86,1,233.97,0.30000000000000004
7665,2526,5,3,267.25,0.30000000000000004
7666,2526,108,3,231.15,0.2
7667,2527,15,4,201.06,0.2
7668,2527,30,2,113.6,0.30000000000000004
7669,2527,33,4,161.59,0.25
7670,2527,165,3,157.43,0.2
7671,2528,161,3,216.55,0.15
7672,2528,130,1,120.52,0.2
7673,2528,73,4,157.17,0.15
7674,2528,160,1,188.48,0.2
7675,2528,157,1,226.53,0.15
7676,2529,129,3,175.4,0.05
7677,2529,101,4,371.09,0.05
7678,2529,54,1,160.42,0.05
7679,2529,126,3,48.24,0.15000000000000002
7680,2529,155,3,256.95,0.05
7681,2530,21,4,27.31,0.0
7682,2530,1,3,242.88,0.05
7683,2530,163,2,347.3,0.05
7684,2530,153,4,51.8,0.1
7685,2530,98,4,161.98,0.0
7686,2531,136,2,216.11,0.2
7687,2531,1,3,178.96,0.30000000000000004
7688,2531,117,4,54.31,0.2
7689,2531,90,1,241.24,0.2
7690,2531,156,4,121.03,0.2
7691,2532,78,1,344.32,0.0
7692,2532,171,1,148.35,0.0
7693,2533,49,4,156.93,0.3
7694,2533,40,2,129.94,0.25
7695,2533,113,4,162.22,0.3
7696,2534,13,4,50.78,0.15000000000000002
7697,2534,28,2,367.17,0.1
7698,2535,97,3,216.86,0.1
7699,2535,31,2,59.22,0.1
7700,2536,37,3,179.16,0.2
7701,2537,165,3,186.95,0.05
7702,2537,40,1,173.25,0.0
7703,2537,175,2,116.61,0.0
7704,2537,41,2,202.86,0.0
7705,2538,23,4,319.16,0.15000000000000002
7706,2538,5,1,305.43,0.2
7707,2538,76,2,136.43,0.1
7708,2538,109,2,118.21,0.1
7709,2539,137,3,53.08,0.2
7710,2539,94,2,106.68,0.15
7711,2539,61,4,194.35,0.25
7712,2540,22,3,86.63,0.1
7713,2540,36,1,64.66,0.0
7714,2541,136,2,202.6,0.25
7715,2541,179,3,90.04,0.2
7716,2541,102,3,227.26,0.25
7717,2542,48,1,172.87,0.1
7718,2542,85,3,85.76,0.15000000000000002
7719,2542,153,3,51.8,0.1
7720,2542,62,3,287.08,0.2
7721,2543,20,1,140.95,0.0
7722,2544,50,2,18.16,0.25
7723,2545,20,4,112.76,0.2
7724,2546,34,1,416.37,0.0
7725,2546,14,1,129.49,0.0
7726,2547,111,2,193.45,0.25
7727,2547,167,4,183.73,0.25
7728,2548,53,3,91.73,0.35
7729,2548,28,1,305.98,0.25
7730,2548,58,3,235.97,0.25
7731,2548,114,1,25.66,0.25
7732,2549,82,3,75.36,0.35
7733,2549,48,2,134.46,0.3
7734,2549,107,1,125.11,0.25
7735,2550,56,3,170.52,0.2
7736,2550,104,4,225.74,0.2
7737,2550,17,3,65.69,0.30000000000000004
7738,2550,120,2,277.44,0.2
7739,2550,93,2,196.34,0.2
7740,2551,68,4,118.72,0.35
7741,2551,84,1,212.47,0.3
7742,2551,163,4,237.63,0.35
7743,2551,15,3,188.5,0.25
7744,2552,144,3,100.4,0.25
7745,2552,4,1,152.52,0.25
7746,2553,83,2,346.44,0.1
7747,2553,51,2,267.12,0.1
7748,2553,60,4,183.84,0.15000000000000002
7749,2553,148,3,168.82,0.1
7750,2554,67,1,314.94,0.1
7751,2554,79,3,60.72,0.15000000000000002
7752,2554,106,1,237.07,0.1
7753,2555,160,4,212.04,0.1
7754,2556,6,1,44.69,0.2
7755,2556,171,4,118.68,0.2
7756,2556,22,2,81.82,0.15000000000000002
7757,2557,168,1,216.59,0.3
7758,2557,167,4,159.23,0.35
7759,2557,115,4,324.32,0.25
7760,2558,78,2,292.67,0.15000000000000002
7761,2558,53,4,127.02,0.1
7762,2558,71,2,287.23,0.15000000000000002
7763,2558,99,3,50.76,0.1
7764,2558,27,2,93.4,0.15000000000000002
7765,2559,61,1,207.3,0.2
7766,2559,20,3,112.76,0.2
7767,2560,73,1,147.93,0.2
7768,2561,101,2,292.97,0.25
7769,2561,31,4,49.35,0.25
7770,2561,62,3,305.02,0.15
7771,2561,173,2,340.78,0.25
7772,2562,53,2,105.85,0.25
7773,2562,155,1,189.33,0.3
7774,2562,95,2,316.25,0.25
7775,2563,143,2,133.15,0.1
7776,2563,101,3,351.56,0.1
7777,2563,125,1,39.57,0.1
7778,2563,169,4,91.92,0.1
7779,2563,119,1,132.69,0.1
7780,2564,39,4,183.16,0.2
7781,2564,91,3,322.35,0.2
7782,2564,124,1,36.86,0.2
7783,2564,76,4,121.27,0.2
7784,2565,131,3,76.72,0.35
7785,2565,114,2,25.66,0.25
7786,2565,171,1,96.43,0.35
7787,2565,68,2,127.85,0.3
7788,2566,24,1,356.46,0.15
7789,2566,43,3,274.22,0.15
7790,2566,76,2,121.27,0.2
7791,2566,108,3,245.6,0.15
7792,2566,84,1,258.0,0.15
7793,2567,35,1,37.87,0.30000000000000004
7794,2567,180,4,123.55,0.2
7795,2567,117,4,54.31,0.2
7796,2567,100,4,241.06,0.2
7797,2567,99,2,42.3,0.25
7798,2568,90,3,301.55,0.0
7799,2568,62,2,340.91,0.05
7800,2569,130,1,143.12,0.05
7801,2569,62,1,340.91,0.05
7802,2570,46,4,47.98,0.15000000000000002
7803,2570,108,1,260.05,0.1
7804,2570,173,3,408.93,0.1
7805,2570,64,3,211.37,0.1
7806,2570,49,3,201.76,0.1
7807,2571,25,2,18.65,0.2
7808,2571,176,2,17.94,0.2
7809,2571,15,3,201.06,0.2
7810,2572,51,1,222.6,0.25
7811,2572,155,4,202.85,0.25
7812,2572,110,3,69.68,0.35
7813,2573,121,3,431.34,0.0
7814,2573,139,1,403.28,0.0
7815,2573,62,1,322.97,0.1
7816,2573,69,3,52.0,0.05
7817,2574,60,1,194.65,0.1
7818,2574,29,2,229.66,0.2
7819,2575,74,3,255.92,0.2
7820,2575,2,1,105.42,0.15000000000000002
7821,2575,76,3,136.43,0.1
7822,2575,122,1,242.76,0.15000000000000002
7823,2575,7,4,213.41,0.15000000000000002
7824,2576,174,2,242.79,0.30000000000000004
7825,2576,176,1,17.94,0.2
7826,2577,159,2,253.41,0.25
7827,2577,65,3,364.4,0.2
7828,2577,73,3,157.17,0.15
7829,2577,168,3,263.0,0.15
7830,2577,111,3,206.34,0.2
7831,2578,87,1,75.59,0.25
7832,2578,87,1,75.59,0.25
7833,2578,179,4,78.78,0.3
7834,2579,179,3,84.41,0.25
7835,2579,29,1,215.3,0.25
7836,2579,134,4,95.47,0.3
7837,2579,29,2,186.6,0.35
7838,2580,45,3,162.51,0.1
7839,2580,20,3,126.85,0.1
7840,2580,133,4,241.77,0.15000000000000002
7841,2580,156,2,136.16,0.1
7842,2580,175,1,104.95,0.1
7843,2581,51,3,267.12,0.1
7844,2582,12,1,231.75,0.05
7845,2582,77,2,469.47,0.05
7846,2583,13,3,41.82,0.3
7847,2584,65,1,432.72,0.05
7848,2584,25,2,22.14,0.05
7849,2584,22,3,91.45,0.05
7850,2584,169,1,97.02,0.05
7851,2585,46,4,50.81,0.1
7852,2585,83,4,346.44,0.1
7853,2586,37,1,167.96,0.25
7854,2586,68,3,146.12,0.2
7855,2587,69,4,41.05,0.25
7856,2587,99,1,36.66,0.35
7857,2587,82,4,86.95,0.25
7858,2587,95,2,316.25,0.25
7859,2587,78,3,258.24,0.25
7860,2588,32,1,119.53,0.1
7861,2588,173,1,408.93,0.1
7862,2589,93,2,208.62,0.15000000000000002
7863,2589,117,4,61.1,0.1
7864,2589,75,4,212.6,0.1
7865,2590,45,2,162.51,0.1
7866,2590,73,4,175.66,0.05
7867,2590,131,2,100.33,0.15000000000000002
7868,2590,77,2,469.47,0.05
7869,2591,141,2,117.11,0.05
7870,2591,97,1,240.96,0.0
7871,2592,107,2,125.11,0.25
7872,2592,149,1,127.94,0.25
7873,2592,106,3,197.56,0.25
7874,2593,178,2,45.29,0.1
7875,2593,107,4,150.13,0.1
7876,2594,6,3,36.31,0.35
7877,2594,16,1,99.34,0.25
7878,2594,160,2,176.7,0.25
7879,2594,155,3,189.33,0.3
7880,2595,134,4,102.29,0.25
7881,2595,78,1,258.24,0.25
7882,2595,67,1,227.45,0.35
7883,2595,55,3,189.55,0.35
7884,2596,106,4,210.73,0.2
7885,2597,93,3,184.07,0.25
7886,2597,99,2,42.3,0.25
7887,2597,41,2,131.86,0.35
7888,2598,38,1,236.61,0.1
7889,2599,33,4,183.13,0.15
7890,2599,146,2,116.76,0.15
7891,2600,169,4,81.7,0.2
7892,2601,46,4,45.16,0.2
7893,2602,66,4,95.51,0.2
7894,2602,146,3,109.89,0.2
7895,2603,105,3,176.26,0.1
7896,2603,118,1,271.06,0.2
7897,2603,34,1,374.73,0.1
7898,2603,127,4,117.64,0.1
7899,2603,7,4,200.86,0.2
7900,2604,11,4,214.49,0.1
7901,2604,132,2,169.06,0.1
7902,2605,70,1,265.4,0.25
7903,2605,171,4,96.43,0.35
7904,2606,159,1,287.2,0.15
7905,2606,154,1,22.2,0.15
7906,2606,142,4,314.56,0.15
7907,2606,78,1,292.67,0.15
7908,2607,112,4,230.93,0.1
7909,2607,4,4,183.02,0.1
7910,2607,60,1,194.65,0.1
7911,2607,32,3,119.53,0.1
7912,2607,8,4,72.14,0.15000000000000002
7913,2608,29,2,258.36,0.1
7914,2608,56,2,191.84,0.1
7915,2608,100,1,271.19,0.1
7916,2608,68,4,146.12,0.2
7917,2609,117,2,61.1,0.1
7918,2609,84,1,273.18,0.1
7919,2609,170,4,12.5,0.2
7920,2609,150,2,258.14,0.15000000000000002
7921,2609,99,2,47.94,0.15000000000000002
7922,2610,59,3,235.21,0.15
7923,2610,105,2,166.46,0.15
7924,2611,21,3,20.48,0.25
7925,2611,142,4,277.55,0.25
7926,2611,58,3,220.24,0.3
7927,2611,2,1,80.61,0.35
7928,2612,52,3,79.1,0.0
7929,2612,168,2,309.41,0.0
7930,2613,104,1,197.52,0.3
7931,2613,44,1,182.12,0.35
7932,2614,41,3,152.15,0.25
7933,2615,81,3,273.37,0.2
7934,2616,61,3,233.22,0.1
7935,2617,107,4,141.79,0.15000000000000002
7936,2617,170,2,14.07,0.1
7937,2617,13,2,50.78,0.15000000000000002
7938,2617,39,2,206.06,0.1
7939,2617,172,3,134.26,0.1
7940,2618,85,3,85.76,0.15
7941,2618,92,1,108.83,0.15
7942,2619,161,4,254.76,0.0
7943,2619,136,2,270.14,0.0
7944,2620,85,2,100.89,0.0
7945,2620,23,4,375.48,0.0
7946,2620,143,2,140.54,0.05
7947,2620,82,4,115.94,0.0
7948,2621,114,4,23.95,0.3
7949,2621,95,3,316.25,0.25
7950,2622,158,4,76.16,0.35
7951,2622,33,1,161.59,0.25
7952,2622,78,4,223.81,0.35
7953,2623,55,4,262.46,0.1
7954,2623,151,4,235.23,0.0
7955,2623,49,3,201.76,0.1
7956,2623,7,3,251.07,0.0
7957,2623,151,1,235.23,0.0
7958,2624,25,1,17.48,0.25
7959,2624,103,1,94.82,0.35
7960,2625,143,4,140.54,0.05
7961,2625,14,2,110.07,0.15000000000000002
7962,2626,72,3,96.57,0.15
7963,2626,49,4,190.55,0.15
7964,2626,61,2,220.26,0.15
7965,2627,10,1,388.74,0.2
7966,2627,152,4,49.21,0.30000000000000004
7967,2628,91,2,322.35,0.2
7968,2628,4,3,183.02,0.1
7969,2628,1,1,230.09,0.1
7970,2628,144,2,120.47,0.1
7971,2629,177,1,229.96,0.15
7972,2629,87,3,85.66,0.15
7973,2629,45,4,153.48,0.15
7974,2629,74,4,255.92,0.2
7975,2629,126,2,48.24,0.15
7976,2630,137,1,46.44,0.3
7977,2631,28,3,407.97,0.0
7978,2631,67,4,349.93,0.0
7979,2632,41,1,172.43,0.15
7980,2632,21,3,23.21,0.15
7981,2632,13,3,50.78,0.15
7982,2632,161,2,191.07,0.25
7983,2632,96,2,266.83,0.25
7984,2633,133,1,255.99,0.1
7985,2633,136,3,256.63,0.05
7986,2633,15,3,251.33,0.0
7987,2633,84,1,273.18,0.1
7988,2634,64,1,199.63,0.15
7989,2635,110,1,91.12,0.15000000000000002
7990,2635,152,2,63.27,0.1
7991,2635,157,3,213.21,0.2
7992,2635,59,3,235.21,0.15000000000000002
7993,2636,48,2,124.85,0.35
7994,2637,44,4,210.14,0.25
7995,2637,19,3,197.52,0.25
7996,2637,171,4,96.43,0.35
7997,2637,90,1,226.16,0.25
7998,2637,85,4,75.67,0.25
7999,2638,9,4,144.71,0.25
8000,2638,125,1,32.98,0.25
8001,2638,104,1,211.63,0.25
8002,2639,3,4,180.16,0.25
8003,2639,168,1,232.06,0.25
8004,2639,45,1,135.43,0.25
8005,2639,63,1,210.9,0.25
8006,2639,71,3,219.65,0.35
8007,2640,140,2,237.0,0.15
8008,2640,83,2,327.19,0.15
8009,2641,146,1,116.76,0.15
8010,2641,30,4,137.95,0.15
8011,2641,69,4,43.79,0.2
8012,2641,25,2,19.81,0.15
8013,2642,153,2,43.16,0.25
8014,2642,81,3,256.28,0.25
8015,2642,107,1,108.43,0.35
8016,2642,46,4,42.34,0.25
8017,2642,45,3,135.43,0.25
8018,2643,34,4,374.73,0.1
8019,2643,127,3,104.57,0.2
8020,2644,149,4,145.0,0.15
8021,2645,54,1,135.09,0.2
8022,2645,140,4,195.17,0.30000000000000004
8023,2646,16,1,99.34,0.25
8024,2646,18,3,96.91,0.25
8025,2646,100,1,210.92,0.3
8026,2646,56,4,159.86,0.25
8027,2646,161,3,191.07,0.25
8028,2647,42,2,151.96,0.30000000000000004
8029,2647,156,4,121.03,0.2
8030,2647,134,2,102.29,0.25
8031,2647,42,2,151.96,0.30000000000000004
8032,2648,133,3,255.99,0.1
8033,2649,169,4,86.81,0.15000000000000002
8034,2649,41,1,182.57,0.1
8035,2649,20,1,112.76,0.2
8036,2650,61,4,246.17,0.05
8037,2650,145,1,317.53,0.1
8038,2650,97,1,228.91,0.05
8039,2650,41,3,182.57,0.1
8040,2650,121,2,431.34,0.0
8041,2651,39,2,194.61,0.15000000000000002
8042,2651,102,2,257.56,0.15000000000000002
8043,2651,29,2,258.36,0.1
8044,2651,108,4,260.05,0.1
8045,2651,139,3,383.12,0.05
8046,2652,145,4,352.81,0.0
8047,2652,68,4,182.65,0.0
8048,2652,91,3,382.79,0.05
8049,2653,19,3,223.86,0.15
8050,2653,147,3,179.25,0.15
8051,2654,57,1,305.15,0.05
8052,2654,98,3,153.88,0.05
8053,2654,137,4,63.03,0.05
8054,2655,43,4,274.22,0.15000000000000002
8055,2655,75,1,188.98,0.2
8056,2655,78,2,309.89,0.1
8057,2656,158,3,105.45,0.1
8058,2656,89,1,120.53,0.1
8059,2656,70,1,300.79,0.15000000000000002
8060,2657,137,4,56.4,0.15
8061,2657,52,1,67.23,0.15
8062,2657,136,4,229.62,0.15
8063,2658,89,1,107.14,0.2
8064,2658,80,3,37.48,0.30000000000000004
8065,2658,157,3,213.21,0.2
8066,2659,126,2,45.4,0.2
8067,2659,107,1,141.79,0.15
8068,2659,126,4,42.56,0.25
8069,2659,43,1,274.22,0.15
8070,2659,3,1,204.18,0.15
8071,2660,168,4,232.06,0.25
8072,2660,15,4,201.06,0.2
8073,2660,118,3,254.12,0.25
8074,2660,119,1,117.94,0.2
8075,2660,102,1,257.56,0.15
8076,2661,82,3,110.14,0.05
8077,2661,98,4,145.78,0.1
8078,2661,146,4,137.36,0.0
8079,2661,121,2,431.34,0.0
8080,2661,180,2,154.44,0.0
8081,2662,92,2,96.03,0.25
8082,2662,157,3,173.23,0.35
8083,2662,58,1,204.51,0.35
8084,2662,68,4,136.99,0.25
8085,2662,103,4,102.11,0.3
8086,2663,4,4,152.52,0.25
8087,2663,103,1,123.99,0.15
8088,2664,126,3,56.75,0.0
8089,2665,158,1,99.59,0.15
8090,2665,127,2,104.57,0.2
8091,2665,124,3,39.16,0.15
8092,2665,147,3,158.16,0.25
8093,2666,66,3,119.39,0.0
8094,2666,93,3,245.43,0.0
8095,2666,14,3,123.02,0.05
8096,2667,84,2,227.65,0.25
8097,2667,148,3,140.69,0.25
8098,2667,175,4,81.63,0.3
8099,2667,168,4,232.06,0.25
8100,2668,6,2,50.27,0.1
8101,2668,41,1,182.57,0.1
8102,2669,41,4,152.15,0.25
8103,2670,23,4,281.61,0.25
8104,2670,97,1,180.72,0.25
8105,2671,80,1,40.16,0.25
8106,2671,84,1,227.65,0.25
8107,2671,15,2,188.5,0.25
8108,2672,108,1,245.6,0.15000000000000002
8109,2672,3,4,216.19,0.1
8110,2672,176,2,20.18,0.1
8111,2673,62,3,358.85,0.0
8112,2673,160,3,223.82,0.05
8113,2673,58,1,314.63,0.0
8114,2673,91,3,362.65,0.1
8115,2673,67,1,314.94,0.1
8116,2674,70,4,318.48,0.1
8117,2674,57,1,256.97,0.2
8118,2674,120,3,312.12,0.1
8119,2674,145,2,317.53,0.1
8120,2674,101,3,312.5,0.2
8121,2675,121,2,280.37,0.35
8122,2675,160,4,176.7,0.25
8123,2675,124,1,34.55,0.25
8124,2675,85,1,75.67,0.25
8125,2676,3,3,204.18,0.15
8126,2676,57,1,240.91,0.25
8127,2676,11,4,178.74,0.25
8128,2676,94,3,106.68,0.15
8129,2676,50,1,18.16,0.25
8130,2677,77,3,370.63,0.25
8131,2677,176,4,16.82,0.25
8132,2677,18,3,96.91,0.25
8133,2677,141,4,80.13,0.35
8134,2678,102,1,196.96,0.35
8135,2679,154,3,23.51,0.1
8136,2680,150,3,288.51,0.05
8137,2680,146,3,130.49,0.05
8138,2680,166,4,228.71,0.05
8139,2680,38,4,262.9,0.0
8140,2680,98,2,145.78,0.1
8141,2681,106,4,237.07,0.1
8142,2681,8,2,76.38,0.1
8143,2681,171,4,126.1,0.15000000000000002
8144,2682,102,1,242.41,0.2
8145,2682,157,2,213.21,0.2
8146,2682,175,1,87.46,0.25
8147,2682,102,2,257.56,0.15
8148,2682,179,3,95.67,0.15
8149,2683,139,3,362.95,0.1
8150,2683,169,1,91.92,0.1
8151,2684,63,4,253.08,0.1
8152,2685,43,4,225.83,0.30000000000000004
8153,2686,137,1,49.76,0.25
8154,2686,45,2,126.4,0.3
8155,2686,130,2,112.99,0.25
8156,2686,17,2,70.38,0.25
8157,2687,155,3,229.9,0.15
8158,2688,32,1,106.25,0.2
8159,2689,127,1,117.64,0.1
8160,2689,173,3,363.5,0.2
8161,2690,172,2,119.34,0.2
8162,2690,160,1,188.48,0.2
8163,2690,126,4,45.4,0.2
8164,2690,2,4,99.22,0.2
8165,2691,134,1,129.57,0.05
8166,2691,63,3,267.14,0.05
8167,2691,150,2,288.51,0.05
8168,2691,165,3,177.11,0.1
8169,2691,44,1,252.17,0.1
8170,2692,146,1,116.76,0.15
8171,2692,112,4,218.1,0.15
8172,2692,10,2,413.04,0.15
8173,2692,11,2,202.57,0.15
8174,2693,161,3,254.76,0.0
8175,2693,159,2,337.88,0.0
8176,2694,35,2,37.87,0.3
8177,2694,108,3,216.7,0.25
8178,2694,74,1,223.93,0.3
8179,2695,5,1,286.34,0.25
8180,2695,94,3,81.58,0.35
8181,2695,66,3,89.54,0.25
8182,2696,119,3,103.2,0.30000000000000004
8183,2696,21,1,21.85,0.2
8184,2696,30,1,129.83,0.2
8185,2696,22,3,77.01,0.2
8186,2697,41,3,162.29,0.2
8187,2698,126,2,48.24,0.15
8188,2698,16,2,105.96,0.2
8189,2698,57,2,256.97,0.2
8190,2698,25,2,19.81,0.15
8191,2698,110,1,91.12,0.15
8192,2699,28,1,326.38,0.2
8193,2700,83,3,346.44,0.1
8194,2700,120,1,277.44,0.2
8195,2700,164,2,186.63,0.1
8196,2700,131,3,100.33,0.15000000000000002
8197,2700,68,2,155.25,0.15000000000000002
8198,2701,155,4,256.95,0.05
8199,2702,166,3,156.49,0.35
8200,2702,28,4,305.98,0.25
8201,2702,15,2,188.5,0.25
8202,2703,82,2,92.75,0.2
8203,2703,117,3,47.52,0.30000000000000004
8204,2703,172,4,119.34,0.2
8205,2703,48,4,134.46,0.30000000000000004
8206,2703,60,3,151.4,0.30000000000000004
8207,2704,167,3,171.48,0.30000000000000004
8208,2704,2,3,86.81,0.30000000000000004
8209,2704,128,4,184.01,0.2
8210,2705,96,2,266.83,0.25
8211,2705,46,1,36.69,0.35
8212,2705,30,2,121.72,0.25
8213,2706,31,3,46.06,0.3
8214,2707,21,4,20.48,0.25
8215,2707,145,3,264.61,0.25
8216,2707,165,1,127.91,0.35
8217,2707,153,1,43.16,0.25
8218,2707,54,3,109.76,0.35
8219,2708,47,3,64.78,0.25
8220,2708,127,1,91.5,0.3
8221,2709,172,3,111.89,0.25
8222,2709,1,1,178.96,0.3
8223,2709,11,1,178.74,0.25
8224,2709,22,3,62.57,0.35
8225,2709,60,4,162.21,0.25
8226,2710,111,4,245.03,0.05
8227,2711,41,1,202.86,0.0
8228,2711,7,2,251.07,0.0
8229,2711,179,4,106.92,0.05
8230,2711,179,4,101.3,0.1
8231,2712,58,3,204.51,0.35
8232,2713,91,2,322.35,0.2
8233,2713,156,2,113.47,0.25
8234,2713,143,4,118.35,0.2
8235,2713,66,2,83.57,0.30000000000000004
8236,2713,18,1,103.37,0.2
8237,2714,28,1,346.77,0.15000000000000002
8238,2714,121,2,388.21,0.1
8239,2714,105,1,176.26,0.1
8240,2714,168,1,278.47,0.1
8241,2714,22,4,81.82,0.15000000000000002
8242,2715,140,4,223.06,0.2
8243,2715,89,4,107.14,0.2
8244,2715,14,3,97.12,0.25
8245,2715,101,3,312.5,0.2
8246,2715,55,2,204.13,0.30000000000000004
8247,2716,115,4,324.32,0.25
8248,2717,93,4,208.62,0.15000000000000002
8249,2717,106,4,237.07,0.1
8250,2717,129,4,147.7,0.2
8251,2718,68,1,182.65,0.0
8252,2718,21,1,27.31,0.0
8253,2719,70,1,265.4,0.25
8254,2719,157,3,186.56,0.30000000000000004
8255,2719,48,4,153.66,0.2
8256,2720,22,1,81.82,0.15
8257,2720,69,4,46.53,0.15
8258,2720,1,2,217.31,0.15
8259,2720,165,1,167.27,0.15
8260,2720,130,2,128.05,0.15
8261,2721,118,3,304.95,0.1
8262,2721,144,4,107.09,0.2
8263,2722,20,3,112.76,0.2
8264,2722,153,3,46.04,0.2
8265,2723,158,3,111.31,0.05
8266,2723,64,3,223.12,0.05
8267,2723,72,2,107.93,0.05
8268,2724,32,1,106.25,0.2
8269,2724,4,1,152.52,0.25
8270,2724,150,2,212.58,0.30000000000000004
8271,2724,174,4,260.13,0.25
8272,2724,25,2,18.65,0.2
8273,2725,128,4,207.01,0.1
8274,2725,85,2,100.89,0.0
8275,2725,40,2,155.93,0.1
8276,2726,156,2,136.16,0.1
8277,2727,172,2,126.8,0.15000000000000002
8278,2727,19,1,223.86,0.15000000000000002
8279,2728,63,1,253.08,0.1
8280,2728,58,3,267.44,0.15000000000000002
8281,2729,162,2,93.63,0.05
8282,2729,97,2,228.91,0.05
8283,2729,31,2,59.22,0.1
8284,2729,42,3,184.53,0.15000000000000002
8285,2730,75,4,212.6,0.1
8286,2730,165,2,177.11,0.1
8287,2730,170,1,14.07,0.1
8288,2731,11,1,154.91,0.35
8289,2732,77,3,395.34,0.2
8290,2732,178,4,40.26,0.2
8291,2732,27,4,87.9,0.2
8292,2733,179,1,84.41,0.25
8293,2734,138,1,144.34,0.2
8294,2734,178,1,40.26,0.2
8295,2734,56,3,191.84,0.1
8296,2734,46,3,47.98,0.15000000000000002
8297,2735,7,2,200.86,0.2
8298,2735,142,4,296.06,0.2
8299,2735,99,4,45.12,0.2
8300,2736,144,3,100.4,0.25
8301,2736,175,1,75.8,0.35
8302,2736,153,2,37.41,0.35
8303,2736,70,3,230.02,0.35
8304,2736,18,1,96.91,0.25
8305,2737,140,3,223.06,0.2
8306,2737,16,2,112.58,0.15
8307,2737,15,1,213.63,0.15
8308,2737,32,4,112.89,0.15
8309,2738,132,3,140.89,0.25
8310,2738,10,2,340.15,0.3
8311,2739,172,3,96.97,0.35
8312,2739,15,4,188.5,0.25
8313,2739,59,1,193.7,0.3
8314,2739,80,4,34.8,0.35
8315,2740,177,3,243.49,0.1
8316,2741,3,2,240.21,0.0
8317,2741,60,2,216.28,0.0
8318,2741,136,2,243.13,0.1
8319,2742,90,3,241.24,0.2
8320,2742,128,4,207.01,0.1
8321,2742,139,1,362.95,0.1
8322,2742,83,1,346.44,0.1
8323,2742,118,3,304.95,0.1
8324,2743,159,2,253.41,0.25
8325,2743,157,4,199.88,0.25
8326,2743,156,2,105.9,0.3
8327,2744,146,2,103.02,0.25
8328,2744,48,3,144.06,0.25
8329,2744,94,4,81.58,0.35
8330,2744,41,1,131.86,0.35
8331,2744,178,2,37.74,0.25
8332,2745,138,2,162.39,0.1
8333,2745,168,1,293.94,0.05
8334,2745,26,4,330.41,0.05
8335,2745,171,1,140.93,0.05
8336,2746,153,4,54.67,0.05
8337,2746,34,1,374.73,0.1
8338,2746,123,1,156.48,0.0
8339,2747,15,2,213.63,0.15
8340,2747,27,2,82.41,0.25
8341,2747,150,4,227.77,0.25
8342,2748,151,4,235.23,0.0
8343,2748,71,2,304.13,0.1
8344,2748,2,3,111.62,0.1
8345,2748,117,4,67.89,0.0
8346,2748,113,1,208.58,0.1
8347,2749,146,2,96.15,0.3
8348,2749,54,4,126.65,0.25
8349,2750,2,3,124.02,0.0
8350,2750,147,3,210.88,0.0
8351,2750,41,4,202.86,0.0
8352,2750,153,3,51.8,0.1
8353,2750,21,1,27.31,0.0
8354,2751,73,3,166.42,0.1
8355,2751,175,1,104.95,0.1
8356,2751,35,1,48.69,0.1
8357,2752,53,2,127.02,0.1
8358,2752,86,2,334.24,0.0
8359,2752,176,1,22.42,0.0
8360,2752,52,1,79.1,0.0
8361,2753,140,2,223.06,0.2
8362,2753,71,2,270.34,0.2
8363,2753,110,1,75.04,0.30000000000000004
8364,2753,108,3,231.15,0.2
8365,2753,134,2,102.29,0.25
8366,2754,119,3,125.32,0.15000000000000002
8367,2754,32,1,119.53,0.1
8368,2754,159,3,270.3,0.2
8369,2754,45,4,162.51,0.1
8370,2754,54,1,143.53,0.15000000000000002
8371,2755,145,1,299.89,0.15
8372,2755,171,2,126.1,0.15
8373,2755,76,1,128.85,0.15
8374,2756,159,2,270.3,0.2
8375,2757,124,1,34.55,0.25
8376,2757,141,2,92.45,0.25
8377,2757,121,2,323.5,0.25
8378,2757,11,3,178.74,0.25
8379,2757,57,3,208.79,0.35
8380,2758,47,1,64.78,0.25
8381,2758,168,2,232.06,0.25
8382,2758,94,2,94.13,0.25
8383,2758,164,4,145.16,0.3
8384,2759,49,3,168.13,0.25
8385,2759,156,1,113.47,0.25
8386,2760,39,2,194.61,0.15
8387,2760,51,3,252.28,0.15
8388,2760,20,1,105.71,0.25
8389,2760,166,1,180.56,0.25
8390,2760,130,2,120.52,0.2
8391,2761,54,4,126.65,0.25
8392,2762,59,2,207.54,0.25
8393,2762,116,4,298.48,0.25
8394,2762,148,4,131.31,0.3
8395,2763,56,2,202.49,0.05
8396,2763,173,1,454.37,0.0
8397,2763,153,2,54.67,0.05
8398,2763,132,2,187.85,0.0
8399,2763,120,2,346.8,0.0
8400,2764,137,1,59.71,0.1
8401,2764,53,3,119.96,0.15000000000000002
8402,2764,67,3,314.94,0.1
8403,2764,139,4,362.95,0.1
8404,2764,137,4,59.71,0.1
8405,2765,141,4,92.45,0.25
8406,2765,25,1,17.48,0.25
8407,2765,157,2,199.88,0.25
8408,2766,33,2,183.13,0.15
8409,2766,1,3,191.75,0.25
8410,2766,120,3,294.78,0.15
8411,2767,37,3,167.96,0.25
8412,2767,160,2,188.48,0.2
8413,2767,43,2,258.09,0.2
8414,2767,13,4,47.79,0.2
8415,2768,97,4,180.72,0.25
8416,2768,154,1,20.9,0.2
8417,2768,101,3,273.43,0.30000000000000004
8418,2768,144,2,100.4,0.25
8419,2769,137,4,66.35,0.0
8420,2769,32,1,119.53,0.1
8421,2769,81,1,307.54,0.1
8422,2769,13,1,56.75,0.05
8423,2770,102,4,287.86,0.05
8424,2770,168,4,293.94,0.05
8425,2770,51,4,281.96,0.05
8426,2770,35,4,51.39,0.05
8427,2771,16,4,112.58,0.15
8428,2771,128,4,172.51,0.25
8429,2771,177,3,229.96,0.15
8430,2771,11,4,178.74,0.25
8431,2771,71,2,270.34,0.2
8432,2772,70,4,230.02,0.35
8433,2772,143,4,110.95,0.25
8434,2772,103,4,94.82,0.35
8435,2772,2,4,93.02,0.25
8436,2773,35,2,48.69,0.1
8437,2774,155,1,229.9,0.15
8438,2774,85,3,75.67,0.25
8439,2774,52,4,67.23,0.15
8440,2774,74,4,239.92,0.25
8441,2774,108,1,231.15,0.2
8442,2775,103,4,109.4,0.25
8443,2776,48,2,134.46,0.30000000000000004
8444,2776,26,2,278.24,0.2
8445,2777,113,4,185.4,0.2
8446,2777,38,3,197.17,0.25
8447,2778,66,3,83.57,0.30000000000000004
8448,2778,155,2,202.85,0.25
8449,2778,14,3,103.59,0.2
8450,2778,22,1,77.01,0.2
8451,2778,154,3,20.9,0.2
8452,2779,158,4,105.45,0.1
8453,2780,149,2,170.59,0.0
8454,2780,131,4,118.03,0.0
8455,2781,36,4,51.73,0.2
8456,2781,86,4,267.39,0.2
8457,2781,89,4,100.44,0.25
8458,2781,139,4,322.62,0.2
8459,2782,88,2,185.27,0.15
8460,2782,71,1,253.44,0.25
8461,2783,30,2,129.83,0.2
8462,2784,2,3,117.82,0.05
8463,2784,176,1,20.18,0.1
8464,2785,114,3,25.66,0.25
8465,2785,144,4,100.4,0.25
8466,2786,163,2,329.02,0.1
8467,2786,140,4,250.94,0.1
8468,2787,94,1,94.13,0.25
8469,2787,43,3,274.22,0.15
8470,2787,44,2,224.15,0.2
8471,2787,116,3,318.38,0.2
8472,2788,140,1,250.94,0.1
8473,2788,104,3,253.95,0.1
8474,2788,145,4,317.53,0.1
8475,2789,55,2,204.13,0.30000000000000004
8476,2789,106,1,210.73,0.2
8477,2789,118,1,237.18,0.30000000000000004
8478,2789,178,4,40.26,0.2
8479,2789,157,2,213.21,0.2
8480,2790,90,1,256.32,0.15
8481,2790,87,3,85.66,0.15
8482,2790,86,3,284.1,0.15
8483,2791,66,1,95.51,0.2
8484,2791,123,4,125.18,0.2
8485,2792,68,3,164.39,0.1
8486,2792,110,1,96.48,0.1
8487,2792,24,4,335.5,0.2
8488,2793,157,4,186.56,0.3
8489,2794,65,2,387.18,0.15
8490,2794,138,4,144.34,0.2
8491,2794,117,3,57.71,0.15
8492,2795,98,2,105.29,0.35
8493,2795,12,1,182.96,0.25
8494,2795,58,1,235.97,0.25
8495,2795,74,4,239.92,0.25
8496,2796,122,4,214.2,0.25
8497,2796,132,4,122.1,0.35
8498,2797,44,1,266.18,0.05
8499,2797,146,2,130.49,0.05
8500,2797,78,3,327.1,0.05
8501,2798,88,3,174.37,0.2
8502,2799,175,3,75.8,0.35
8503,2800,142,2,277.55,0.25
8504,2800,7,2,188.3,0.25
8505,2800,139,2,302.46,0.25
8506,2800,178,2,37.74,0.25
8507,2800,46,2,42.34,0.25
8508,2801,85,1,95.85,0.05
8509,2801,122,4,271.32,0.05
8510,2802,100,3,271.19,0.1
8511,2803,20,4,112.76,0.2
8512,2803,59,4,207.54,0.25
8513,2803,168,4,247.53,0.2
8514,2803,75,4,188.98,0.2
8515,2804,65,1,432.72,0.05
8516,2804,151,4,211.71,0.1
8517,2804,33,3,193.91,0.1
8518,2804,32,1,126.17,0.05
8519,2804,84,4,303.53,0.0
8520,2805,90,1,241.24,0.2
8521,2805,116,1,338.27,0.15
8522,2806,39,2,160.26,0.30000000000000004
8523,2806,24,3,314.53,0.25
8524,2806,163,1,255.91,0.30000000000000004
8525,2807,45,4,135.43,0.25
8526,2807,22,2,72.2,0.25
8527,2807,81,2,222.11,0.35
8528,2807,90,1,226.16,0.25
8529,2808,43,4,274.22,0.15
8530,2809,160,3,153.14,0.35
8531,2809,39,2,171.71,0.25
8532,2809,117,1,50.92,0.25
8533,2809,13,3,38.83,0.35
8534,2810,32,3,126.17,0.05
8535,2810,73,2,157.17,0.15000000000000002
8536,2810,130,1,135.59,0.1
8537,2810,28,2,346.77,0.15000000000000002
8538,2810,157,1,226.53,0.15000000000000002
8539,2811,86,4,284.1,0.15
8540,2811,148,4,159.44,0.15
8541,2811,90,3,226.16,0.25
8542,2812,51,1,237.44,0.2
8543,2812,145,1,282.25,0.2
8544,2813,65,3,364.4,0.2
8545,2814,175,3,87.46,0.25
8546,2814,59,3,221.38,0.2
8547,2815,126,1,56.75,0.0
8548,2815,173,3,431.65,0.05
8549,2815,178,4,50.32,0.0
8550,2815,17,1,93.84,0.0
8551,2816,133,4,213.32,0.25
8552,2816,79,2,53.58,0.25
8553,2816,180,1,108.11,0.3
8554,2817,154,1,20.9,0.2
8555,2817,3,3,204.18,0.15000000000000002
8556,2817,139,3,322.62,0.2
8557,2817,154,4,23.51,0.1
8558,2817,169,2,91.92,0.1
8559,2818,119,3,132.69,0.1
8560,2818,2,3,105.42,0.15000000000000002
8561,2818,151,1,223.47,0.05
8562,2818,52,4,71.19,0.1
8563,2818,85,1,95.85,0.05
8564,2819,47,3,69.1,0.2
8565,2819,121,4,301.94,0.30000000000000004
8566,2820,140,1,250.94,0.1
8567,2820,63,1,253.08,0.1
8568,2820,160,2,188.48,0.2
8569,2820,42,2,195.38,0.1
8570,2820,123,2,125.18,0.2
8571,2821,7,1,200.86,0.2
8572,2821,158,1,82.02,0.30000000000000004
8573,2821,17,4,75.07,0.2
8574,2821,79,3,57.15,0.2
8575,2821,159,4,270.3,0.2
8576,2822,171,3,96.43,0.35
8577,2822,127,4,98.03,0.25
8578,2822,96,1,249.05,0.3
8579,2823,151,1,211.71,0.1
8580,2823,25,2,23.31,0.0
8581,2824,99,4,42.3,0.25
8582,2824,22,2,72.2,0.25
8583,2824,174,3,225.45,0.35
8584,2824,101,1,292.97,0.25
8585,2825,80,3,45.51,0.15
8586,2825,14,2,103.59,0.2
8587,2825,56,3,181.18,0.15
8588,2826,68,4,164.39,0.1
8589,2826,13,2,59.74,0.0
8590,2826,40,3,164.59,0.05
8591,2827,30,3,129.83,0.2
8592,2827,63,4,210.9,0.25
8593,2827,36,1,54.96,0.15
8594,2828,18,1,90.45,0.30000000000000004
8595,2828,153,3,40.28,0.30000000000000004
8596,2828,41,1,152.15,0.25
8597,2828,26,4,278.24,0.2
8598,2829,63,3,210.9,0.25
8599,2829,98,2,121.48,0.25
8600,2829,28,2,346.77,0.15
8601,2829,170,2,13.29,0.15
8602,2829,93,2,208.62,0.15
8603,2830,141,4,92.45,0.25
8604,2830,116,2,318.38,0.2
8605,2830,117,1,50.92,0.25
8606,2830,13,3,44.8,0.25
8607,2831,99,3,47.94,0.15000000000000002
8608,2831,12,2,207.36,0.15000000000000002
8609,2831,169,4,91.92,0.1
8610,2832,67,2,262.45,0.25
8611,2832,12,1,207.36,0.15
8612,2832,54,3,126.65,0.25
8613,2833,121,4,280.37,0.35
8614,2833,34,3,312.28,0.25
8615,2833,108,3,216.7,0.25
8616,2834,79,1,57.15,0.2
8617,2834,103,4,102.11,0.30000000000000004
8618,2835,85,3,75.67,0.25
8619,2835,179,4,84.41,0.25
8620,2835,82,1,86.95,0.25
8621,2835,124,1,34.55,0.25
8622,2836,56,1,202.49,0.05
8623,2836,164,1,197.0,0.05
8624,2836,106,4,250.24,0.05
8625,2837,153,3,51.8,0.1
8626,2837,21,2,24.58,0.1
8627,2837,155,1,243.42,0.1
8628,2837,118,1,271.06,0.2
8629,2837,52,1,71.19,0.1
8630,2838,45,4,135.43,0.25
8631,2838,172,2,111.89,0.25
8632,2838,52,2,51.41,0.35
8633,2838,173,2,340.78,0.25
8634,2839,169,3,66.38,0.35
8635,2839,10,2,364.45,0.25
8636,2840,65,4,364.4,0.2
8637,2840,74,2,239.92,0.25
8638,2840,59,1,221.38,0.2
8639,2840,121,1,366.64,0.15
8640,2841,11,2,166.82,0.3
8641,2842,69,4,38.32,0.3
8642,2842,76,2,113.69,0.25
8643,2842,31,4,49.35,0.25
8644,2842,37,1,156.76,0.3
8645,2843,61,3,207.3,0.2
8646,2843,54,3,126.65,0.25
8647,2843,65,3,341.62,0.25
8648,2843,113,3,185.4,0.2
8649,2844,97,4,240.96,0.0
8650,2845,64,1,176.15,0.25
8651,2845,86,4,250.68,0.25
8652,2845,28,4,285.58,0.3
8653,2845,139,4,282.3,0.3
8654,2845,99,1,42.3,0.25
8655,2846,70,2,265.4,0.25
8656,2846,13,3,44.8,0.25
8657,2846,78,3,275.46,0.2
8658,2846,128,2,195.51,0.15
8659,2846,85,1,85.76,0.15
8660,2847,76,4,128.85,0.15
8661,2848,40,3,138.6,0.2
8662,2849,21,3,20.48,0.25
8663,2849,57,2,224.85,0.3
8664,2849,149,3,110.88,0.35
8665,2849,84,2,227.65,0.25
8666,2850,122,1,242.76,0.15000000000000002
8667,2850,99,1,50.76,0.1
8668,2851,156,1,113.47,0.25
8669,2851,87,1,70.55,0.3
8670,2851,62,4,251.19,0.3
8671,2851,83,1,288.7,0.25
8672,2851,138,1,135.32,0.25
8673,2852,54,2,126.65,0.25
8674,2852,166,1,180.56,0.25
8675,2852,4,2,152.52,0.25
8676,2853,115,1,324.32,0.25
8677,2853,25,4,19.81,0.15
8678,2854,177,3,270.54,0.0
8679,2854,92,1,128.04,0.0
8680,2855,7,4,225.96,0.1
8681,2856,174,2,294.81,0.15000000000000002
8682,2856,91,1,362.65,0.1
8683,2857,58,1,220.24,0.3
8684,2857,101,2,253.9,0.35
8685,2857,108,1,216.7,0.25
8686,2857,45,2,135.43,0.25
8687,2858,129,2,138.47,0.25
8688,2858,152,1,52.72,0.25
8689,2858,77,4,370.63,0.25
8690,2859,65,2,409.95,0.1
8691,2859,148,4,168.82,0.1
8692,2859,97,4,216.86,0.1
8693,2860,49,2,168.13,0.25
8694,2860,65,4,318.85,0.3
8695,2860,28,4,305.98,0.25
8696,2861,146,2,103.02,0.25
8697,2861,75,4,165.35,0.3
8698,2861,54,4,126.65,0.25
8699,2861,4,2,152.52,0.25
8700,2862,64,1,223.12,0.05
8701,2862,73,4,166.42,0.1
8702,2862,68,4,173.52,0.05
8703,2863,154,4,22.2,0.15000000000000002
8704,2863,79,1,57.15,0.2
8705,2863,81,3,307.54,0.1
8706,2863,90,1,241.24,0.2
8707,2864,94,3,81.58,0.35
8708,2865,23,2,262.84,0.3
8709,2865,156,4,113.47,0.25
8710,2865,62,4,269.14,0.25
8711,2865,80,1,40.16,0.25
8712,2866,72,3,96.57,0.15000000000000002
8713,2866,91,1,322.35,0.2
8714,2866,69,2,46.53,0.15000000000000002
8715,2866,161,2,229.28,0.1
8716,2867,108,4,288.94,0.0
8717,2867,168,1,293.94,0.05
8718,2867,38,2,249.75,0.05
8719,2867,70,2,336.18,0.05
8720,2867,175,3,116.61,0.0
8721,2868,130,3,135.59,0.1
8722,2868,155,1,229.9,0.15000000000000002
8723,2868,85,4,90.8,0.1
8724,2868,28,2,367.17,0.1
8725,2868,114,2,29.09,0.15000000000000002
8726,2869,162,2,88.7,0.1
8727,2869,148,3,168.82,0.1
8728,2869,1,4,230.09,0.1
8729,2869,32,1,119.53,0.1
8730,2869,176,2,20.18,0.1
8731,2870,27,2,82.41,0.25
8732,2870,122,1,214.2,0.25
8733,2871,103,3,138.58,0.05
8734,2871,14,4,123.02,0.05
8735,2871,104,4,282.17,0.0
8736,2871,31,2,65.8,0.0
8737,2871,163,2,329.02,0.1
8738,2872,112,3,205.27,0.2
8739,2872,144,1,107.09,0.2
8740,2872,98,4,121.48,0.25
8741,2873,91,2,261.91,0.35
8742,2874,38,2,210.32,0.2
8743,2874,151,3,176.42,0.25
8744,2874,161,1,203.81,0.2
8745,2874,64,3,164.4,0.30000000000000004
8746,2874,2,4,86.81,0.30000000000000004
8747,2875,163,1,292.46,0.2
8748,2876,120,2,260.1,0.25
8749,2877,83,2,288.7,0.25
8750,2877,74,3,239.92,0.25
8751,2877,25,1,15.15,0.35
8752,2877,70,2,230.02,0.35
8753,2878,57,4,289.09,0.1
8754,2879,160,2,212.04,0.1
8755,2880,94,1,125.51,0.0
8756,2880,79,4,71.44,0.0
8757,2880,96,4,355.78,0.0
8758,2880,81,2,341.71,0.0
8759,2880,83,3,346.44,0.1
8760,2881,128,3,207.01,0.1
8761,2881,34,3,374.73,0.1
8762,2881,140,1,250.94,0.1
8763,2881,135,4,353.81,0.1
8764,2881,95,3,379.49,0.1
8765,2882,91,4,362.65,0.1
8766,2882,30,4,146.06,0.1
8767,2882,124,3,41.46,0.1
8768,2882,164,1,186.63,0.1
8769,2883,129,3,138.47,0.25
8770,2883,177,2,175.85,0.35
8771,2883,97,4,180.72,0.25
8772,2883,100,2,195.86,0.35
8773,2883,22,2,72.2,0.25
8774,2884,80,2,40.16,0.25
8775,2884,2,1,93.02,0.25
8776,2884,93,4,184.07,0.25
8777,2885,8,4,76.38,0.1
8778,2885,52,3,71.19,0.1
8779,2885,75,2,200.79,0.15000000000000002
8780,2886,38,2,236.61,0.1
8781,2886,102,4,272.71,0.1
8782,2886,25,3,20.98,0.1
8783,2887,42,2,195.38,0.1
8784,2887,111,1,232.14,0.1
8785,2887,112,1,243.76,0.05
8786,2888,1,4,191.75,0.25
8787,2889,6,2,55.86,0.0
8788,2889,135,1,353.81,0.1
8789,2889,10,3,437.34,0.1
8790,2889,143,1,140.54,0.05
8791,2890,63,3,239.02,0.15
8792,2891,26,3,278.24,0.2
8793,2891,5,2,267.25,0.30000000000000004
8794,2891,173,2,363.5,0.2
8795,2892,34,1,353.91,0.15
8796,2893,23,2,244.06,0.35
8797,2893,120,3,260.1,0.25
8798,2893,131,3,88.52,0.25
8799,2893,61,4,194.35,0.25
8800,2894,82,3,81.16,0.3
8801,2895,121,4,345.07,0.2
8802,2895,139,1,302.46,0.25
8803,2895,50,3,16.95,0.30000000000000004
8804,2895,157,3,199.88,0.25
8805,2896,99,4,50.76,0.1
8806,2896,143,1,147.94,0.0
8807,2896,137,1,63.03,0.05
8808,2897,179,1,95.67,0.15
8809,2898,61,2,194.35,0.25
8810,2898,6,1,41.89,0.25
8811,2899,68,4,155.25,0.15
8812,2899,39,4,171.71,0.25
8813,2899,58,3,267.44,0.15
8814,2899,14,4,97.12,0.25
8815,2899,127,1,98.03,0.25
8816,2900,28,3,346.77,0.15
8817,2900,88,1,185.27,0.15
8818,2901,172,4,134.26,0.1
8819,2902,37,4,179.16,0.2
8820,2902,45,4,144.46,0.2
8821,2902,159,1,236.52,0.30000000000000004
8822,2903,160,1,153.14,0.35
8823,2904,33,4,193.91,0.1
8824,2904,64,2,187.89,0.2
8825,2904,125,4,39.57,0.1
8826,2904,46,4,50.81,0.1
8827,2904,24,4,377.43,0.1
8828,2905,75,2,200.79,0.15000000000000002
8829,2905,18,2,103.37,0.2
8830,2905,109,1,118.21,0.1
8831,2905,77,1,444.76,0.1
8832,2905,53,3,112.9,0.2
8833,2906,99,1,50.76,0.1
8834,2906,150,2,273.32,0.1
8835,2906,33,2,172.36,0.2
8836,2906,40,2,155.93,0.1
8837,2906,99,2,45.12,0.2
8838,2907,93,2,208.62,0.15
8839,2908,19,2,197.52,0.25
8840,2908,99,4,42.3,0.25
8841,2909,166,2,216.68,0.1
8842,2909,62,1,322.97,0.1
8843,2909,13,1,53.77,0.1
8844,2909,125,4,35.18,0.2
8845,2909,5,2,343.61,0.1
8846,2910,157,4,226.53,0.15000000000000002
8847,2910,141,3,104.78,0.15000000000000002
8848,2911,103,1,123.99,0.15
8849,2912,65,1,364.4,0.2
8850,2912,103,3,116.7,0.2
8851,2912,141,1,98.62,0.2
8852,2912,80,3,42.83,0.2
8853,2912,179,1,90.04,0.2
8854,2913,153,1,46.04,0.2
8855,2913,34,2,353.91,0.15000000000000002
8856,2913,65,4,364.4,0.2
8857,2913,87,4,90.7,0.1
8858,2914,134,2,102.29,0.25
8859,2914,69,1,41.05,0.25
8860,2915,33,4,193.91,0.1
8861,2916,65,2,409.95,0.1
8862,2916,108,3,245.6,0.15000000000000002
8863,2916,171,3,133.51,0.1
8864,2916,111,2,206.34,0.2
8865,2916,12,1,195.16,0.2
8866,2917,23,1,244.06,0.35
8867,2917,33,4,161.59,0.25
8868,2917,16,2,99.34,0.25
8869,2917,112,3,192.44,0.25
8870,2917,27,1,82.41,0.25
8871,2918,143,4,125.75,0.15
8872,2918,87,1,75.59,0.25
8873,2918,7,1,200.86,0.2
8874,2919,33,2,140.04,0.35
8875,2919,139,3,302.46,0.25
8876,2920,143,3,118.35,0.2
8877,2920,6,1,44.69,0.2
8878,2920,45,1,162.51,0.1
8879,2920,178,2,45.29,0.1
8880,2920,105,4,176.26,0.1
8881,2921,148,1,140.69,0.25
8882,2921,177,2,189.38,0.3
8883,2921,89,2,100.44,0.25
8884,2921,81,1,256.28,0.25
8885,2921,47,2,56.15,0.35
8886,2922,67,1,262.45,0.25
8887,2922,76,4,106.11,0.3
8888,2922,164,4,155.53,0.25
8889,2923,174,3,242.79,0.3
8890,2923,45,4,135.43,0.25
8891,2923,180,3,108.11,0.3
8892,2923,177,1,189.38,0.3
8893,2924,160,1,176.7,0.25
8894,2924,161,1,191.07,0.25
8895,2924,178,1,37.74,0.25
8896,2925,114,4,30.8,0.1
8897,2925,77,4,444.76,0.1
8898,2926,151,3,223.47,0.05
8899,2926,3,4,228.2,0.05
8900,2926,113,2,220.16,0.05
8901,2927,91,2,342.5,0.15000000000000002
8902,2928,141,4,92.45,0.25
8903,2928,120,1,260.1,0.25
8904,2928,80,4,40.16,0.25
8905,2928,112,2,179.61,0.3
8906,2929,132,1,140.89,0.25
8907,2929,134,2,95.47,0.3
8908,2929,171,4,111.26,0.25
8909,2929,141,2,80.13,0.35
8910,2929,156,2,105.9,0.3
8911,2930,141,3,80.13,0.35
8912,2930,83,4,269.45,0.3
8913,2930,113,2,150.64,0.35
8914,2931,45,1,180.57,0.0
8915,2931,120,3,346.8,0.0
8916,2931,81,1,341.71,0.0
8917,2932,113,4,173.81,0.25
8918,2932,52,3,67.23,0.15
8919,2933,119,4,110.57,0.25
8920,2933,72,1,90.89,0.2
8921,2934,40,2,121.27,0.3
8922,2935,114,1,29.09,0.15000000000000002
8923,2935,3,4,216.19,0.1
8924,2935,9,2,173.66,0.1
8925,2935,109,3,118.21,0.1
8926,2936,170,2,14.07,0.1
8927,2936,47,3,77.74,0.1
8928,2937,69,2,35.58,0.35
8929,2938,152,3,52.72,0.25
8930,2938,131,3,100.33,0.15
8931,2939,76,2,144.01,0.05
8932,2939,74,1,287.91,0.1
8933,2940,77,3,395.34,0.2
8934,2940,72,2,90.89,0.2
8935,2940,99,4,39.48,0.30000000000000004
8936,2941,127,3,98.03,0.25
8937,2941,99,3,45.12,0.2
8938,2941,176,1,19.06,0.15
8939,2942,114,4,25.66,0.25
8940,2942,92,4,89.63,0.3
8941,2942,27,4,82.41,0.25
8942,2943,67,4,279.94,0.2
8943,2943,164,4,165.9,0.2
8944,2943,97,4,216.86,0.1
8945,2943,51,2,252.28,0.15000000000000002
8946,2943,54,1,135.09,0.2
8947,2944,164,3,186.63,0.1
8948,2944,41,1,202.86,0.0
8949,2944,18,1,129.21,0.0
8950,2945,123,3,117.36,0.25
8951,2945,146,3,96.15,0.3
8952,2945,56,1,159.86,0.25
8953,2945,17,4,70.38,0.25
8954,2945,69,2,41.05,0.25
8955,2946,165,2,147.59,0.25
8956,2946,121,1,323.5,0.25
8957,2946,27,3,82.41,0.25
8958,2946,31,2,49.35,0.25
8959,2947,29,4,244.01,0.15
8960,2947,163,4,310.74,0.15
8961,2947,140,2,237.0,0.15
8962,2947,62,3,305.02,0.15
8963,2948,149,3,136.47,0.2
8964,2948,111,4,193.45,0.25
8965,2948,180,3,123.55,0.2
8966,2949,135,4,353.81,0.1
8967,2950,53,3,98.79,0.3
8968,2950,55,4,189.55,0.35
8969,2950,3,2,180.16,0.25
8970,2950,79,3,46.44,0.35
8971,2950,155,3,202.85,0.25
8972,2951,12,2,170.76,0.3
8973,2951,32,4,86.33,0.35
8974,2952,116,1,318.38,0.2
8975,2953,124,4,34.55,0.25
8976,2953,114,3,29.09,0.15
8977,2953,144,1,100.4,0.25
8978,2953,135,4,334.15,0.15
8979,2954,8,4,67.9,0.2
8980,2954,170,1,14.07,0.1
8981,2954,99,4,47.94,0.15000000000000002
8982,2955,151,1,199.95,0.15
8983,2955,27,4,87.9,0.2
8984,2955,91,4,322.35,0.2
8985,2956,169,3,91.92,0.1
8986,2956,15,1,213.63,0.15000000000000002
8987,2957,6,3,53.07,0.05
8988,2957,73,1,175.66,0.05
8989,2957,146,3,116.76,0.15000000000000002
8990,2958,116,2,278.58,0.3
8991,2958,51,1,207.76,0.3
8992,2958,94,2,94.13,0.25
8993,2958,12,2,182.96,0.25
8994,2959,150,2,227.77,0.25
8995,2959,48,3,124.85,0.35
8996,2959,31,2,49.35,0.25
8997,2959,148,2,140.69,0.25
8998,2959,80,2,40.16,0.25
8999,2960,152,4,49.21,0.3
9000,2961,61,2,207.3,0.2
9001,2961,78,4,258.24,0.25
9002,2961,98,3,129.58,0.2
9003,2962,165,1,157.43,0.2
9004,2962,47,4,64.78,0.25
9005,2963,109,1,98.5,0.25
9006,2964,123,3,140.83,0.1
9007,2965,37,1,179.16,0.2
9008,2965,89,4,93.74,0.30000000000000004
9009,2965,34,2,291.46,0.30000000000000004
9010,2965,29,4,215.3,0.25
9011,2965,3,1,180.16,0.25
9012,2966,125,1,32.98,0.25
9013,2966,44,4,210.14,0.25
9014,2966,22,1,67.38,0.3
9015,2967,56,3,213.15,0.0
9016,2967,102,2,303.01,0.0
9017,2967,23,3,337.93,0.1
9018,2967,81,1,307.54,0.1
9019,2968,76,4,113.69,0.25
9020,2968,17,4,75.07,0.2
9021,2968,19,1,210.69,0.2
9022,2968,97,4,192.77,0.2
9023,2968,80,4,37.48,0.30000000000000004
9024,2969,142,2,277.55,0.25
9025,2969,33,2,161.59,0.25
9026,2970,114,1,22.24,0.35
9027,2970,93,2,159.53,0.35
9028,2971,51,1,237.44,0.2
9029,2971,30,2,113.6,0.30000000000000004
9030,2972,177,2,175.85,0.35
9031,2972,110,1,80.4,0.25
9032,2972,45,1,126.4,0.3
9033,2973,78,4,258.24,0.25
9034,2973,36,4,45.26,0.3
9035,2973,12,4,170.76,0.3
9036,2974,149,4,145.0,0.15
9037,2974,3,4,204.18,0.15
9038,2974,38,1,197.17,0.25
9039,2975,58,1,267.44,0.15
9040,2975,88,2,185.27,0.15
9041,2976,44,1,224.15,0.2
9042,2976,56,2,191.84,0.1
9043,2976,70,4,318.48,0.1
9044,2976,43,4,290.35,0.1
9045,2977,25,1,16.32,0.30000000000000004
9046,2977,119,1,103.2,0.30000000000000004
9047,2978,161,3,203.81,0.2
9048,2979,144,1,107.09,0.2
9049,2980,114,4,29.09,0.15
9050,2980,69,3,41.05,0.25
9051,2980,2,4,93.02,0.25
9052,2980,170,1,11.72,0.25
9053,2981,36,1,54.96,0.15
9054,2981,23,1,300.38,0.2
9055,2981,144,4,113.78,0.15
9056,2981,39,2,194.61,0.15
9057,2981,58,4,267.44,0.15
9058,2982,176,2,16.82,0.25
9059,2983,19,1,197.52,0.25
9060,2983,150,1,212.58,0.3
9061,2983,42,1,141.11,0.35
9062,2983,33,4,140.04,0.35
9063,2983,85,4,70.62,0.3
9064,2984,33,1,161.59,0.25
9065,2984,64,3,164.4,0.3
9066,2985,135,1,275.18,0.3
9067,2986,133,2,241.77,0.15
9068,2986,78,4,292.67,0.15
9069,2986,165,2,167.27,0.15
9070,2986,86,3,267.39,0.2
9071,2986,81,2,290.45,0.15
9072,2987,23,3,244.06,0.35
9073,2987,159,1,253.41,0.25
9074,2987,147,1,158.16,0.25
9075,2987,152,1,45.7,0.35
9076,2988,24,3,335.5,0.2
9077,2989,4,2,162.69,0.2
9078,2989,167,1,183.73,0.25
9079,2989,152,3,52.72,0.25
9080,2989,88,3,174.37,0.2
9081,2990,38,1,262.9,0.0
9082,2990,52,4,79.1,0.0
9083,2990,4,4,203.36,0.0
9084,2990,143,3,133.15,0.1
9085,2991,173,3,454.37,0.0
9086,2991,69,2,52.0,0.05
9087,2991,2,4,124.02,0.0
9088,2991,70,1,318.48,0.1
9089,2991,143,1,147.94,0.0
9090,2992,32,3,119.53,0.1
9091,2993,177,2,216.43,0.2
9092,2994,110,4,80.4,0.25
9093,2994,173,1,318.06,0.3
9094,2994,126,2,42.56,0.25
9095,2994,54,3,126.65,0.25
9096,2994,82,3,75.36,0.35
9097,2995,62,1,358.85,0.0
9098,2995,6,2,53.07,0.05
9099,2995,105,3,176.26,0.1
9100,2995,3,2,240.21,0.0
9101,2996,72,3,102.25,0.1
9102,2997,92,4,96.03,0.25
9103,2997,109,4,98.5,0.25
9104,2997,36,1,48.49,0.25
9105,2997,37,1,167.96,0.25
9106,2997,99,3,42.3,0.25
9107,2998,144,1,133.86,0.0
9108,2998,33,4,215.45,0.0
9109,2998,26,2,330.41,0.05
9110,2998,20,1,126.85,0.1
9111,2999,81,2,239.2,0.3
9112,2999,180,2,115.83,0.25
9113,2999,26,2,226.07,0.35
9114,2999,170,1,11.72,0.25
9115,3000,90,2,271.4,0.1
9116,3000,21,2,23.21,0.15000000000000002
9117,3000,50,4,20.58,0.15000000000000002
9118,3000,10,4,388.74,0.2
9119,3001,123,4,140.83,0.1
9120,3001,66,1,107.45,0.1
9121,3001,104,3,253.95,0.1
9122,3001,61,3,233.22,0.1
9123,3001,164,4,186.63,0.1
9124,3002,159,4,287.2,0.15
9125,3003,171,4,140.93,0.05
9126,3003,142,2,351.57,0.05
9127,3003,95,3,379.49,0.1
9128,3004,173,4,454.37,0.0
9129,3004,48,4,192.08,0.0
9130,3004,25,1,23.31,0.0
9131,3005,95,1,295.16,0.30000000000000004
9132,3005,121,2,345.07,0.2
9133,3006,95,1,316.25,0.25
9134,3006,135,3,334.15,0.15
9135,3006,65,3,387.18,0.15
9136,3007,18,2,116.29,0.1
9137,3007,33,4,172.36,0.2
9138,3007,3,2,216.19,0.1
9139,3008,27,1,109.88,0.0
9140,3008,162,1,88.7,0.1
9141,3008,108,2,260.05,0.1
9142,3008,130,3,150.65,0.0
9143,3009,154,2,19.59,0.25
9144,3009,148,3,140.69,0.25
9145,3010,151,1,211.71,0.1
9146,3011,92,2,128.04,0.0
9147,3011,155,1,256.95,0.05
9148,3011,13,1,59.74,0.0
9149,3011,167,3,244.97,0.0
9150,3011,29,4,287.07,0.0
9151,3012,113,4,208.58,0.1
9152,3012,20,1,140.95,0.0
9153,3012,117,2,67.89,0.0
9154,3012,161,1,254.76,0.0
9155,3012,21,4,25.94,0.05
9156,3013,7,3,200.86,0.2
9157,3014,123,2,133.01,0.15000000000000002
9158,3014,158,4,105.45,0.1
9159,3015,57,4,240.91,0.25
9160,3016,82,3,115.94,0.0
9161,3016,157,4,266.51,0.0
9162,3016,60,3,216.28,0.0
9163,3017,47,4,60.47,0.3
9164,3017,147,4,147.62,0.3
9165,3018,158,4,105.45,0.1
9166,3018,32,4,132.81,0.0
9167,3018,109,3,124.77,0.05
9168,3019,133,3,270.21,0.05
9169,3019,48,2,172.87,0.1
9170,3019,123,1,148.66,0.05
9171,3020,18,3,103.37,0.2
9172,3021,52,4,71.19,0.1
9173,3021,95,1,379.49,0.1
9174,3021,94,2,112.96,0.1
9175,3021,12,2,219.56,0.1
9176,3022,161,1,203.81,0.2
9177,3022,24,3,377.43,0.1
9178,3022,41,3,162.29,0.2
9179,3022,17,3,84.46,0.1
9180,3022,109,1,111.64,0.15000000000000002
9181,3023,140,4,237.0,0.15
9182,3023,70,4,300.79,0.15
9183,3024,161,4,165.59,0.35
9184,3024,27,4,71.42,0.35
9185,3024,144,3,100.4,0.25
9186,3025,116,1,397.97,0.0
9187,3025,135,3,373.46,0.05
9188,3025,7,4,251.07,0.0
9189,3025,29,3,287.07,0.0
9190,3025,54,4,168.86,0.0
9191,3026,94,2,112.96,0.1
9192,3026,149,4,170.59,0.0
9193,3026,80,2,53.54,0.0
9194,3026,40,3,173.25,0.0
9195,3026,37,4,212.75,0.05
9196,3027,55,3,218.72,0.25
9197,3027,140,4,181.23,0.35
9198,3027,113,1,173.81,0.25
9199,3028,32,1,106.25,0.2
9200,3028,114,4,25.66,0.25
9201,3028,4,4,162.69,0.2
9202,3029,152,3,56.24,0.2
9203,3029,162,1,88.7,0.1
9204,3029,169,4,91.92,0.1
9205,3029,56,4,191.84,0.1
9206,3029,89,1,120.53,0.1
9207,3030,76,4,136.43,0.1
9208,3030,20,4,126.85,0.1
9209,3031,49,2,201.76,0.1
9210,3031,12,2,219.56,0.1
9211,3031,41,2,172.43,0.15000000000000002
9212,3032,73,4,166.42,0.1
9213,3032,13,1,47.79,0.2
9214,3032,5,1,324.52,0.15000000000000002
9215,3032,102,3,272.71,0.1
9216,3032,72,1,102.25,0.1
9217,3033,105,2,146.88,0.25
9218,3033,112,1,192.44,0.25
9219,3033,122,2,214.2,0.25
9220,3033,119,2,117.94,0.2
9221,3033,139,3,322.62,0.2
9222,3034,15,2,226.2,0.1
9223,3034,164,1,207.37,0.0
9224,3034,55,2,291.62,0.0
9225,3035,166,3,168.52,0.30000000000000004
9226,3035,154,2,20.9,0.2
9227,3035,140,2,209.12,0.25
9228,3035,45,3,144.46,0.2
9229,3035,80,3,37.48,0.30000000000000004
9230,3036,7,4,213.41,0.15
9231,3036,89,4,113.83,0.15
9232,3036,174,1,277.47,0.2
9233,3036,162,1,83.78,0.15
9234,3037,83,1,365.68,0.05
9235,3037,120,4,329.46,0.05
9236,3037,42,2,195.38,0.1
9237,3037,41,1,192.72,0.05
9238,3037,141,2,110.94,0.1
9239,3038,151,3,235.23,0.0
9240,3038,90,4,286.47,0.05
9241,3039,134,1,102.29,0.25
9242,3039,136,1,202.6,0.25
9243,3039,153,2,43.16,0.25
9244,3039,87,1,65.51,0.35
9245,3040,25,2,18.65,0.2
9246,3040,107,3,116.77,0.30000000000000004
9247,3040,24,2,335.5,0.2
9248,3040,109,2,105.07,0.2
9249,3040,119,1,117.94,0.2
9250,3041,63,1,281.2,0.0
9251,3041,46,1,56.45,0.0
9252,3041,110,2,107.2,0.0
9253,3041,119,2,132.69,0.1
9254,3041,44,1,280.19,0.0
9255,3042,9,2,144.71,0.25
9256,3042,103,4,94.82,0.35
9257,3042,84,2,227.65,0.25
9258,3043,2,4,105.42,0.15
9259,3043,46,2,47.98,0.15
9260,3043,28,1,346.77,0.15
9261,3043,126,2,45.4,0.2
9262,3043,66,3,95.51,0.2
9263,3044,2,2,99.22,0.2
9264,3044,16,2,119.2,0.1
9265,3045,113,4,173.81,0.25
9266,3046,77,4,370.63,0.25
9267,3046,143,4,110.95,0.25
9268,3047,114,1,30.8,0.1
9269,3047,159,2,270.3,0.2
9270,3047,139,4,322.62,0.2
9271,3048,151,2,199.95,0.15000000000000002
9272,3049,173,3,408.93,0.1
9273,3049,123,4,148.66,0.05
9274,3049,40,4,147.26,0.15000000000000002
9275,3049,27,1,104.39,0.05
9276,3049,163,4,329.02,0.1
9277,3050,138,3,126.3,0.3
9278,3050,79,3,46.44,0.35
9279,3050,99,2,42.3,0.25
9280,3050,97,1,180.72,0.25
9281,3050,167,1,171.48,0.3
9282,3051,34,3,333.1,0.2
9283,3051,51,4,252.28,0.15
9284,3051,43,1,274.22,0.15
9285,3051,136,1,229.62,0.15
9286,3052,49,1,201.76,0.1
9287,3052,66,1,107.45,0.1
9288,3052,84,2,258.0,0.15000000000000002
9289,3052,154,2,22.2,0.15000000000000002
9290,3052,145,3,317.53,0.1
9291,3053,71,1,304.13,0.1
9292,3053,137,2,53.08,0.2
9293,3053,178,1,45.29,0.1
9294,3053,23,3,337.93,0.1
9295,3054,80,4,53.54,0.0
9296,3054,164,4,207.37,0.0
9297,3054,58,2,314.63,0.0
9298,3054,109,2,118.21,0.1
9299,3054,101,1,351.56,0.1
9300,3055,91,2,342.5,0.15
9301,3055,107,2,125.11,0.25
9302,3055,96,4,284.62,0.2
9303,3055,145,2,299.89,0.15
9304,3056,168,1,232.06,0.25
9305,3056,58,2,220.24,0.30000000000000004
9306,3056,121,3,345.07,0.2
9307,3056,98,2,121.48,0.25
9308,3057,62,2,287.08,0.2
9309,3057,78,2,292.67,0.15
9310,3057,114,3,27.38,0.2
9311,3057,50,2,20.58,0.15
9312,3057,22,2,77.01,0.2
9313,3058,164,1,165.9,0.2
9314,3058,121,2,345.07,0.2
9315,3059,11,1,238.32,0.0
9316,3059,36,1,61.43,0.05
9317,3059,114,3,30.8,0.1
9318,3059,80,2,53.54,0.0
9319,3059,45,3,162.51,0.1
9320,3060,28,4,305.98,0.25
9321,3060,171,4,111.26,0.25
9322,3060,74,1,207.94,0.35
9323,3061,90,3,226.16,0.25
9324,3061,135,1,294.84,0.25
9325,3061,74,2,255.92,0.2
9326,3061,38,2,197.17,0.25
9327,3062,141,2,98.62,0.2
9328,3062,88,2,163.47,0.25
9329,3062,35,2,45.98,0.15
9330,3062,119,1,110.57,0.25
9331,3062,87,3,85.66,0.15
9332,3063,173,4,295.34,0.35
9333,3063,42,1,162.82,0.25
9334,3063,103,2,109.4,0.25
9335,3063,169,2,66.38,0.35
9336,3063,59,1,193.7,0.3
9337,3064,86,4,267.39,0.2
9338,3064,144,4,120.47,0.1
9339,3064,55,2,247.88,0.15000000000000002
9340,3065,153,2,57.55,0.0
9341,3066,2,4,105.42,0.15
9342,3066,42,2,184.53,0.15
9343,3067,167,4,183.73,0.25
9344,3067,174,4,277.47,0.2
9345,3067,105,4,156.67,0.2
9346,3067,2,1,86.81,0.30000000000000004
9347,3067,37,3,179.16,0.2
9348,3068,129,2,156.94,0.15
9349,3068,86,3,284.1,0.15
9350,3068,92,2,96.03,0.25
9351,3068,168,2,247.53,0.2
9352,3069,39,3,217.5,0.05
9353,3069,177,4,270.54,0.0
9354,3069,57,2,289.09,0.1
9355,3069,25,3,22.14,0.05
9356,3070,95,3,421.66,0.0
9357,3071,36,1,58.19,0.1
9358,3071,21,4,25.94,0.05
9359,3071,92,1,108.83,0.15000000000000002
9360,3072,86,1,300.82,0.1
9361,3072,159,1,304.09,0.1
9362,3073,81,3,341.71,0.0
9363,3073,113,3,231.75,0.0
9364,3073,174,3,346.84,0.0
9365,3074,6,4,41.89,0.25
9366,3074,7,3,175.75,0.3
9367,3074,172,3,111.89,0.25
9368,3074,161,4,191.07,0.25
9369,3074,21,2,19.12,0.3
9370,3075,106,3,184.39,0.3
9371,3075,155,1,189.33,0.3
9372,3075,137,2,43.13,0.35
9373,3075,78,3,223.81,0.35
9374,3076,120,2,225.42,0.35
9375,3076,5,3,267.25,0.3
9376,3077,33,3,140.04,0.35
9377,3077,13,1,41.82,0.3
9378,3078,81,1,307.54,0.1
9379,3078,114,1,29.09,0.15000000000000002
9380,3078,139,3,322.62,0.2
9381,3079,5,3,286.34,0.25
9382,3079,122,4,214.2,0.25
9383,3079,125,4,32.98,0.25
9384,3080,46,3,42.34,0.25
9385,3080,64,3,176.15,0.25
9386,3080,173,3,295.34,0.35
9387,3081,162,3,98.56,0.0
9388,3082,13,3,44.8,0.25
9389,3083,85,2,75.67,0.25
9390,3083,140,1,209.12,0.25
9391,3083,3,3,180.16,0.25
9392,3084,35,2,54.1,0.0
9393,3084,179,4,112.55,0.0
9394,3084,108,3,288.94,0.0
9395,3085,55,1,218.72,0.25
9396,3085,92,3,83.23,0.35
9397,3085,62,4,251.19,0.3
9398,3085,70,1,247.71,0.3
9399,3085,123,3,117.36,0.25
9400,3086,4,4,183.02,0.1
9401,3087,55,2,277.04,0.05
9402,3088,4,3,193.19,0.05
9403,3088,22,1,91.45,0.05
9404,3088,37,4,212.75,0.05
9405,3088,136,3,229.62,0.15000000000000002
9406,3088,81,1,307.54,0.1
9407,3089,85,1,90.8,0.1
9408,3090,1,4,178.96,0.30000000000000004
9409,3090,155,3,216.38,0.2
9410,3090,28,4,326.38,0.2
9411,3091,146,3,89.28,0.35
9412,3091,124,2,34.55,0.25
9413,3091,126,1,42.56,0.25
9414,3092,106,3,210.73,0.2
9415,3092,33,4,193.91,0.1
9416,3092,179,3,95.67,0.15000000000000002
9417,3092,160,2,212.04,0.1
9418,3093,153,2,51.8,0.1
9419,3094,33,2,172.36,0.2
9420,3094,19,1,210.69,0.2
9421,3095,168,3,247.53,0.2
9422,3095,168,4,216.59,0.30000000000000004
9423,3096,36,2,54.96,0.15000000000000002
9424,3096,172,1,119.34,0.2
9425,3096,153,1,51.8,0.1
9426,3096,124,1,41.46,0.1
9427,3097,24,1,356.46,0.15
9428,3097,83,3,307.94,0.2
9429,3097,164,2,176.26,0.15
9430,3097,105,1,166.46,0.15
9431,3098,177,4,216.43,0.2
9432,3098,175,3,93.29,0.2
9433,3098,60,1,162.21,0.25
9434,3098,125,4,32.98,0.25
9435,3099,67,1,332.43,0.05
9436,3099,152,4,66.78,0.05
9437,3099,107,1,150.13,0.1
9438,3100,150,3,227.77,0.25
9439,3100,145,2,229.33,0.35
9440,3101,164,2,155.53,0.25
9441,3102,110,4,85.76,0.2
9442,3103,113,2,185.4,0.2
9443,3104,104,1,253.95,0.1
9444,3104,108,4,260.05,0.1
9445,3104,108,2,231.15,0.2
9446,3104,175,4,104.95,0.1
9447,3104,38,1,223.46,0.15000000000000002
9448,3105,161,4,203.81,0.2
9449,3106,168,3,263.0,0.15000000000000002
9450,3106,38,4,236.61,0.1
9451,3106,40,4,155.93,0.1
9452,3106,16,2,119.2,0.1
9453,3106,5,4,343.61,0.1
9454,3107,13,1,53.77,0.1
9455,3107,68,1,164.39,0.1
9456,3107,54,3,143.53,0.15000000000000002
9457,3107,168,3,278.47,0.1
9458,3107,158,1,105.45,0.1
9459,3108,159,3,337.88,0.0
9460,3108,57,2,289.09,0.1
9461,3108,162,2,88.7,0.1
9462,3109,118,2,220.24,0.35
9463,3109,15,4,188.5,0.25
9464,3109,62,1,251.19,0.3
9465,3109,35,4,40.58,0.25
9466,3110,56,2,191.84,0.1
9467,3110,12,2,207.36,0.15000000000000002
9468,3110,22,4,86.63,0.1
9469,3110,75,4,188.98,0.2
9470,3111,39,3,171.71,0.25
9471,3111,81,2,256.28,0.25
9472,3111,121,4,323.5,0.25
9473,3111,102,1,227.26,0.25
9474,3111,26,3,226.07,0.35
9475,3112,21,3,27.31,0.0
9476,3112,167,3,244.97,0.0
9477,3113,19,4,237.02,0.1
9478,3113,12,4,219.56,0.1
9479,3113,31,2,55.93,0.15000000000000002
9480,3114,54,3,151.97,0.1
9481,3114,100,1,271.19,0.1
9482,3114,173,1,408.93,0.1
9483,3115,152,2,59.75,0.15
9484,3115,64,3,199.63,0.15
9485,3115,2,3,99.22,0.2
9486,3115,119,4,125.32,0.15
9487,3116,67,1,244.95,0.3
9488,3116,130,3,112.99,0.25
9489,3116,3,1,180.16,0.25
9490,3117,35,3,37.87,0.3
9491,3117,49,3,168.13,0.25
9492,3117,43,3,241.96,0.25
9493,3117,137,4,49.76,0.25
9494,3118,89,1,120.53,0.1
9495,3118,124,4,46.07,0.0
9496,3119,27,4,93.4,0.15000000000000002
9497,3119,6,2,44.69,0.2
9498,3119,30,1,146.06,0.1
9499,3119,23,3,319.16,0.15000000000000002
9500,3120,154,2,19.59,0.25
9501,3120,109,1,98.5,0.25
9502,3120,2,2,93.02,0.25
9503,3120,156,4,113.47,0.25
9504,3120,118,4,254.12,0.25
9505,3121,83,4,269.45,0.3
9506,3122,57,1,240.91,0.25
9507,3122,59,4,193.7,0.30000000000000004
9508,3122,33,1,172.36,0.2
9509,3122,40,2,138.6,0.2
9510,3122,1,2,204.53,0.2
9511,3123,151,4,176.42,0.25
9512,3123,117,2,44.13,0.35
9513,3123,16,3,99.34,0.25
9514,3123,91,2,261.91,0.35
9515,3123,121,4,280.37,0.35
9516,3124,177,2,229.96,0.15
9517,3125,71,4,253.44,0.25
9518,3125,155,1,175.81,0.35
9519,3125,80,4,40.16,0.25
9520,3125,49,4,168.13,0.25
9521,3126,108,2,288.94,0.0
9522,3126,68,2,182.65,0.0
9523,3127,66,4,107.45,0.1
9524,3127,26,1,313.02,0.1
9525,3127,32,2,106.25,0.2
9526,3128,155,4,189.33,0.3
9527,3128,139,3,262.13,0.35
9528,3128,134,2,88.65,0.35
9529,3129,112,4,192.44,0.25
9530,3129,172,4,126.8,0.15
9531,3129,169,4,81.7,0.2
9532,3129,168,1,263.0,0.15
9533,3129,115,1,367.57,0.15
9534,3130,71,3,304.13,0.1
9535,3130,56,4,191.84,0.1
9536,3130,170,2,14.07,0.1
9537,3131,152,2,49.21,0.3
9538,3132,98,4,137.68,0.15
9539,3133,178,1,42.77,0.15
9540,3133,163,1,310.74,0.15
9541,3134,170,1,11.72,0.25
9542,3134,104,1,211.63,0.25
9543,3134,50,1,15.74,0.35
9544,3134,108,2,202.26,0.3
9545,3135,38,1,223.46,0.15
9546,3135,173,4,386.21,0.15
9547,3136,75,1,224.41,0.05
9548,3137,101,1,273.43,0.3
9549,3137,149,4,110.88,0.35
9550,3137,117,2,47.52,0.3
9551,3138,103,4,109.4,0.25
9552,3138,28,2,346.77,0.15
9553,3138,21,1,21.85,0.2
9554,3138,72,1,96.57,0.15
9555,3138,28,1,346.77,0.15
9556,3139,112,4,192.44,0.25
9557,3139,168,2,247.53,0.2
9558,3139,80,3,42.83,0.2
9559,3139,164,3,165.9,0.2
9560,3139,32,4,106.25,0.2
9561,3140,57,3,321.21,0.0
9562,3140,87,2,100.78,0.0
9563,3141,24,4,314.53,0.25
9564,3141,124,3,36.86,0.2
9565,3141,42,2,173.67,0.2
9566,3141,95,2,337.33,0.2
9567,3141,47,2,69.1,0.2
9568,3142,113,1,185.4,0.2
9569,3142,178,3,45.29,0.1
9570,3142,30,4,146.06,0.1
9571,3142,160,4,200.26,0.15000000000000002
9572,3142,63,1,253.08,0.1
9573,3143,20,1,98.66,0.30000000000000004
9574,3143,155,2,216.38,0.2
9575,3143,130,3,105.45,0.30000000000000004
9576,3144,151,3,211.71,0.1
9577,3144,117,2,61.1,0.1
9578,3144,100,3,271.19,0.1
9579,3145,86,2,267.39,0.2
9580,3145,15,1,188.5,0.25
9581,3145,113,3,162.22,0.30000000000000004
9582,3145,130,2,120.52,0.2
9583,3146,156,1,121.03,0.2
9584,3146,67,1,314.94,0.1
9585,3146,105,4,176.26,0.1
9586,3146,125,3,39.57,0.1
9587,3147,19,3,197.52,0.25
9588,3147,92,3,96.03,0.25
9589,3147,160,3,153.14,0.35
9590,3147,10,1,364.45,0.25
9591,3148,79,1,57.15,0.2
9592,3148,141,1,98.62,0.2
9593,3148,142,1,333.06,0.1
9594,3148,159,2,304.09,0.1
9595,3148,12,3,219.56,0.1
9596,3149,19,3,197.52,0.25
9597,3149,41,3,142.0,0.3
9598,3149,15,4,188.5,0.25
9599,3149,115,3,324.32,0.25
9600,3149,81,2,256.28,0.25
9601,3150,110,1,96.48,0.1
9602,3150,96,3,320.2,0.1
9603,3150,73,3,166.42,0.1
9604,3150,76,1,136.43,0.1
9605,3150,3,1,216.19,0.1
9606,3151,65,2,318.85,0.3
9607,3151,150,1,227.77,0.25
9608,3151,84,4,227.65,0.25
9609,3152,17,1,89.15,0.05
9610,3152,46,4,53.63,0.05
9611,3153,114,3,32.51,0.05
9612,3153,87,2,95.74,0.05
9613,3153,110,2,107.2,0.0
9614,3153,13,1,53.77,0.1
9615,3153,87,2,100.78,0.0
9616,3154,111,1,219.24,0.15
9617,3154,92,2,108.83,0.15
9618,3154,125,4,35.18,0.2
9619,3155,102,2,227.26,0.25
9620,3155,127,2,98.03,0.25
9621,3155,63,4,210.9,0.25
9622,3156,158,4,99.59,0.15
9623,3156,176,2,19.06,0.15
9624,3157,85,3,90.8,0.1
9625,3157,176,1,20.18,0.1
9626,3157,168,3,278.47,0.1
9627,3157,140,2,250.94,0.1
9628,3157,24,1,377.43,0.1
9629,3158,38,2,197.17,0.25
9630,3158,92,1,102.43,0.2
9631,3158,80,4,42.83,0.2
9632,3158,115,2,302.7,0.30000000000000004
9633,3158,135,3,314.5,0.2
9634,3159,113,4,162.22,0.30000000000000004
9635,3159,131,1,94.42,0.2
9636,3159,33,1,161.59,0.25
9637,3160,157,2,199.88,0.25
9638,3160,179,4,95.67,0.15
9639,3160,45,1,135.43,0.25
9640,3161,83,3,307.94,0.2
9641,3161,146,4,96.15,0.30000000000000004
9642,3161,103,3,102.11,0.30000000000000004
9643,3161,176,4,17.94,0.2
9644,3161,109,3,105.07,0.2
9645,3162,10,1,413.04,0.15
9646,3162,124,4,36.86,0.2
9647,3163,89,1,127.22,0.05
9648,3163,86,4,317.53,0.05
9649,3164,123,2,133.01,0.15000000000000002
9650,3164,173,1,408.93,0.1
9651,3164,6,2,50.27,0.1
9652,3164,93,2,220.89,0.1
9653,3164,100,3,271.19,0.1
9654,3165,62,1,287.08,0.2
9655,3165,158,2,93.74,0.2
9656,3165,63,2,196.84,0.30000000000000004
9657,3165,175,2,93.29,0.2
9658,3166,133,1,213.32,0.25
9659,3166,121,4,345.07,0.2
9660,3166,68,4,146.12,0.2
9661,3167,159,3,337.88,0.0
9662,3167,22,2,96.26,0.0
9663,3167,180,1,146.72,0.05
9664,3168,112,2,205.27,0.2
9665,3168,136,1,202.6,0.25
9666,3168,11,2,190.66,0.2
9667,3168,107,1,133.45,0.2
9668,3168,177,2,189.38,0.30000000000000004
9669,3169,59,1,249.05,0.1
9670,3169,106,1,237.07,0.1
9671,3169,99,1,50.76,0.1
9672,3170,56,1,213.15,0.0
9673,3170,37,2,223.95,0.0
9674,3170,91,2,402.94,0.0
9675,3171,106,4,223.9,0.15000000000000002
9676,3171,176,4,20.18,0.1
9677,3171,19,1,223.86,0.15000000000000002
9678,3171,164,3,186.63,0.1
9679,3171,125,4,39.57,0.1
9680,3172,6,4,39.1,0.3
9681,3172,87,2,75.59,0.25
9682,3173,180,3,131.27,0.15
9683,3173,4,1,172.86,0.15
9684,3173,80,4,40.16,0.25
9685,3173,57,3,240.91,0.25
9686,3173,1,3,191.75,0.25
9687,3174,78,4,292.67,0.15
9688,3174,26,2,295.63,0.15
9689,3174,167,2,183.73,0.25
9690,3175,175,1,104.95,0.1
9691,3175,175,2,110.78,0.05
9692,3175,55,2,277.04,0.05
9693,3175,138,2,171.41,0.05
9694,3175,147,1,189.79,0.1
9695,3176,137,2,53.08,0.2
9696,3176,43,2,258.09,0.2
9697,3177,28,4,407.97,0.0
9698,3177,29,4,258.36,0.1
9699,3177,156,4,136.16,0.1
9700,3178,135,1,255.53,0.35
9701,3179,120,1,329.46,0.05
9702,3179,177,1,257.01,0.05
9703,3179,13,2,56.75,0.05
9704,3179,38,1,249.75,0.05
9705,3180,159,3,270.3,0.2
9706,3180,138,2,153.37,0.15000000000000002
9707,3180,15,1,213.63,0.15000000000000002
9708,3181,3,3,180.16,0.25
9709,3182,149,1,145.0,0.15
9710,3182,109,1,111.64,0.15
9711,3182,86,3,267.39,0.2
9712,3182,27,2,93.4,0.15
9713,3183,68,3,136.99,0.25
9714,3184,65,3,387.18,0.15
9715,3184,111,3,219.24,0.15
9716,3184,89,2,107.14,0.2
9717,3185,9,2,183.3,0.05
9718,3185,30,1,146.06,0.1
9719,3185,107,3,166.81,0.0
9720,3185,127,1,117.64,0.1
9721,3186,32,1,106.25,0.2
9722,3186,126,4,48.24,0.15
9723,3186,81,1,290.45,0.15
9724,3186,25,4,19.81,0.15
9725,3187,90,4,301.55,0.0
9726,3187,37,3,212.75,0.05
9727,3188,163,4,237.63,0.35
9728,3188,80,3,34.8,0.35
9729,3188,118,2,254.12,0.25
9730,3188,95,2,316.25,0.25
9731,3189,88,1,185.27,0.15000000000000002
9732,3189,134,2,122.75,0.1
9733,3189,42,4,195.38,0.1
9734,3190,81,1,273.37,0.2
9735,3190,31,2,52.64,0.2
9736,3190,149,4,153.53,0.1
9737,3190,96,1,284.62,0.2
9738,3191,140,4,237.0,0.15
9739,3191,10,4,413.04,0.15
9740,3191,64,1,199.63,0.15
9741,3192,149,2,136.47,0.2
9742,3192,36,1,45.26,0.30000000000000004
9743,3193,131,1,106.23,0.1
9744,3193,76,3,136.43,0.1
9745,3193,85,2,85.76,0.15000000000000002
9746,3193,125,2,39.57,0.1
9747,3193,55,1,233.3,0.2
9748,3194,136,3,202.6,0.25
9749,3194,80,3,40.16,0.25
9750,3194,72,1,73.85,0.35
9751,3194,19,1,197.52,0.25
9752,3195,135,1,294.84,0.25
9753,3196,28,2,305.98,0.25
9754,3196,22,4,67.38,0.30000000000000004
9755,3196,46,1,42.34,0.25
9756,3197,42,2,217.09,0.0
9757,3197,78,1,309.89,0.1
9758,3197,26,3,330.41,0.05
9759,3198,104,3,253.95,0.1
9760,3198,164,4,186.63,0.1
9761,3199,112,4,218.1,0.15
9762,3199,24,2,356.46,0.15
9763,3199,153,4,48.92,0.15
9764,3200,60,2,162.21,0.25
9765,3200,36,3,45.26,0.30000000000000004
9766,3200,18,2,103.37,0.2
9767,3201,139,3,322.62,0.2
9768,3201,104,2,225.74,0.2
9769,3202,149,4,127.94,0.25
9770,3202,162,4,83.78,0.15
9771,3203,134,4,122.75,0.1
9772,3203,44,2,252.17,0.1
9773,3204,122,4,214.2,0.25
9774,3205,129,4,129.24,0.30000000000000004
9775,3205,80,1,37.48,0.30000000000000004
9776,3206,18,1,109.83,0.15
9777,3206,90,3,241.24,0.2
9778,3206,82,1,86.95,0.25
9779,3206,146,4,109.89,0.2
9780,3207,177,2,243.49,0.1
9781,3207,158,2,105.45,0.1
9782,3208,85,2,85.76,0.15
9783,3209,142,4,351.57,0.05
9784,3209,116,2,397.97,0.0
9785,3209,107,4,166.81,0.0
9786,3209,100,1,301.32,0.0
9787,3210,89,1,93.74,0.3
9788,3210,68,3,136.99,0.25
9789,3210,94,2,87.86,0.3
9790,3211,101,3,390.62,0.0
9791,3211,33,4,215.45,0.0
9792,3211,148,1,187.58,0.0
9793,3212,30,3,121.72,0.25
9794,3212,85,2,75.67,0.25
9795,3212,20,2,91.62,0.35
9796,3213,62,3,358.85,0.0
9797,3213,70,3,353.87,0.0
9798,3213,165,3,196.79,0.0
9799,3214,110,4,96.48,0.1
9800,3214,169,2,91.92,0.1
9801,3214,77,4,444.76,0.1
9802,3214,101,4,312.5,0.2
9803,3215,27,2,87.9,0.2
9804,3216,16,4,92.71,0.3
9805,3216,158,4,76.16,0.35
9806,3216,161,2,191.07,0.25
9807,3216,175,2,75.8,0.35
9808,3217,11,1,178.74,0.25
9809,3218,141,4,110.94,0.1
9810,3218,88,3,185.27,0.15000000000000002
9811,3219,13,4,53.77,0.1
9812,3220,106,1,263.41,0.0
9813,3220,140,3,250.94,0.1
9814,3220,66,3,119.39,0.0
9815,3220,146,2,137.36,0.0
9816,3221,59,3,235.21,0.15
9817,3221,45,4,153.48,0.15
9818,3221,23,1,319.16,0.15
9819,3221,68,4,155.25,0.15
9820,3221,177,1,229.96,0.15
9821,3222,2,4,105.42,0.15
9822,3222,131,3,88.52,0.25
9823,3222,45,2,153.48,0.15
9824,3222,59,3,235.21,0.15
9825,3223,153,4,43.16,0.25
9826,3223,157,1,213.21,0.2
9827,3223,34,1,312.28,0.25
9828,3223,104,4,239.84,0.15
9829,3223,44,2,238.16,0.15
9830,3224,147,4,158.16,0.25
9831,3225,133,3,241.77,0.15000000000000002
9832,3226,155,3,202.85,0.25
9833,3226,18,3,96.91,0.25
9834,3226,125,2,32.98,0.25
9835,3227,115,4,281.08,0.35
9836,3228,1,4,178.96,0.30000000000000004
9837,3228,64,3,187.89,0.2
9838,3229,51,3,252.28,0.15000000000000002
9839,3229,93,1,196.34,0.2
9840,3229,143,4,133.15,0.1
9841,3230,160,3,176.7,0.25
9842,3230,131,2,82.62,0.3
9843,3230,145,3,264.61,0.25
9844,3230,53,3,105.85,0.25
9845,3230,178,1,37.74,0.25
9846,3231,25,4,15.15,0.35
9847,3231,53,2,98.79,0.3
9848,3231,28,1,265.18,0.35
9849,3231,103,3,109.4,0.25
9850,3231,103,2,94.82,0.35
9851,3232,140,4,250.94,0.1
9852,3232,22,1,86.63,0.1
9853,3232,13,4,53.77,0.1
9854,3232,9,1,154.36,0.2
9855,3232,88,1,185.27,0.15000000000000002
9856,3233,70,1,265.4,0.25
9857,3233,89,1,100.44,0.25
9858,3234,22,2,62.57,0.35
9859,3235,156,4,136.16,0.1
9860,3235,166,2,216.68,0.1
9861,3236,168,4,232.06,0.25
9862,3236,84,1,227.65,0.25
9863,3236,30,2,121.72,0.25
9864,3237,143,4,133.15,0.1
9865,3237,4,2,172.86,0.15000000000000002
9866,3237,13,4,47.79,0.2
9867,3238,43,1,258.09,0.2
9868,3238,180,2,123.55,0.2
9869,3238,20,1,112.76,0.2
9870,3238,78,2,241.02,0.30000000000000004
9871,3239,178,4,42.77,0.15
9872,3239,158,1,99.59,0.15
9873,3239,29,1,229.66,0.2
9874,3239,101,3,312.5,0.2
9875,3240,132,1,169.06,0.1
9876,3241,83,2,307.94,0.2
9877,3241,36,1,58.19,0.1
9878,3241,27,2,98.89,0.1
9879,3241,37,3,201.56,0.1
9880,3242,83,3,327.19,0.15
9881,3242,29,4,244.01,0.15
9882,3242,157,4,213.21,0.2
9883,3242,131,3,88.52,0.25
9884,3243,124,3,43.77,0.05
9885,3244,96,1,302.41,0.15
9886,3245,170,2,12.5,0.2
9887,3245,40,2,138.6,0.2
9888,3245,103,4,109.4,0.25
9889,3245,29,4,229.66,0.2
9890,3245,68,4,146.12,0.2
9891,3246,116,1,318.38,0.2
9892,3246,133,3,241.77,0.15000000000000002
9893,3247,46,1,47.98,0.15
9894,3247,93,3,184.07,0.25
9895,3247,49,2,190.55,0.15
9896,3247,94,1,100.41,0.2
9897,3247,146,1,116.76,0.15
9898,3248,24,3,314.53,0.25
9899,3248,81,1,290.45,0.15
9900,3248,30,1,137.95,0.15
9901,3248,62,4,287.08,0.2
9902,3249,16,4,92.71,0.3
9903,3249,59,4,207.54,0.25
9904,3249,146,2,103.02,0.25
9905,3249,95,2,316.25,0.25
9906,3249,67,1,262.45,0.25
9907,3250,125,1,32.98,0.25
9908,3250,105,1,146.88,0.25
9909,3250,124,4,34.55,0.25
9910,3251,101,4,292.97,0.25
9911,3252,89,2,133.92,0.0
9912,3252,137,2,66.35,0.0
9913,3253,40,3,138.6,0.2
9914,3253,162,2,73.92,0.25
9915,3253,165,2,157.43,0.2
9916,3254,54,1,168.86,0.0
9917,3254,113,4,231.75,0.0
9918,3254,56,2,191.84,0.1
9919,3254,120,1,346.8,0.0
9920,3255,137,3,53.08,0.2
9921,3255,90,4,241.24,0.2
9922,3255,102,1,242.41,0.2
9923,3255,91,1,322.35,0.2
9924,3255,148,1,150.06,0.2
9925,3256,85,2,80.71,0.2
9926,3257,133,4,184.88,0.35
9927,3257,138,3,135.32,0.25
9928,3258,90,1,301.55,0.0
9929,3258,44,1,280.19,0.0
9930,3259,103,2,109.4,0.25
9931,3259,167,4,195.98,0.2
9932,3259,79,1,57.15,0.2
9933,3259,82,1,92.75,0.2
9934,3259,90,1,241.24,0.2
9935,3260,63,2,239.02,0.15
9936,3260,129,4,156.94,0.15
9937,3261,132,4,169.06,0.1
9938,3261,102,2,257.56,0.15000000000000002
9939,3261,108,3,260.05,0.1
9940,3262,171,2,111.26,0.25
9941,3262,145,1,282.25,0.2
9942,3262,10,2,364.45,0.25
9943,3262,85,2,80.71,0.2
9944,3262,43,4,258.09,0.2
9945,3263,51,2,222.6,0.25
9946,3263,88,2,174.37,0.2
9947,3263,39,1,194.61,0.15
9948,3263,44,4,224.15,0.2
9949,3263,164,1,155.53,0.25
9950,3264,19,1,210.69,0.2
9951,3264,147,1,168.7,0.2
9952,3264,148,1,150.06,0.2
9953,3264,36,2,51.73,0.2
9954,3265,138,4,153.37,0.15
9955,3265,22,3,72.2,0.25
9956,3265,43,1,258.09,0.2
9957,3265,80,2,45.51,0.15
9958,3265,132,1,159.67,0.15
9959,3266,34,1,374.73,0.1
9960,3267,139,2,403.28,0.0
9961,3267,139,1,403.28,0.0
9962,3267,159,2,337.88,0.0
9963,3267,107,2,166.81,0.0
9964,3268,21,2,24.58,0.1
9965,3268,69,3,49.27,0.1
9966,3268,75,1,212.6,0.1
9967,3269,167,1,220.47,0.1
9968,3270,29,4,200.95,0.30000000000000004
9969,3271,62,2,269.14,0.25
9970,3271,140,2,181.23,0.35
9971,3272,14,2,84.17,0.35
9972,3273,47,3,69.1,0.2
9973,3273,47,2,77.74,0.1
9974,3273,132,2,150.28,0.2
9975,3273,78,2,309.89,0.1
9976,3273,91,2,342.5,0.15000000000000002
9977,3274,138,3,153.37,0.15000000000000002
9978,3274,14,3,116.54,0.1
9979,3274,163,3,292.46,0.2
9980,3275,74,3,207.94,0.35
9981,3275,128,4,172.51,0.25
9982,3275,114,1,25.66,0.25
9983,3275,146,2,96.15,0.3
9984,3276,101,4,390.62,0.0
9985,3276,179,3,112.55,0.0
9986,3276,135,2,393.12,0.0
9987,3276,13,2,59.74,0.0
9988,3276,55,2,291.62,0.0
9989,3277,99,3,42.3,0.25
9990,3278,144,4,133.86,0.0
9991,3279,42,2,184.53,0.15
9992,3279,133,2,241.77,0.15
9993,3279,120,1,294.78,0.15
9994,3279,83,3,307.94,0.2
9995,3279,37,1,190.36,0.15
9996,3280,92,2,108.83,0.15
9997,3280,138,4,135.32,0.25
9998,3280,153,1,46.04,0.2
9999,3281,173,3,340.78,0.25
10000,3281,154,1,20.9,0.2
10001,3281,11,2,190.66,0.2
10002,3282,110,1,80.4,0.25
10003,3282,28,4,305.98,0.25
10004,3283,121,2,323.5,0.25
10005,3283,35,2,40.58,0.25
10006,3283,127,2,84.96,0.35
10007,3283,149,2,127.94,0.25
10008,3284,116,2,338.27,0.15
10009,3284,158,1,93.74,0.2
10010,3285,146,4,130.49,0.05
10011,3285,119,4,132.69,0.1
10012,3285,158,3,117.17,0.0
10013,3286,43,1,258.09,0.2
10014,3286,52,4,67.23,0.15
10015,3286,69,1,43.79,0.2
10016,3286,114,3,27.38,0.2
10017,3286,47,1,64.78,0.25
10018,3287,35,4,54.1,0.0
10019,3287,90,2,271.4,0.1
10020,3287,95,2,421.66,0.0
10021,3288,21,1,19.12,0.30000000000000004
10022,3289,152,1,63.27,0.1
10023,3289,23,4,337.93,0.1
10024,3289,142,4,333.06,0.1
10025,3289,88,3,185.27,0.15000000000000002
10026,3289,171,2,118.68,0.2
10027,3290,99,4,45.12,0.2
10028,3290,68,4,146.12,0.2
10029,3290,144,3,100.4,0.25
10030,3290,165,3,157.43,0.2
10031,3290,125,4,35.18,0.2
10032,3291,66,3,119.39,0.0
10033,3291,131,4,118.03,0.0
10034,3291,126,4,51.08,0.1
10035,3291,149,3,170.59,0.0
10036,3291,60,1,216.28,0.0
10037,3292,158,1,99.59,0.15
10038,3292,38,3,197.17,0.25
10039,3292,63,3,239.02,0.15
10040,3292,77,1,370.63,0.25
10041,3293,110,2,96.48,0.1
10042,3293,128,4,207.01,0.1
10043,3293,19,1,223.86,0.15000000000000002
10044,3293,130,4,120.52,0.2
10045,3294,52,3,79.1,0.0
10046,3294,166,2,240.75,0.0
10047,3294,128,3,230.01,0.0
10048,3294,55,1,262.46,0.1
10049,3294,93,1,245.43,0.0
10050,3295,81,4,290.45,0.15
10051,3295,167,2,183.73,0.25
10052,3296,138,4,180.43,0.0
10053,3296,144,2,127.17,0.05
10054,3296,62,4,322.97,0.1
10055,3296,90,3,271.4,0.1
10056,3296,35,2,48.69,0.1
10057,3297,83,2,384.93,0.0
10058,3297,3,4,240.21,0.0
10059,3298,28,3,326.38,0.2
10060,3298,41,4,162.29,0.2
10061,3298,138,1,144.34,0.2
10062,3299,7,3,251.07,0.0
10063,3299,125,1,41.77,0.05
10064,3299,142,1,351.57,0.05
10065,3299,167,1,244.97,0.0
10066,3299,22,4,91.45,0.05
10067,3300,25,4,20.98,0.1
10068,3300,178,2,42.77,0.15000000000000002
10069,3300,29,4,258.36,0.1
10070,3300,157,1,226.53,0.15000000000000002
10071,3301,123,2,133.01,0.15
10072,3302,7,3,213.41,0.15
10073,3302,15,1,213.63,0.15
10074,3302,101,3,332.03,0.15
10075,3302,20,1,119.81,0.15
10076,3303,1,2,204.53,0.2
10077,3304,15,2,188.5,0.25
10078,3304,169,2,71.49,0.3
10079,3304,61,3,168.43,0.35
10080,3305,63,4,210.9,0.25
10081,3305,8,3,55.17,0.35
10082,3305,65,1,341.62,0.25
10083,3305,77,2,321.22,0.35
10084,3305,171,2,103.84,0.3
10085,3306,16,2,92.71,0.3
10086,3306,19,1,197.52,0.25
10087,3306,93,2,159.53,0.35
10088,3307,74,2,239.92,0.25
10089,3307,90,3,256.32,0.15
10090,3307,60,3,183.84,0.15
10091,3308,56,2,181.18,0.15
10092,3308,97,1,192.77,0.2
10093,3309,156,3,143.73,0.05
10094,3309,88,4,207.06,0.05
10095,3309,28,1,407.97,0.0
10096,3310,130,3,120.52,0.2
10097,3310,138,1,144.34,0.2
10098,3310,180,2,123.55,0.2
10099,3310,125,2,35.18,0.2
10100,3310,175,3,81.63,0.30000000000000004
10101,3311,147,4,179.25,0.15
10102,3311,106,3,210.73,0.2
10103,3311,162,3,83.78,0.15
10104,3311,124,1,36.86,0.2
10105,3311,85,2,75.67,0.25
10106,3312,131,4,76.72,0.35
10107,3313,14,1,110.07,0.15
10108,3313,105,4,146.88,0.25
10109,3313,9,2,164.01,0.15
10110,3313,72,4,96.57,0.15
10111,3314,141,4,117.11,0.05
10112,3315,112,4,256.59,0.0
10113,3316,106,3,237.07,0.1
10114,3317,160,1,200.26,0.15
10115,3317,62,2,305.02,0.15
10116,3317,80,3,45.51,0.15
10117,3317,145,1,264.61,0.25
10118,3318,28,1,346.77,0.15000000000000002
10119,3318,108,4,245.6,0.15000000000000002
10120,3318,58,1,283.17,0.1
10121,3319,111,3,180.55,0.30000000000000004
10122,3320,102,2,257.56,0.15000000000000002
10123,3320,70,1,318.48,0.1
10124,3320,144,3,120.47,0.1
10125,3321,149,1,145.0,0.15
10126,3321,50,4,20.58,0.15
10127,3322,116,4,318.38,0.2
10128,3322,114,4,30.8,0.1
10129,3322,9,1,173.66,0.1
10130,3323,144,3,100.4,0.25
10131,3323,61,3,194.35,0.25
10132,3324,85,1,85.76,0.15
10133,3324,7,4,200.86,0.2
10134,3325,27,4,109.88,0.0
10135,3325,63,1,281.2,0.0
10136,3325,135,4,393.12,0.0
10137,3326,130,1,105.45,0.30000000000000004
10138,3326,49,3,168.13,0.25
10139,3326,120,2,277.44,0.2
10140,3327,147,1,179.25,0.15
10141,3327,14,2,110.07,0.15
10142,3327,7,4,188.3,0.25
10143,3327,30,1,137.95,0.15
10144,3328,159,3,304.09,0.1
10145,3328,132,2,169.06,0.1
10146,3328,95,3,358.41,0.15000000000000002
10147,3328,93,1,220.89,0.1
10148,3328,38,4,236.61,0.1
10149,3329,159,3,253.41,0.25
10150,3329,54,3,135.09,0.2
10151,3329,11,1,202.57,0.15
10152,3330,17,3,70.38,0.25
10153,3330,168,1,201.12,0.35
10154,3331,130,1,112.99,0.25
10155,3331,92,1,96.03,0.25
10156,3331,172,3,111.89,0.25
10157,3331,112,4,166.78,0.35
10158,3332,68,3,164.39,0.1
10159,3332,167,2,220.47,0.1
10160,3332,146,3,123.62,0.1
10161,3333,54,4,126.65,0.25
10162,3333,116,2,298.48,0.25
10163,3333,9,1,135.06,0.3
10164,3333,127,3,84.96,0.35
10165,3333,114,2,25.66,0.25
10166,3334,167,4,208.22,0.15000000000000002
10167,3334,147,3,168.7,0.2
10168,3334,93,1,208.62,0.15000000000000002
10169,3335,141,1,98.62,0.2
10170,3335,66,4,95.51,0.2
10171,3335,158,4,82.02,0.30000000000000004
10172,3335,164,2,145.16,0.30000000000000004
10173,3336,112,3,243.76,0.05
10174,3337,106,1,250.24,0.05
10175,3337,10,1,461.63,0.05
10176,3337,180,4,154.44,0.0
10177,3338,45,4,153.48,0.15
10178,3338,47,3,73.42,0.15
10179,3338,170,3,13.29,0.15
10180,3338,85,1,85.76,0.15
10181,3338,83,3,327.19,0.15
10182,3339,143,3,96.16,0.35
10183,3340,42,1,206.24,0.05
10184,3341,1,3,230.09,0.1
10185,3342,178,1,35.22,0.3
10186,3342,139,3,302.46,0.25
10187,3342,59,4,207.54,0.25
10188,3342,42,1,162.82,0.25
10189,3342,83,1,250.2,0.35
10190,3343,95,3,316.25,0.25
10191,3343,83,2,269.45,0.3
10192,3343,44,3,210.14,0.25
10193,3343,153,1,43.16,0.25
10194,3344,75,2,177.16,0.25
10195,3345,118,1,288.01,0.15
10196,3345,174,2,294.81,0.15
10197,3345,67,3,279.94,0.2
10198,3346,180,1,100.39,0.35
10199,3347,56,3,191.84,0.1
10200,3347,21,4,21.85,0.2
10201,3347,147,2,189.79,0.1
10202,3347,3,2,216.19,0.1
10203,3348,144,3,100.4,0.25
10204,3349,137,2,66.35,0.0
10205,3349,92,2,128.04,0.0
10206,3349,43,3,290.35,0.1
10207,3350,138,4,144.34,0.2
10208,3350,1,3,204.53,0.2
10209,3351,44,1,238.16,0.15000000000000002
10210,3351,73,2,157.17,0.15000000000000002
10211,3352,149,2,145.0,0.15
10212,3352,89,4,113.83,0.15
10213,3352,76,2,128.85,0.15
10214,3352,61,1,220.26,0.15
10215,3352,148,4,150.06,0.2
10216,3353,99,1,42.3,0.25
10217,3353,123,1,125.18,0.2
10218,3353,111,3,193.45,0.25
10219,3353,175,3,93.29,0.2
10220,3353,45,1,144.46,0.2
10221,3354,137,4,56.4,0.15000000000000002
10222,3354,90,1,271.4,0.1
10223,3354,88,1,185.27,0.15000000000000002
10224,3354,45,4,162.51,0.1
10225,3354,143,3,133.15,0.1
10226,3355,40,3,138.6,0.2
10227,3356,167,1,220.47,0.1
10228,3356,120,2,312.12,0.1
10229,3356,65,4,409.95,0.1
10230,3356,46,2,50.81,0.1
10231,3356,131,1,106.23,0.1
10232,3357,4,3,152.52,0.25
10233,3357,15,2,201.06,0.2
10234,3358,92,1,89.63,0.3
10235,3358,20,4,105.71,0.25
10236,3358,75,4,177.16,0.25
10237,3358,162,4,64.06,0.35
10238,3358,102,1,196.96,0.35
10239,3359,145,3,282.25,0.2
10240,3359,54,4,135.09,0.2
10241,3360,138,3,153.37,0.15
10242,3361,170,1,11.72,0.25
10243,3361,34,3,333.1,0.2
10244,3361,60,4,173.02,0.2
10245,3361,116,4,338.27,0.15
10246,3362,107,1,150.13,0.1
10247,3362,3,1,240.21,0.0
10248,3362,14,4,129.49,0.0
10249,3362,49,3,224.18,0.0
10250,3362,84,2,303.53,0.0
10251,3363,95,2,379.49,0.1
10252,3363,153,2,51.8,0.1
10253,3363,50,3,21.79,0.1
10254,3363,30,4,146.06,0.1
10255,3363,17,4,79.76,0.15000000000000002
10256,3364,112,1,218.1,0.15000000000000002
10257,3364,166,2,216.68,0.1
10258,3364,73,2,166.42,0.1
10259,3364,67,2,314.94,0.1
10260,3365,119,3,147.43,0.0
10261,3365,159,1,320.99,0.05
10262,3365,9,4,192.95,0.0
10263,3366,115,4,389.19,0.1
10264,3366,57,3,289.09,0.1
10265,3366,3,2,204.18,0.15000000000000002
10266,3366,171,2,118.68,0.2
10267,3366,169,2,91.92,0.1
10268,3367,158,2,105.45,0.1
10269,3367,52,4,71.19,0.1
10270,3367,138,1,180.43,0.0
10271,3367,75,4,236.22,0.0
10272,3367,147,1,200.34,0.05
10273,3368,69,4,46.53,0.15
10274,3368,30,1,129.83,0.2
10275,3368,166,3,180.56,0.25
10276,3368,19,4,223.86,0.15
10277,3369,171,4,133.51,0.1
10278,3370,48,4,144.06,0.25
10279,3371,167,1,220.47,0.1
10280,3371,91,2,362.65,0.1
10281,3371,144,1,120.47,0.1
10282,3371,100,1,271.19,0.1
10283,3371,121,2,388.21,0.1
10284,3372,147,4,189.79,0.1
10285,3372,34,4,416.37,0.0
10286,3372,20,1,140.95,0.0
10287,3373,139,2,302.46,0.25
10288,3373,101,1,292.97,0.25
10289,3373,113,2,196.99,0.15
10290,3373,92,2,96.03,0.25
10291,3373,147,2,179.25,0.15
10292,3374,4,3,203.36,0.0
10293,3375,20,4,91.62,0.35
10294,3375,134,1,102.29,0.25
10295,3375,161,3,165.59,0.35
10296,3376,20,2,126.85,0.1
10297,3377,7,3,200.86,0.2
10298,3378,62,1,322.97,0.1
10299,3379,93,1,184.07,0.25
10300,3380,15,3,213.63,0.15
10301,3380,130,4,112.99,0.25
10302,3380,156,4,121.03,0.2
10303,3380,6,2,47.48,0.15
10304,3380,133,1,213.32,0.25
10305,3381,87,1,100.78,0.0
10306,3381,32,3,132.81,0.0
10307,3381,78,3,344.32,0.0
10308,3381,37,1,223.95,0.0
10309,3381,139,1,362.95,0.1
10310,3382,141,2,110.94,0.1
10311,3383,97,1,168.67,0.3
10312,3383,178,4,37.74,0.25
10313,3383,112,3,179.61,0.3
10314,3383,174,1,242.79,0.3
10315,3384,31,1,49.35,0.25
10316,3384,93,4,184.07,0.25
10317,3384,1,1,191.75,0.25
10318,3384,78,4,241.02,0.3
10319,3385,31,2,49.35,0.25
10320,3385,42,1,141.11,0.35
10321,3385,59,3,193.7,0.3
10322,3385,43,3,225.83,0.3
10323,3385,1,2,178.96,0.3
10324,3386,149,2,136.47,0.2
10325,3386,67,4,314.94,0.1
10326,3386,142,3,333.06,0.1
10327,3387,90,4,226.16,0.25
10328,3387,8,1,63.65,0.25
10329,3387,9,3,164.01,0.15
10330,3387,28,4,346.77,0.15
10331,3387,16,2,112.58,0.15
10332,3388,26,4,278.24,0.2
10333,3388,134,2,109.11,0.2
10334,3388,63,3,224.96,0.2
10335,3389,30,3,129.83,0.2
10336,3389,65,4,341.62,0.25
10337,3389,116,2,298.48,0.25
10338,3390,122,1,228.48,0.2
10339,3390,51,2,252.28,0.15
10340,3390,109,1,98.5,0.25
10341,3391,151,4,211.71,0.1
10342,3391,62,3,287.08,0.2
10343,3392,79,4,53.58,0.25
10344,3392,98,2,121.48,0.25
10345,3392,14,1,97.12,0.25
10346,3392,34,2,291.46,0.3
10347,3392,102,2,227.26,0.25
10348,3393,112,3,218.1,0.15000000000000002
10349,3393,151,2,223.47,0.05
10350,3393,166,2,228.71,0.05
10351,3393,83,1,346.44,0.1
10352,3394,22,2,72.2,0.25
10353,3394,36,2,42.03,0.35
10354,3394,143,1,103.56,0.3
10355,3395,114,4,25.66,0.25
10356,3396,62,3,287.08,0.2
10357,3397,113,1,231.75,0.0
10358,3397,37,3,223.95,0.0
10359,3398,95,4,337.33,0.2
10360,3398,173,4,386.21,0.15
10361,3398,25,4,19.81,0.15
10362,3399,155,1,202.85,0.25
10363,3400,126,4,45.4,0.2
10364,3400,15,4,226.2,0.1
10365,3400,1,2,230.09,0.1
10366,3400,5,4,324.52,0.15000000000000002
10367,3401,85,3,90.8,0.1
10368,3401,103,2,131.28,0.1
10369,3402,47,4,73.42,0.15000000000000002
10370,3402,132,2,159.67,0.15000000000000002
10371,3403,177,1,229.96,0.15
10372,3403,86,4,284.1,0.15
10373,3403,44,1,238.16,0.15
10374,3403,172,2,126.8,0.15
10375,3403,26,1,295.63,0.15
10376,3404,170,4,14.07,0.1
10377,3405,110,2,96.48,0.1
10378,3406,136,3,189.1,0.30000000000000004
10379,3407,166,1,204.64,0.15000000000000002
10380,3407,151,3,188.18,0.2
10381,3407,113,3,208.58,0.1
10382,3407,117,1,54.31,0.2
10383,3407,149,1,153.53,0.1
10384,3408,134,1,122.75,0.1
10385,3408,13,1,59.74,0.0
10386,3408,104,1,268.06,0.05
10387,3409,28,3,305.98,0.25
10388,3410,133,1,241.77,0.15
10389,3410,153,3,48.92,0.15
10390,3410,57,3,256.97,0.2
10391,3410,19,1,223.86,0.15
10392,3410,152,2,59.75,0.15
10393,3411,40,4,155.93,0.1
10394,3411,69,4,46.53,0.15000000000000002
10395,3412,136,3,216.11,0.2
10396,3412,72,4,79.53,0.30000000000000004
10397,3412,118,1,237.18,0.30000000000000004
10398,3412,22,1,77.01,0.2
10399,3412,150,3,242.95,0.2
10400,3413,59,2,249.05,0.1
10401,3413,134,1,115.93,0.15000000000000002
10402,3413,53,2,127.02,0.1
10403,3414,178,3,42.77,0.15
10404,3414,67,4,279.94,0.2
10405,3414,52,4,63.28,0.2
10406,3414,35,1,45.98,0.15
10407,3415,129,4,138.47,0.25
10408,3415,55,4,247.88,0.15
10409,3415,1,3,204.53,0.2
10410,3415,109,2,111.64,0.15
10411,3415,17,2,70.38,0.25
10412,3416,159,2,253.41,0.25
10413,3416,3,4,180.16,0.25
10414,3417,115,2,389.19,0.1
10415,3418,90,4,271.4,0.1
10416,3418,28,3,367.17,0.1
10417,3418,7,4,200.86,0.2
10418,3418,152,3,63.27,0.1
10419,3418,73,3,157.17,0.15000000000000002
10420,3419,49,1,190.55,0.15
10421,3419,143,2,125.75,0.15
10422,3419,152,3,56.24,0.2
10423,3419,176,1,16.82,0.25
10424,3419,34,2,312.28,0.25
10425,3420,138,2,153.37,0.15
10426,3420,143,4,125.75,0.15
10427,3420,133,2,241.77,0.15
10428,3420,6,4,44.69,0.2
10429,3420,161,1,216.55,0.15
10430,3421,14,3,110.07,0.15
10431,3422,140,1,237.0,0.15000000000000002
10432,3423,26,1,278.24,0.2
10433,3423,107,2,125.11,0.25
10434,3423,57,2,256.97,0.2
10435,3424,17,4,65.69,0.30000000000000004
10436,3425,71,4,287.23,0.15000000000000002
10437,3425,136,2,256.63,0.05
10438,3425,92,1,115.24,0.1
10439,3425,26,2,295.63,0.15000000000000002
10440,3426,20,4,126.85,0.1
10441,3427,161,1,216.55,0.15000000000000002
10442,3428,176,1,15.69,0.30000000000000004
10443,3428,54,2,126.65,0.25
10444,3428,148,4,140.69,0.25
10445,3428,68,4,146.12,0.2
10446,3428,38,1,210.32,0.2
10447,3429,76,2,113.69,0.25
10448,3429,150,4,227.77,0.25
10449,3429,89,4,100.44,0.25
10450,3430,64,3,187.89,0.2
10451,3431,117,2,44.13,0.35
10452,3431,151,3,176.42,0.25
10453,3431,136,1,202.6,0.25
10454,3431,114,3,25.66,0.25
10455,3431,62,4,269.14,0.25
10456,3432,95,3,379.49,0.1
10457,3432,110,1,107.2,0.0
10458,3432,12,2,243.95,0.0
10459,3432,43,4,290.35,0.1
10460,3432,117,3,64.5,0.05
10461,3433,15,2,238.76,0.05
10462,3433,43,3,306.48,0.05
10463,3433,31,2,62.51,0.05
10464,3433,56,3,191.84,0.1
10465,3433,45,4,180.57,0.0
10466,3434,81,3,256.28,0.25
10467,3434,16,4,99.34,0.25
10468,3434,170,2,11.72,0.25
10469,3434,129,4,120.01,0.35
10470,3435,147,4,168.7,0.2
10471,3435,35,1,48.69,0.1
10472,3435,73,1,166.42,0.1
10473,3436,61,3,207.3,0.2
10474,3436,96,1,284.62,0.2
10475,3436,64,3,176.15,0.25
10476,3437,165,4,157.43,0.2
10477,3437,80,2,45.51,0.15
10478,3437,144,4,113.78,0.15
10479,3437,147,2,179.25,0.15
10480,3437,158,3,99.59,0.15
10481,3438,37,1,179.16,0.2
10482,3438,150,4,227.77,0.25
10483,3439,98,3,121.48,0.25
10484,3439,35,2,45.98,0.15
10485,3440,122,1,242.76,0.15
10486,3440,25,2,17.48,0.25
10487,3440,138,3,144.34,0.2
10488,3440,21,2,23.21,0.15
10489,3441,51,2,192.92,0.35
10490,3441,139,2,302.46,0.25
10491,3441,8,4,63.65,0.25
10492,3442,153,2,43.16,0.25
10493,3442,127,3,98.03,0.25
10494,3442,163,2,274.19,0.25
10495,3442,37,1,156.76,0.3
10496,3443,130,4,128.05,0.15
10497,3443,65,3,387.18,0.15
10498,3443,29,3,229.66,0.2
10499,3443,101,2,292.97,0.25
10500,3444,136,2,202.6,0.25
10501,3444,40,1,121.27,0.30000000000000004
10502,3445,76,4,136.43,0.1
10503,3445,48,1,172.87,0.1
10504,3445,97,1,216.86,0.1
10505,3446,25,3,19.81,0.15
10506,3446,137,3,56.4,0.15
10507,3446,109,2,111.64,0.15
10508,3446,25,4,18.65,0.2
10509,3446,154,3,19.59,0.25
10510,3447,159,4,253.41,0.25
10511,3447,16,2,112.58,0.15
10512,3447,36,4,48.49,0.25
10513,3447,179,1,95.67,0.15
10514,3448,51,1,252.28,0.15
10515,3448,150,4,242.95,0.2
10516,3449,72,3,96.57,0.15
10517,3449,132,3,140.89,0.25
10518,3449,77,2,420.05,0.15
10519,3449,169,1,81.7,0.2
10520,3450,146,1,89.28,0.35
10521,3450,48,2,124.85,0.35
10522,3451,38,3,236.61,0.1
10523,3451,156,1,121.03,0.2
10524,3451,107,4,141.79,0.15000000000000002
10525,3451,1,2,230.09,0.1
10526,3451,76,2,136.43,0.1
10527,3452,104,3,197.52,0.30000000000000004
10528,3453,105,2,195.84,0.0
10529,3453,108,2,260.05,0.1
10530,3453,147,3,189.79,0.1
10531,3454,16,3,119.2,0.1
10532,3454,167,3,220.47,0.1
10533,3455,170,1,13.29,0.15
10534,3456,104,4,253.95,0.1
10535,3456,153,4,54.67,0.05
10536,3456,133,1,255.99,0.1
10537,3456,88,2,217.96,0.0
10538,3456,155,2,270.47,0.0
10539,3457,114,2,22.24,0.35
10540,3458,89,1,107.14,0.2
10541,3458,40,2,129.94,0.25
10542,3458,144,1,113.78,0.15
10543,3458,149,4,127.94,0.25
10544,3458,163,3,310.74,0.15
10545,3459,176,4,19.06,0.15
10546,3459,86,4,267.39,0.2
10547,3459,115,1,367.57,0.15
10548,3459,139,2,342.79,0.15
10549,3459,19,1,197.52,0.25
10550,3460,93,4,196.34,0.2
10551,3460,7,3,200.86,0.2
10552,3460,77,4,345.93,0.30000000000000004
10553,3460,86,2,267.39,0.2
10554,3461,59,2,235.21,0.15
10555,3461,5,1,324.52,0.15
10556,3461,94,1,100.41,0.2
10557,3462,158,1,99.59,0.15
10558,3462,5,2,324.52,0.15
10559,3462,138,4,153.37,0.15
10560,3462,36,1,48.49,0.25
10561,3463,145,1,246.97,0.3
10562,3463,97,3,168.67,0.3
10563,3464,115,4,345.94,0.2
10564,3465,157,3,199.88,0.25
10565,3465,68,4,155.25,0.15
10566,3465,68,1,155.25,0.15
10567,3465,41,1,172.43,0.15
10568,3466,85,4,90.8,0.1
10569,3466,34,4,374.73,0.1
10570,3466,74,3,287.91,0.1
10571,3466,60,2,183.84,0.15000000000000002
10572,3466,134,1,122.75,0.1
10573,3467,139,1,262.13,0.35
10574,3467,78,3,241.02,0.3
10575,3468,137,4,56.4,0.15
10576,3468,162,3,83.78,0.15
10577,3468,1,3,204.53,0.2
10578,3469,162,4,68.99,0.3
10579,3469,21,3,20.48,0.25
10580,3470,139,1,262.13,0.35
10581,3470,81,4,256.28,0.25
10582,3470,87,3,70.55,0.3
10583,3471,1,3,191.75,0.25
10584,3471,35,4,35.16,0.35
10585,3471,26,3,260.85,0.25
10586,3471,75,3,153.54,0.35
10587,3471,17,1,61.0,0.35
10588,3472,129,4,138.47,0.25
10589,3472,9,4,164.01,0.15
10590,3472,14,1,110.07,0.15
10591,3473,45,2,180.57,0.0
10592,3473,119,4,147.43,0.0
10593,3473,61,2,259.13,0.0
10594,3473,15,2,251.33,0.0
10595,3474,133,2,227.54,0.2
10596,3474,159,1,270.3,0.2
10597,3474,45,3,144.46,0.2
10598,3474,76,1,121.27,0.2
10599,3475,96,3,266.83,0.25
10600,3475,68,2,127.85,0.3
10601,3475,113,3,173.81,0.25
10602,3475,114,2,23.95,0.3
10603,3476,60,2,173.02,0.2
10604,3476,155,4,216.38,0.2
10605,3476,142,3,314.56,0.15
10606,3476,13,3,50.78,0.15
10607,3477,3,1,180.16,0.25
10608,3477,146,4,96.15,0.3
10609,3477,98,4,121.48,0.25
10610,3477,66,3,89.54,0.25
10611,3477,133,4,213.32,0.25
10612,3478,112,3,218.1,0.15
10613,3478,145,3,264.61,0.25
10614,3478,74,3,271.91,0.15
10615,3478,176,4,17.94,0.2
10616,3479,167,4,195.98,0.2
10617,3479,31,1,59.22,0.1
10618,3479,12,1,207.36,0.15000000000000002
10619,3479,174,2,277.47,0.2
10620,3479,118,3,271.06,0.2
10621,3480,21,2,20.48,0.25
10622,3480,114,3,25.66,0.25
10623,3481,140,1,209.12,0.25
10624,3481,60,2,140.58,0.35
10625,3481,140,2,209.12,0.25
10626,3481,97,4,168.67,0.3
10627,3481,57,4,240.91,0.25
10628,3482,137,1,59.71,0.1
10629,3483,138,3,135.32,0.25
10630,3484,34,2,416.37,0.0
10631,3484,177,3,257.01,0.05
10632,3484,66,2,107.45,0.1
10633,3484,20,3,140.95,0.0
10634,3484,53,1,127.02,0.1
10635,3485,157,2,253.18,0.05
10636,3485,79,3,64.3,0.1
10637,3485,2,3,117.82,0.05
10638,3485,69,1,52.0,0.05
10639,3486,41,1,192.72,0.05
10640,3486,28,2,367.17,0.1
10641,3486,27,2,109.88,0.0
10642,3487,27,4,87.9,0.2
10643,3487,11,1,190.66,0.2
10644,3488,81,1,222.11,0.35
10645,3488,11,4,178.74,0.25
10646,3488,122,3,185.64,0.35
10647,3489,8,1,63.65,0.25
10648,3489,112,2,192.44,0.25
10649,3489,21,3,17.75,0.35
10650,3490,98,4,145.78,0.1
10651,3490,91,4,402.94,0.0
10652,3490,35,1,54.1,0.0
10653,3491,26,1,295.63,0.15
10654,3491,124,2,34.55,0.25
10655,3491,178,4,37.74,0.25
10656,3492,28,4,305.98,0.25
10657,3492,27,3,82.41,0.25
10658,3493,139,1,282.3,0.3
10659,3494,4,2,172.86,0.15
10660,3494,81,4,290.45,0.15
10661,3494,176,4,19.06,0.15
10662,3494,40,2,147.26,0.15
10663,3494,149,4,145.0,0.15
10664,3495,146,1,137.36,0.0
10665,3495,99,3,50.76,0.1
10666,3495,57,4,321.21,0.0
10667,3496,27,2,87.9,0.2
10668,3497,97,4,192.77,0.2
10669,3498,21,2,23.21,0.15000000000000002
10670,3498,64,1,223.12,0.05
10671,3499,97,4,156.62,0.35
10672,3499,55,2,218.72,0.25
10673,3499,64,3,164.4,0.3
10674,3500,32,4,106.25,0.2
10675,3500,16,4,99.34,0.25
10676,3500,85,1,85.76,0.15
10677,3500,176,1,19.06,0.15
10678,3500,119,4,125.32,0.15
10679,3501,73,2,166.42,0.1
10680,3501,63,3,281.2,0.0
10681,3501,70,2,353.87,0.0
10682,3501,14,3,129.49,0.0
10683,3501,149,1,170.59,0.0
10684,3502,153,3,51.8,0.1
10685,3502,179,2,95.67,0.15000000000000002
10686,3502,162,3,88.7,0.1
10687,3503,171,3,140.93,0.05
10688,3503,55,1,291.62,0.0
10689,3503,37,1,201.56,0.1
10690,3503,15,3,251.33,0.0
10691,3503,118,4,321.89,0.05
10692,3504,136,1,202.6,0.25
10693,3505,111,1,193.45,0.25
10694,3505,48,2,124.85,0.35
10695,3505,175,3,81.63,0.3
10696,3506,136,1,202.6,0.25
10697,3507,101,4,332.03,0.15
10698,3507,38,2,223.46,0.15
10699,3507,38,3,223.46,0.15
10700,3507,50,2,20.58,0.15
10701,3507,59,4,235.21,0.15
10702,3508,128,4,172.51,0.25
10703,3508,90,3,226.16,0.25
10704,3508,24,4,314.53,0.25
10705,3508,56,1,138.55,0.35
10706,3509,41,2,131.86,0.35
10707,3509,165,1,147.59,0.25
10708,3509,135,3,275.18,0.3
10709,3510,152,4,45.7,0.35
10710,3510,63,4,196.84,0.3
10711,3510,91,3,302.2,0.25
10712,3511,115,4,324.32,0.25
10713,3511,32,1,86.33,0.35
10714,3511,16,3,99.34,0.25
10715,3512,89,3,107.14,0.2
10716,3512,94,3,100.41,0.2
10717,3512,97,4,192.77,0.2
10718,3512,34,4,333.1,0.2
10719,3512,92,4,89.63,0.30000000000000004
10720,3513,101,1,332.03,0.15
10721,3513,116,2,338.27,0.15
10722,3513,42,2,173.67,0.2
10723,3513,176,1,19.06,0.15
10724,3513,73,4,157.17,0.15
10725,3514,16,3,99.34,0.25
10726,3514,92,3,96.03,0.25
10727,3515,84,3,273.18,0.1
10728,3515,78,3,309.89,0.1
10729,3515,178,4,45.29,0.1
10730,3515,40,3,147.26,0.15000000000000002
10731,3515,25,2,18.65,0.2
10732,3516,111,2,232.14,0.1
10733,3516,170,3,14.07,0.1
10734,3516,25,1,20.98,0.1
10735,3517,128,4,172.51,0.25
10736,3517,107,2,133.45,0.2
10737,3517,90,4,241.24,0.2
10738,3517,78,3,275.46,0.2
10739,3518,148,3,178.2,0.05
10740,3518,54,4,143.53,0.15000000000000002
10741,3518,54,4,160.42,0.05
10742,3519,16,2,105.96,0.2
10743,3519,2,2,99.22,0.2
10744,3519,175,4,87.46,0.25
10745,3519,20,4,112.76,0.2
10746,3520,76,2,113.69,0.25
10747,3520,108,1,216.7,0.25
10748,3521,71,2,236.54,0.30000000000000004
10749,3521,1,4,191.75,0.25
10750,3521,81,2,256.28,0.25
10751,3522,113,4,208.58,0.1
10752,3523,120,3,260.1,0.25
10753,3523,58,2,235.97,0.25
10754,3523,69,4,41.05,0.25
10755,3523,71,4,253.44,0.25
10756,3523,124,2,34.55,0.25
10757,3524,14,1,116.54,0.1
10758,3524,150,3,258.14,0.15000000000000002
10759,3524,13,2,53.77,0.1
10760,3524,178,4,42.77,0.15000000000000002
10761,3524,22,4,86.63,0.1
10762,3525,14,2,129.49,0.0
10763,3525,176,3,21.3,0.05
10764,3525,119,4,140.06,0.05
10765,3525,178,2,50.32,0.0
10766,3526,162,1,83.78,0.15000000000000002
10767,3526,61,3,233.22,0.1
10768,3527,153,2,57.55,0.0
10769,3528,40,3,138.6,0.2
10770,3529,159,4,320.99,0.05
10771,3529,149,3,162.06,0.05
10772,3529,111,1,245.03,0.05
10773,3529,32,4,119.53,0.1
10774,3529,25,1,19.81,0.15000000000000002
10775,3530,82,1,81.16,0.3
10776,3531,123,2,101.71,0.35
10777,3531,135,1,275.18,0.3
10778,3531,177,4,202.91,0.25
10779,3532,55,1,233.3,0.2
10780,3533,154,2,20.9,0.2
10781,3533,68,4,146.12,0.2
10782,3534,12,1,219.56,0.1
10783,3534,146,2,109.89,0.2
10784,3535,80,1,40.16,0.25
10785,3535,98,2,121.48,0.25
10786,3536,8,1,59.41,0.3
10787,3536,166,1,180.56,0.25
10788,3536,29,2,186.6,0.35
10789,3536,50,4,18.16,0.25
10790,3536,84,3,227.65,0.25
10791,3537,30,1,137.95,0.15
10792,3537,137,4,56.4,0.15
10793,3537,140,3,209.12,0.25
10794,3538,95,4,316.25,0.25
10795,3538,129,2,120.01,0.35
10796,3538,17,1,70.38,0.25
10797,3538,113,2,173.81,0.25
10798,3538,158,2,76.16,0.35
10799,3539,123,4,117.36,0.25
10800,3539,2,3,93.02,0.25
10801,3539,10,2,364.45,0.25
10802,3539,121,4,323.5,0.25
10803,3539,143,1,96.16,0.35
10804,3540,99,1,50.76,0.1
10805,3540,110,4,96.48,0.1
10806,3540,158,3,105.45,0.1
10807,3540,178,1,45.29,0.1
10808,3541,35,2,40.58,0.25
10809,3541,47,3,64.78,0.25
10810,3541,161,2,191.07,0.25
10811,3541,127,1,91.5,0.3
10812,3542,30,1,146.06,0.1
10813,3542,17,1,84.46,0.1
10814,3542,144,1,120.47,0.1
10815,3542,55,3,262.46,0.1
10816,3542,83,2,346.44,0.1
10817,3543,21,1,25.94,0.05
10818,3543,33,3,204.68,0.05
10819,3543,174,2,312.16,0.1
10820,3543,94,4,119.23,0.05
10821,3544,99,1,45.12,0.2
10822,3544,14,4,110.07,0.15
10823,3544,135,3,334.15,0.15
10824,3544,97,1,204.82,0.15
10825,3545,76,1,121.27,0.2
10826,3545,133,1,227.54,0.2
10827,3545,174,2,277.47,0.2
10828,3546,103,4,109.4,0.25
10829,3546,7,2,188.3,0.25
10830,3547,117,1,61.1,0.1
10831,3548,76,1,121.27,0.2
10832,3548,68,1,146.12,0.2
10833,3548,72,1,102.25,0.1
10834,3548,65,3,409.95,0.1
10835,3548,129,4,166.17,0.1
10836,3549,101,1,292.97,0.25
10837,3549,131,2,94.42,0.2
10838,3549,151,3,188.18,0.2
10839,3549,51,1,222.6,0.25
10840,3549,108,2,216.7,0.25
10841,3550,23,1,281.61,0.25
10842,3550,51,3,252.28,0.15
10843,3550,115,3,367.57,0.15
10844,3550,173,4,340.78,0.25
10845,3550,92,3,102.43,0.2
10846,3551,56,4,213.15,0.0
10847,3551,69,3,54.74,0.0
10848,3552,1,4,191.75,0.25
10849,3552,129,1,129.24,0.3
10850,3553,47,3,64.78,0.25
10851,3553,7,1,188.3,0.25
10852,3553,129,1,138.47,0.25
10853,3554,91,4,362.65,0.1
10854,3554,57,1,289.09,0.1
10855,3554,73,3,166.42,0.1
10856,3554,125,2,37.37,0.15000000000000002
10857,3554,55,3,233.3,0.2
10858,3555,75,4,177.16,0.25
10859,3555,79,3,60.72,0.15
10860,3555,156,2,128.6,0.15
10861,3555,6,3,47.48,0.15
10862,3556,76,2,136.43,0.1
10863,3556,40,2,164.59,0.05
10864,3557,28,4,367.17,0.1
10865,3557,90,2,256.32,0.15000000000000002
10866,3557,24,1,335.5,0.2
10867,3557,72,4,102.25,0.1
10868,3557,24,2,377.43,0.1
10869,3558,105,1,166.46,0.15000000000000002
10870,3558,24,2,398.4,0.05
10871,3558,30,3,146.06,0.1
10872,3559,121,4,366.64,0.15
10873,3560,41,4,182.57,0.1
10874,3560,33,4,193.91,0.1
10875,3560,141,2,104.78,0.15000000000000002
10876,3560,151,1,211.71,0.1
10877,3561,25,2,19.81,0.15
10878,3561,105,1,166.46,0.15
10879,3561,132,3,159.67,0.15
10880,3562,161,1,216.55,0.15000000000000002
10881,3562,52,3,71.19,0.1
10882,3562,4,2,162.69,0.2
10883,3563,112,3,218.1,0.15
10884,3564,70,3,283.1,0.2
10885,3564,103,4,116.7,0.2
10886,3564,85,3,70.62,0.30000000000000004
10887,3564,16,3,105.96,0.2
10888,3564,79,2,50.01,0.30000000000000004
10889,3565,50,2,21.79,0.1
10890,3565,149,1,170.59,0.0
10891,3565,168,2,309.41,0.0
10892,3565,8,1,84.87,0.0
10893,3565,152,3,63.27,0.1
10894,3566,111,2,257.93,0.0
10895,3566,167,3,220.47,0.1
10896,3567,47,1,60.47,0.3
10897,3567,91,4,261.91,0.35
10898,3567,83,2,269.45,0.3
10899,3567,105,3,137.09,0.3
10900,3567,156,3,98.34,0.35
10901,3568,168,3,232.06,0.25
10902,3569,134,1,136.39,0.0
10903,3569,144,3,133.86,0.0
10904,3570,16,4,99.34,0.25
10905,3570,106,1,210.73,0.2
10906,3570,160,2,188.48,0.2
10907,3571,32,4,92.97,0.3
10908,3572,157,4,226.53,0.15
10909,3572,134,4,115.93,0.15
10910,3572,63,3,239.02,0.15
10911,3572,129,2,147.7,0.2
10912,3573,20,2,119.81,0.15
10913,3573,64,2,176.15,0.25
10914,3574,76,3,128.85,0.15
10915,3575,128,3,149.51,0.35
10916,3575,44,2,210.14,0.25
10917,3575,117,3,47.52,0.3
10918,3575,47,4,64.78,0.25
10919,3576,23,1,244.06,0.35
10920,3576,146,2,103.02,0.25
10921,3576,72,2,73.85,0.35
10922,3577,30,2,137.95,0.15
10923,3578,147,2,200.34,0.05
10924,3578,94,3,112.96,0.1
10925,3579,141,2,92.45,0.25
10926,3579,72,2,90.89,0.2
10927,3580,8,3,76.38,0.1
10928,3581,36,4,58.19,0.1
10929,3582,38,4,249.75,0.05
10930,3583,151,3,188.18,0.2
10931,3583,143,2,118.35,0.2
10932,3583,71,3,253.44,0.25
10933,3584,54,2,151.97,0.1
10934,3585,177,2,216.43,0.2
10935,3585,104,4,225.74,0.2
10936,3585,26,4,278.24,0.2
10937,3585,133,1,199.1,0.30000000000000004
10938,3586,119,2,132.69,0.1
10939,3586,107,2,150.13,0.1
10940,3587,95,4,400.58,0.05
10941,3587,142,3,370.07,0.0
10942,3588,143,4,103.56,0.3
10943,3588,141,4,92.45,0.25
10944,3588,29,2,215.3,0.25
10945,3588,49,1,145.72,0.35
10946,3588,72,3,79.53,0.3
10947,3589,165,4,177.11,0.1
10948,3589,44,4,224.15,0.2
10949,3589,53,3,127.02,0.1
10950,3589,147,1,168.7,0.2
10951,3589,12,1,219.56,0.1
10952,3590,55,1,218.72,0.25
10953,3590,65,4,387.18,0.15
10954,3590,99,2,47.94,0.15
10955,3590,146,2,103.02,0.25
10956,3590,42,2,184.53,0.15
10957,3591,146,1,116.76,0.15
10958,3591,23,4,300.38,0.2
10959,3591,108,4,231.15,0.2
10960,3592,116,3,358.17,0.1
10961,3592,156,4,136.16,0.1
10962,3593,147,1,158.16,0.25
10963,3593,73,1,138.68,0.25
10964,3593,14,4,97.12,0.25
10965,3593,40,4,129.94,0.25
10966,3593,84,1,227.65,0.25
10967,3594,7,3,238.52,0.05
10968,3595,166,4,204.64,0.15000000000000002
10969,3595,19,3,237.02,0.1
10970,3595,64,3,211.37,0.1
10971,3596,108,1,260.05,0.1
10972,3597,112,3,243.76,0.05
10973,3597,85,3,95.85,0.05
10974,3597,20,2,126.85,0.1
10975,3597,127,1,124.17,0.05
10976,3597,72,3,107.93,0.05
10977,3598,128,2,184.01,0.2
10978,3598,107,1,125.11,0.25
10979,3598,87,3,80.62,0.2
10980,3599,35,2,37.87,0.30000000000000004
10981,3600,55,3,233.3,0.2
10982,3600,69,1,43.79,0.2
10983,3601,47,1,56.15,0.35
10984,3601,32,4,99.61,0.25
10985,3601,3,1,180.16,0.25
10986,3601,25,2,17.48,0.25
10987,3601,114,1,25.66,0.25
10988,3602,154,3,22.2,0.15
10989,3602,8,4,67.9,0.2
10990,3602,49,4,190.55,0.15
10991,3602,100,3,256.12,0.15
10992,3602,149,4,145.0,0.15
10993,3603,114,4,27.38,0.2
10994,3603,148,3,140.69,0.25
10995,3603,128,4,195.51,0.15
10996,3603,28,2,346.77,0.15
10997,3604,107,1,166.81,0.0
10998,3605,86,4,233.97,0.30000000000000004
10999,3605,164,3,155.53,0.25
11000,3605,173,2,340.78,0.25
11001,3605,44,4,196.13,0.30000000000000004
11002,3606,4,3,172.86,0.15
11003,3606,84,4,227.65,0.25
11004,3606,173,4,386.21,0.15
11005,3606,44,1,210.14,0.25
11006,3607,87,2,85.66,0.15
11007,3607,174,2,294.81,0.15
11008,3608,178,4,40.26,0.2
11009,3608,27,2,87.9,0.2
11010,3608,76,1,121.27,0.2
11011,3608,39,3,183.16,0.2
11012,3608,30,4,113.6,0.30000000000000004
11013,3609,157,4,239.86,0.1
11014,3609,118,2,271.06,0.2
11015,3609,101,3,351.56,0.1
11016,3609,22,2,81.82,0.15000000000000002
11017,3610,138,1,135.32,0.25
11018,3610,147,4,158.16,0.25
11019,3610,104,3,211.63,0.25
11020,3610,176,2,16.82,0.25
11021,3610,80,3,37.48,0.3
11022,3611,153,2,51.8,0.1
11023,3611,167,3,220.47,0.1
11024,3611,35,2,48.69,0.1
11025,3611,96,4,337.99,0.05
11026,3612,56,4,170.52,0.2
11027,3612,86,2,267.39,0.2
11028,3612,14,3,116.54,0.1
11029,3612,81,2,307.54,0.1
11030,3613,61,1,207.3,0.2
11031,3614,102,4,227.26,0.25
11032,3615,63,1,182.78,0.35
11033,3615,153,1,40.28,0.3
11034,3615,156,1,113.47,0.25
11035,3616,159,4,337.88,0.0
11036,3616,59,2,276.72,0.0
11037,3616,17,3,93.84,0.0
11038,3616,9,3,192.95,0.0
11039,3616,147,3,210.88,0.0
11040,3617,127,1,111.1,0.15
11041,3617,179,3,95.67,0.15
11042,3617,120,1,294.78,0.15
11043,3617,66,1,95.51,0.2
11044,3618,146,1,96.15,0.3
11045,3619,55,4,291.62,0.0
11046,3619,85,3,95.85,0.05
11047,3619,21,2,27.31,0.0
11048,3619,155,3,270.47,0.0
11049,3619,49,1,224.18,0.0
11050,3620,29,1,215.3,0.25
11051,3620,134,4,102.29,0.25
11052,3620,131,4,76.72,0.35
11053,3620,170,4,11.72,0.25
11054,3621,1,2,230.09,0.1
11055,3621,179,1,90.04,0.2
11056,3622,106,4,263.41,0.0
11057,3623,77,3,321.22,0.35
11058,3623,58,1,235.97,0.25
11059,3623,141,4,92.45,0.25
11060,3623,177,2,202.91,0.25
11061,3624,11,2,190.66,0.2
11062,3625,96,2,284.62,0.2
11063,3625,140,1,223.06,0.2
11064,3626,93,4,171.8,0.30000000000000004
11065,3626,169,1,76.6,0.25
11066,3626,151,4,188.18,0.2
11067,3626,76,4,106.11,0.30000000000000004
11068,3627,163,3,274.19,0.25
11069,3627,160,1,176.7,0.25
11070,3627,60,4,162.21,0.25
11071,3627,78,1,258.24,0.25
11072,3627,39,2,171.71,0.25
11073,3628,53,4,134.07,0.05
11074,3628,113,4,220.16,0.05
11075,3628,100,4,256.12,0.15000000000000002
11076,3628,102,4,272.71,0.1
11077,3628,52,2,67.23,0.15000000000000002
11078,3629,77,1,444.76,0.1
11079,3629,152,4,63.27,0.1
11080,3629,82,3,92.75,0.2
11081,3629,149,2,136.47,0.2
11082,3630,84,4,258.0,0.15
11083,3631,95,3,358.41,0.15000000000000002
11084,3632,129,1,129.24,0.3
11085,3632,33,1,150.81,0.3
11086,3632,43,3,241.96,0.25
11087,3633,4,4,162.69,0.2
11088,3633,2,3,99.22,0.2
11089,3633,2,4,99.22,0.2
11090,3633,28,1,326.38,0.2
11091,3633,92,3,89.63,0.30000000000000004
11092,3634,70,3,283.1,0.2
11093,3634,122,4,214.2,0.25
11094,3634,34,2,333.1,0.2
11095,3635,14,1,84.17,0.35
11096,3635,26,4,243.46,0.3
11097,3636,145,1,335.17,0.05
11098,3637,90,1,241.24,0.2
11099,3637,84,2,212.47,0.30000000000000004
11100,3637,84,1,227.65,0.25
11101,3637,125,3,35.18,0.2
11102,3638,104,2,253.95,0.1
11103,3638,132,4,169.06,0.1
11104,3638,112,4,230.93,0.1
11105,3638,37,3,201.56,0.1
11106,3639,25,2,17.48,0.25
11107,3639,122,3,214.2,0.25
11108,3639,179,2,73.16,0.35
11109,3639,72,1,85.21,0.25
11110,3639,15,3,188.5,0.25
11111,3640,87,4,70.55,0.3
11112,3641,66,4,83.57,0.30000000000000004
11113,3642,172,3,104.43,0.30000000000000004
11114,3642,151,3,164.66,0.30000000000000004
11115,3643,167,4,244.97,0.0
11116,3643,9,4,183.3,0.05
11117,3643,142,3,370.07,0.0
11118,3643,168,3,293.94,0.05
11119,3644,110,4,80.4,0.25
11120,3644,180,4,131.27,0.15
11121,3645,3,2,228.2,0.05
11122,3645,83,1,384.93,0.0
11123,3645,43,3,306.48,0.05
11124,3645,119,1,147.43,0.0
11125,3645,62,2,358.85,0.0
11126,3646,3,4,156.14,0.35
11127,3646,24,4,272.59,0.35
11128,3646,143,4,103.56,0.3
11129,3646,36,3,45.26,0.3
11130,3646,171,4,96.43,0.35
11131,3647,82,4,75.36,0.35
11132,3647,85,1,75.67,0.25
11133,3647,149,3,119.41,0.3
11134,3648,66,1,95.51,0.2
11135,3648,19,1,210.69,0.2
11136,3648,7,1,200.86,0.2
11137,3648,107,4,133.45,0.2
11138,3648,59,1,221.38,0.2
11139,3649,156,4,113.47,0.25
11140,3649,174,1,225.45,0.35
11141,3649,134,1,95.47,0.3
11142,3649,88,4,141.67,0.35
11143,3649,15,3,188.5,0.25
11144,3650,177,4,175.85,0.35
11145,3650,12,3,182.96,0.25
11146,3651,87,1,70.55,0.3
11147,3651,58,1,235.97,0.25
11148,3651,128,3,149.51,0.35
11149,3651,125,3,32.98,0.25
11150,3651,127,4,98.03,0.25
11151,3652,87,4,80.62,0.2
11152,3653,140,2,264.88,0.05
11153,3653,56,4,213.15,0.0
11154,3653,6,1,53.07,0.05
11155,3654,39,4,194.61,0.15000000000000002
11156,3654,175,2,104.95,0.1
11157,3655,39,2,206.06,0.1
11158,3656,8,2,67.9,0.2
11159,3656,172,4,126.8,0.15
11160,3656,142,1,296.06,0.2
11161,3657,45,1,162.51,0.1
11162,3657,87,1,95.74,0.05
11163,3658,16,2,105.96,0.2
11164,3659,177,1,202.91,0.25
11165,3660,2,4,93.02,0.25
11166,3660,3,4,156.14,0.35
11167,3660,114,4,25.66,0.25
11168,3661,172,3,111.89,0.25
11169,3661,9,4,144.71,0.25
11170,3661,62,3,233.25,0.35
11171,3662,138,3,153.37,0.15
11172,3662,170,2,13.29,0.15
11173,3662,34,1,353.91,0.15
11174,3662,86,3,267.39,0.2
11175,3663,80,1,40.16,0.25
11176,3663,41,2,172.43,0.15
11177,3663,52,2,67.23,0.15
11178,3663,135,2,334.15,0.15
11179,3663,126,3,48.24,0.15
11180,3664,7,4,213.41,0.15
11181,3664,111,2,206.34,0.2
11182,3665,176,3,19.06,0.15
11183,3665,121,4,323.5,0.25
11184,3665,168,4,263.0,0.15
11185,3665,180,3,131.27,0.15
11186,3665,35,4,45.98,0.15
11187,3666,67,1,332.43,0.05
11188,3666,63,1,239.02,0.15000000000000002
11189,3666,125,2,39.57,0.1
11190,3667,167,1,195.98,0.2
11191,3668,161,4,203.81,0.2
11192,3668,57,4,256.97,0.2
11193,3668,133,3,227.54,0.2
11194,3669,90,3,301.55,0.0
11195,3669,104,1,282.17,0.0
11196,3669,26,2,347.8,0.0
11197,3670,53,3,105.85,0.25
11198,3670,178,1,37.74,0.25
11199,3670,178,4,40.26,0.2
11200,3670,88,1,174.37,0.2
11201,3671,17,1,70.38,0.25
11202,3671,72,2,85.21,0.25
11203,3671,7,4,188.3,0.25
11204,3671,160,3,188.48,0.2
11205,3671,82,1,81.16,0.30000000000000004
11206,3672,5,3,343.61,0.1
11207,3672,124,4,41.46,0.1
11208,3673,155,3,243.42,0.1
11209,3673,147,4,168.7,0.2
11210,3674,55,1,247.88,0.15
11211,3674,73,2,147.93,0.2
11212,3674,131,3,88.52,0.25
11213,3674,68,1,146.12,0.2
11214,3674,99,4,42.3,0.25
11215,3675,87,4,75.59,0.25
11216,3676,164,2,145.16,0.3
11217,3676,87,1,65.51,0.35
11218,3676,162,2,73.92,0.25
11219,3676,136,1,202.6,0.25
11220,3677,143,2,133.15,0.1
11221,3678,66,4,89.54,0.25
11222,3678,144,3,100.4,0.25
11223,3678,135,1,294.84,0.25
11224,3679,138,1,117.28,0.35
11225,3680,97,3,168.67,0.30000000000000004
11226,3680,32,1,106.25,0.2
11227,3681,108,1,274.49,0.05
11228,3682,10,2,413.04,0.15
11229,3682,94,1,106.68,0.15
11230,3682,88,2,174.37,0.2
11231,3682,54,3,143.53,0.15
11232,3682,71,4,287.23,0.15
11233,3683,127,3,98.03,0.25
11234,3683,18,3,90.45,0.3
11235,3683,134,2,102.29,0.25
11236,3683,113,4,173.81,0.25
11237,3684,9,4,164.01,0.15
11238,3684,94,1,106.68,0.15
11239,3685,134,2,109.11,0.2
11240,3686,1,2,217.31,0.15
11241,3686,7,1,213.41,0.15
11242,3686,80,4,45.51,0.15
11243,3686,130,1,128.05,0.15
11244,3686,34,2,353.91,0.15
11245,3687,175,2,99.12,0.15
11246,3687,121,3,345.07,0.2
11247,3687,168,3,263.0,0.15
11248,3687,70,1,300.79,0.15
11249,3688,27,3,82.41,0.25
11250,3688,174,1,294.81,0.15
11251,3689,87,2,85.66,0.15
11252,3689,144,3,100.4,0.25
11253,3689,61,4,194.35,0.25
11254,3690,48,2,144.06,0.25
11255,3690,105,3,146.88,0.25
11256,3691,168,2,309.41,0.0
11257,3691,140,2,250.94,0.1
11258,3691,48,4,182.48,0.05
11259,3691,76,2,136.43,0.1
11260,3691,124,3,46.07,0.0
11261,3692,29,3,287.07,0.0
11262,3693,31,3,42.77,0.35
11263,3693,48,4,124.85,0.35
11264,3694,136,2,243.13,0.1
11265,3695,150,2,227.77,0.25
11266,3696,56,3,170.52,0.2
11267,3696,57,3,256.97,0.2
11268,3696,140,2,195.17,0.30000000000000004
11269,3696,98,4,129.58,0.2
11270,3697,19,2,197.52,0.25
11271,3697,100,3,225.99,0.25
11272,3697,14,1,103.59,0.2
11273,3698,180,4,131.27,0.15
11274,3698,157,4,199.88,0.25
11275,3698,14,4,97.12,0.25
11276,3699,145,1,264.61,0.25
11277,3699,117,4,50.92,0.25
11278,3699,106,4,210.73,0.2
11279,3699,12,2,195.16,0.2
11280,3699,44,3,238.16,0.15
11281,3700,104,2,211.63,0.25
11282,3701,95,2,358.41,0.15
11283,3701,176,3,19.06,0.15
11284,3701,65,2,387.18,0.15
11285,3702,62,1,287.08,0.2
11286,3703,100,1,225.99,0.25
11287,3703,21,4,23.21,0.15
11288,3703,6,2,47.48,0.15
11289,3703,38,2,223.46,0.15
11290,3704,43,2,209.7,0.35
11291,3705,114,2,34.22,0.0
11292,3706,78,3,275.46,0.2
11293,3706,60,4,183.84,0.15
11294,3706,40,4,147.26,0.15
11295,3706,111,3,219.24,0.15
11296,3707,32,2,112.89,0.15
11297,3707,136,3,229.62,0.15
11298,3708,71,1,253.44,0.25
11299,3709,122,2,199.92,0.3
11300,3709,98,1,113.39,0.3
11301,3709,100,3,225.99,0.25
11302,3709,79,4,53.58,0.25
11303,3710,83,3,327.19,0.15
11304,3710,39,2,171.71,0.25
11305,3710,58,4,267.44,0.15
11306,3711,5,2,343.61,0.1
11307,3711,127,3,117.64,0.1
11308,3712,43,2,274.22,0.15
11309,3712,69,4,46.53,0.15
11310,3712,160,3,176.7,0.25
11311,3712,95,2,337.33,0.2
11312,3712,21,3,20.48,0.25
11313,3713,175,2,87.46,0.25
11314,3713,180,1,123.55,0.2
11315,3714,41,2,152.15,0.25
11316,3714,113,1,173.81,0.25
11317,3714,4,2,142.35,0.3
11318,3714,139,4,282.3,0.3
11319,3715,55,1,218.72,0.25
11320,3715,175,1,99.12,0.15
11321,3715,59,3,235.21,0.15
11322,3715,51,2,252.28,0.15
11323,3715,76,4,121.27,0.2
11324,3716,108,2,216.7,0.25
11325,3716,62,1,305.02,0.15
11326,3716,21,1,23.21,0.15
11327,3716,108,4,231.15,0.2
11328,3716,110,1,85.76,0.2
11329,3717,180,2,115.83,0.25
11330,3718,111,2,193.45,0.25
11331,3718,5,3,267.25,0.3
11332,3719,107,4,125.11,0.25
11333,3719,156,1,98.34,0.35
11334,3719,133,3,184.88,0.35
11335,3720,106,4,237.07,0.1
11336,3720,178,2,45.29,0.1
11337,3720,121,4,388.21,0.1
11338,3721,68,3,164.39,0.1
11339,3721,42,4,195.38,0.1
11340,3721,117,3,57.71,0.15000000000000002
11341,3721,99,1,45.12,0.2
11342,3722,97,4,216.86,0.1
11343,3722,63,4,224.96,0.2
11344,3723,170,4,14.85,0.05
11345,3723,80,4,53.54,0.0
11346,3723,35,4,51.39,0.05
11347,3724,21,2,24.58,0.1
11348,3725,79,3,60.72,0.15000000000000002
11349,3725,106,4,237.07,0.1
11350,3725,165,3,177.11,0.1
11351,3726,5,4,305.43,0.2
11352,3726,164,2,155.53,0.25
11353,3727,163,3,255.91,0.30000000000000004
11354,3727,66,4,95.51,0.2
11355,3727,97,4,192.77,0.2
11356,3727,113,3,173.81,0.25
11357,3727,145,4,282.25,0.2
11358,3728,27,2,93.4,0.15
11359,3728,165,3,167.27,0.15
11360,3729,23,3,281.61,0.25
11361,3730,23,1,300.38,0.2
11362,3730,71,4,253.44,0.25
11363,3730,51,4,252.28,0.15
11364,3731,59,3,235.21,0.15000000000000002
11365,3731,96,4,320.2,0.1
11366,3731,52,3,71.19,0.1
11367,3731,18,4,103.37,0.2
11368,3732,45,4,144.46,0.2
11369,3732,42,4,184.53,0.15
11370,3732,110,2,80.4,0.25
11371,3732,114,4,25.66,0.25
11372,3733,47,3,64.78,0.25
11373,3733,135,2,334.15,0.15
11374,3733,154,3,22.2,0.15
11375,3734,26,2,260.85,0.25
11376,3734,46,4,42.34,0.25
11377,3734,100,1,225.99,0.25
11378,3735,178,3,35.22,0.3
11379,3735,122,1,185.64,0.35
11380,3736,95,1,337.33,0.2
11381,3736,44,3,224.15,0.2
11382,3736,125,1,35.18,0.2
11383,3736,86,2,267.39,0.2
11384,3737,118,1,304.95,0.1
11385,3737,132,4,169.06,0.1
11386,3737,29,4,229.66,0.2
11387,3737,95,1,379.49,0.1
11388,3738,49,1,145.72,0.35
11389,3738,139,2,302.46,0.25
11390,3738,3,1,180.16,0.25
11391,3739,179,1,84.41,0.25
11392,3740,77,1,395.34,0.2
11393,3740,110,3,75.04,0.30000000000000004
11394,3740,54,3,135.09,0.2
11395,3740,72,2,90.89,0.2
11396,3741,30,3,146.06,0.1
11397,3741,164,4,165.9,0.2
11398,3742,33,3,161.59,0.25
11399,3742,75,2,177.16,0.25
11400,3742,40,3,112.61,0.35
11401,3742,126,2,39.72,0.3
11402,3743,159,1,304.09,0.1
11403,3744,163,4,274.19,0.25
11404,3744,97,4,204.82,0.15
11405,3744,75,2,188.98,0.2
11406,3744,158,3,87.88,0.25
11407,3745,48,2,153.66,0.2
11408,3745,82,3,86.95,0.25
11409,3745,146,4,96.15,0.30000000000000004
11410,3745,127,3,91.5,0.30000000000000004
11411,3745,129,1,147.7,0.2
11412,3746,26,2,278.24,0.2
11413,3747,115,4,345.94,0.2
11414,3747,89,2,93.74,0.30000000000000004
11415,3747,136,2,216.11,0.2
11416,3748,63,1,253.08,0.1
11417,3749,143,1,147.94,0.0
11418,3750,160,3,176.7,0.25
11419,3751,179,4,73.16,0.35
11420,3751,170,3,11.72,0.25
11421,3752,169,1,71.49,0.3
11422,3752,156,2,113.47,0.25
11423,3752,172,2,104.43,0.3
11424,3752,112,1,166.78,0.35
11425,3753,23,2,319.16,0.15
11426,3754,33,3,161.59,0.25
11427,3755,25,4,20.98,0.1
11428,3755,90,2,256.32,0.15000000000000002
11429,3755,133,1,255.99,0.1
11430,3756,169,1,91.92,0.1
11431,3756,19,2,237.02,0.1
11432,3756,85,2,85.76,0.15000000000000002
11433,3757,101,1,253.9,0.35
11434,3757,122,1,185.64,0.35
11435,3757,3,1,180.16,0.25
11436,3757,11,4,154.91,0.35
11437,3757,7,2,175.75,0.3
11438,3758,161,4,216.55,0.15
11439,3758,67,1,297.44,0.15
11440,3758,51,2,222.6,0.25
11441,3758,154,3,22.2,0.15
11442,3758,46,3,47.98,0.15
11443,3759,15,4,213.63,0.15000000000000002
11444,3759,152,2,56.24,0.2
11445,3760,150,2,288.51,0.05
11446,3761,141,2,92.45,0.25
11447,3761,17,1,65.69,0.3
11448,3762,21,4,20.48,0.25
11449,3762,126,3,36.89,0.35
11450,3762,83,3,250.2,0.35
11451,3762,46,4,36.69,0.35
11452,3763,44,1,196.13,0.30000000000000004
11453,3763,27,3,87.9,0.2
11454,3763,15,1,201.06,0.2
11455,3763,136,1,189.1,0.30000000000000004
11456,3764,102,2,257.56,0.15
11457,3764,134,3,115.93,0.15
11458,3764,136,2,229.62,0.15
11459,3764,42,1,184.53,0.15
11460,3764,80,2,45.51,0.15
11461,3765,112,4,205.27,0.2
11462,3765,19,1,223.86,0.15
11463,3766,30,4,121.72,0.25
11464,3766,13,2,38.83,0.35
11465,3766,173,4,295.34,0.35
11466,3766,10,4,340.15,0.3
11467,3766,97,1,168.67,0.3
11468,3767,76,4,128.85,0.15000000000000002
11469,3767,162,1,78.85,0.2
11470,3767,180,2,131.27,0.15000000000000002
11471,3768,59,4,221.38,0.2
11472,3768,29,3,229.66,0.2
11473,3768,18,1,96.91,0.25
11474,3768,45,1,126.4,0.30000000000000004
11475,3769,51,4,237.44,0.2
11476,3770,56,1,181.18,0.15
11477,3771,167,3,171.48,0.30000000000000004
11478,3771,140,3,223.06,0.2
11479,3771,87,1,80.62,0.2
11480,3771,169,4,81.7,0.2
11481,3772,64,1,176.15,0.25
11482,3772,54,2,126.65,0.25
11483,3772,7,4,175.75,0.3
11484,3772,93,4,159.53,0.35
11485,3773,18,1,96.91,0.25
11486,3773,114,4,25.66,0.25
11487,3774,8,2,80.63,0.05
11488,3775,113,2,196.99,0.15
11489,3775,45,1,153.48,0.15
11490,3775,155,3,202.85,0.25
11491,3775,104,2,239.84,0.15
11492,3776,141,2,104.78,0.15
11493,3776,9,3,164.01,0.15
11494,3776,99,3,45.12,0.2
11495,3777,55,3,218.72,0.25
11496,3777,131,1,76.72,0.35
11497,3777,127,2,98.03,0.25
11498,3777,126,1,42.56,0.25
11499,3777,161,2,191.07,0.25
11500,3778,74,3,239.92,0.25
11501,3778,152,3,56.24,0.2
11502,3778,24,3,293.56,0.30000000000000004
11503,3779,10,3,413.04,0.15
11504,3780,20,4,133.9,0.05
11505,3780,84,2,288.35,0.05
11506,3780,44,4,252.17,0.1
11507,3780,71,4,321.02,0.05
11508,3780,105,1,186.05,0.05
11509,3781,85,4,90.8,0.1
11510,3781,64,2,211.37,0.1
11511,3781,144,1,113.78,0.15000000000000002
11512,3781,79,3,64.3,0.1
11513,3782,41,2,142.0,0.3
11514,3782,150,1,227.77,0.25
11515,3782,102,1,227.26,0.25
11516,3782,149,4,127.94,0.25
11517,3783,87,1,75.59,0.25
11518,3784,114,1,27.38,0.2
11519,3784,116,1,358.17,0.1
11520,3785,111,3,219.24,0.15
11521,3785,145,2,299.89,0.15
11522,3785,146,4,116.76,0.15
11523,3785,32,2,112.89,0.15
11524,3785,159,1,253.41,0.25
11525,3786,146,1,123.62,0.1
11526,3786,177,1,243.49,0.1
11527,3787,85,2,90.8,0.1
11528,3787,9,1,173.66,0.1
11529,3788,44,3,224.15,0.2
11530,3788,115,2,302.7,0.30000000000000004
11531,3788,77,1,395.34,0.2
11532,3789,121,1,301.94,0.3
11533,3790,111,3,245.03,0.05
11534,3790,146,1,116.76,0.15000000000000002
11535,3791,178,4,40.26,0.2
11536,3791,119,2,132.69,0.1
11537,3791,92,4,102.43,0.2
11538,3791,174,3,312.16,0.1
11539,3792,68,3,146.12,0.2
11540,3792,174,4,294.81,0.15000000000000002
11541,3793,18,4,103.37,0.2
11542,3793,136,4,216.11,0.2
11543,3793,84,3,242.82,0.2
11544,3794,38,4,210.32,0.2
11545,3795,90,4,211.09,0.30000000000000004
11546,3795,15,4,201.06,0.2
11547,3796,156,1,98.34,0.35
11548,3796,180,2,115.83,0.25
11549,3796,110,1,80.4,0.25
11550,3796,123,4,117.36,0.25
11551,3796,34,2,312.28,0.25
11552,3797,147,1,210.88,0.0
11553,3798,58,2,235.97,0.25
11554,3798,26,1,278.24,0.2
11555,3799,122,2,185.64,0.35
11556,3800,86,4,334.24,0.0
11557,3800,18,4,129.21,0.0
11558,3800,86,4,334.24,0.0
11559,3801,90,1,301.55,0.0
11560,3801,52,4,71.19,0.1
11561,3801,156,1,151.29,0.0
11562,3802,122,4,285.6,0.0
11563,3802,61,4,259.13,0.0
11564,3803,96,2,337.99,0.05
11565,3804,171,4,118.68,0.2
11566,3804,90,3,226.16,0.25
11567,3805,97,3,204.82,0.15000000000000002
11568,3806,142,1,314.56,0.15
11569,3806,66,2,101.48,0.15
11570,3806,57,4,273.03,0.15
11571,3806,68,2,136.99,0.25
11572,3806,6,4,47.48,0.15
11573,3807,93,1,196.34,0.2
11574,3807,148,2,131.31,0.30000000000000004
11575,3807,105,2,146.88,0.25
11576,3807,155,3,216.38,0.2
11577,3808,154,3,19.59,0.25
11578,3809,178,3,50.32,0.0
11579,3810,87,4,80.62,0.2
11580,3810,6,2,50.27,0.1
11581,3810,175,1,104.95,0.1
11582,3810,168,2,263.0,0.15000000000000002
11583,3811,13,1,53.77,0.1
11584,3812,35,3,45.98,0.15
11585,3812,35,3,43.28,0.2
11586,3813,140,2,250.94,0.1
11587,3813,136,3,243.13,0.1
11588,3813,5,3,324.52,0.15000000000000002
11589,3813,102,3,272.71,0.1
11590,3814,98,2,137.68,0.15000000000000002
11591,3814,10,2,437.34,0.1
11592,3815,142,4,314.56,0.15
11593,3815,87,4,80.62,0.2
11594,3815,158,3,87.88,0.25
11595,3815,17,4,79.76,0.15
11596,3816,139,4,262.13,0.35
11597,3816,25,2,17.48,0.25
11598,3816,165,1,147.59,0.25
11599,3817,162,2,78.85,0.2
11600,3818,64,1,211.37,0.1
11601,3818,23,3,319.16,0.15000000000000002
11602,3818,173,4,386.21,0.15000000000000002
11603,3818,100,4,271.19,0.1
11604,3819,171,3,103.84,0.30000000000000004
11605,3819,25,2,18.65,0.2
11606,3819,41,2,162.29,0.2
11607,3819,99,2,39.48,0.30000000000000004
11608,3820,141,3,98.62,0.2
11609,3820,88,2,163.47,0.25
11610,3820,72,1,79.53,0.30000000000000004
11611,3820,154,3,20.9,0.2
11612,3820,172,4,104.43,0.30000000000000004
11613,3821,15,4,201.06,0.2
11614,3821,114,3,30.8,0.1
11615,3821,117,3,57.71,0.15000000000000002
11616,3822,164,4,186.63,0.1
11617,3822,8,1,67.9,0.2
11618,3822,32,3,119.53,0.1
11619,3822,42,4,173.67,0.2
11620,3823,51,2,267.12,0.1
11621,3824,31,3,65.8,0.0
11622,3825,77,4,395.34,0.2
11623,3825,108,1,216.7,0.25
11624,3825,175,4,87.46,0.25
11625,3826,71,3,253.44,0.25
11626,3826,62,3,251.19,0.3
11627,3826,48,3,144.06,0.25
11628,3826,79,1,46.44,0.35
11629,3826,173,1,318.06,0.3
11630,3827,110,2,91.12,0.15
11631,3827,61,4,207.3,0.2
11632,3827,174,1,260.13,0.25
11633,3828,7,2,200.86,0.2
11634,3828,13,3,47.79,0.2
11635,3829,106,4,197.56,0.25
11636,3829,67,4,244.95,0.3
11637,3829,150,2,227.77,0.25
11638,3829,3,3,180.16,0.25
11639,3830,88,1,185.27,0.15
11640,3831,131,4,100.33,0.15000000000000002
11641,3831,148,1,159.44,0.15000000000000002
11642,3831,71,1,270.34,0.2
11643,3831,30,4,129.83,0.2
11644,3832,85,1,90.8,0.1
11645,3833,61,4,233.22,0.1
11646,3834,18,1,109.83,0.15000000000000002
11647,3834,75,3,224.41,0.05
11648,3835,30,3,146.06,0.1
11649,3835,160,3,188.48,0.2
11650,3835,180,3,139.0,0.1
11651,3836,65,1,409.95,0.1
11652,3837,93,1,220.89,0.1
11653,3838,63,2,239.02,0.15
11654,3838,62,2,269.14,0.25
11655,3838,100,3,256.12,0.15
11656,3838,16,4,105.96,0.2
11657,3839,6,3,47.48,0.15
11658,3839,62,3,287.08,0.2
11659,3839,117,1,54.31,0.2
11660,3839,39,2,171.71,0.25
11661,3839,7,2,213.41,0.15
11662,3840,51,1,237.44,0.2
11663,3840,82,3,92.75,0.2
11664,3840,64,3,176.15,0.25
11665,3840,137,4,53.08,0.2
11666,3841,18,4,96.91,0.25
11667,3841,149,1,119.41,0.3
11668,3842,115,2,432.43,0.0
11669,3843,141,3,110.94,0.1
11670,3843,166,1,204.64,0.15000000000000002
11671,3843,70,3,318.48,0.1
11672,3843,4,2,183.02,0.1
11673,3844,20,3,126.85,0.1
11674,3844,142,2,296.06,0.2
11675,3844,139,3,362.95,0.1
11676,3844,4,4,162.69,0.2
11677,3845,4,4,172.86,0.15
11678,3845,178,3,42.77,0.15
11679,3846,148,2,150.06,0.2
11680,3847,29,4,215.3,0.25
11681,3847,160,4,188.48,0.2
11682,3848,44,3,196.13,0.30000000000000004
11683,3848,114,4,27.38,0.2
11684,3849,129,3,156.94,0.15
11685,3849,12,3,195.16,0.2
11686,3850,55,2,218.72,0.25
11687,3850,111,1,180.55,0.3
11688,3851,82,3,81.16,0.30000000000000004
11689,3851,7,3,188.3,0.25
11690,3851,59,1,193.7,0.30000000000000004
11691,3852,131,3,88.52,0.25
11692,3852,36,1,48.49,0.25
11693,3852,79,4,57.15,0.2
11694,3852,40,1,121.27,0.30000000000000004
11695,3852,55,2,204.13,0.30000000000000004
11696,3853,86,1,284.1,0.15
11697,3853,84,2,258.0,0.15
11698,3853,6,2,47.48,0.15
11699,3854,134,3,122.75,0.1
11700,3854,32,3,119.53,0.1
11701,3855,4,3,152.52,0.25
11702,3855,134,3,102.29,0.25
11703,3855,173,3,318.06,0.3
11704,3856,116,4,298.48,0.25
11705,3856,1,2,191.75,0.25
11706,3856,131,3,76.72,0.35
11707,3856,64,1,176.15,0.25
11708,3856,163,2,274.19,0.25
11709,3857,155,1,243.42,0.1
11710,3857,54,3,143.53,0.15000000000000002
11711,3857,152,1,63.27,0.1
11712,3857,138,4,153.37,0.15000000000000002
11713,3857,86,1,300.82,0.1
11714,3858,164,3,207.37,0.0
11715,3858,11,4,238.32,0.0
11716,3859,146,2,109.89,0.2
11717,3859,151,4,211.71,0.1
11718,3859,45,1,162.51,0.1
11719,3859,6,2,47.48,0.15000000000000002
11720,3860,10,1,364.45,0.25
11721,3861,134,3,102.29,0.25
11722,3861,9,2,144.71,0.25
11723,3862,148,2,159.44,0.15
11724,3862,128,2,184.01,0.2
11725,3863,100,2,271.19,0.1
11726,3863,108,4,231.15,0.2
11727,3864,101,1,351.56,0.1
11728,3864,21,2,24.58,0.1
11729,3864,20,2,126.85,0.1
11730,3865,172,2,111.89,0.25
11731,3866,133,2,227.54,0.2
11732,3866,153,2,46.04,0.2
11733,3866,12,3,207.36,0.15
11734,3867,136,3,202.6,0.25
11735,3867,149,1,145.0,0.15
11736,3867,141,4,104.78,0.15
11737,3868,127,3,84.96,0.35
11738,3868,18,3,83.99,0.35
11739,3868,26,2,226.07,0.35
11740,3869,69,2,52.0,0.05
11741,3869,49,1,190.55,0.15000000000000002
11742,3870,47,3,86.38,0.0
11743,3870,175,2,116.61,0.0
11744,3870,123,1,156.48,0.0
11745,3871,92,1,121.64,0.05
11746,3871,138,2,171.41,0.05
11747,3871,49,4,212.97,0.05
11748,3872,39,2,194.61,0.15
11749,3873,121,3,345.07,0.2
11750,3874,34,2,374.73,0.1
11751,3874,20,3,126.85,0.1
11752,3874,147,2,189.79,0.1
11753,3874,132,2,150.28,0.2
11754,3875,12,2,182.96,0.25
11755,3875,163,2,292.46,0.2
11756,3875,12,4,182.96,0.25
11757,3875,46,3,42.34,0.25
11758,3876,150,4,303.69,0.0
11759,3876,40,2,164.59,0.05
11760,3876,34,4,374.73,0.1
11761,3877,111,4,193.45,0.25
11762,3877,112,4,205.27,0.2
11763,3877,49,2,179.34,0.2
11764,3877,37,4,167.96,0.25
11765,3878,170,3,12.5,0.2
11766,3878,128,3,207.01,0.1
11767,3879,11,1,214.49,0.1
11768,3879,53,4,127.02,0.1
11769,3879,56,2,181.18,0.15000000000000002
11770,3880,55,3,189.55,0.35
11771,3880,57,4,240.91,0.25
11772,3881,124,2,32.25,0.3
11773,3882,161,1,242.02,0.05
11774,3883,67,2,279.94,0.2
11775,3883,151,4,188.18,0.2
11776,3883,158,2,87.88,0.25
11777,3883,92,1,96.03,0.25
11778,3883,165,4,167.27,0.15
11779,3884,174,3,277.47,0.2
11780,3885,32,1,99.61,0.25
11781,3886,146,1,137.36,0.0
11782,3886,115,1,410.81,0.05
11783,3886,11,1,214.49,0.1
11784,3887,114,4,34.22,0.0
11785,3887,155,2,270.47,0.0
11786,3887,9,4,183.3,0.05
11787,3888,39,2,194.61,0.15
11788,3889,19,4,197.52,0.25
11789,3889,103,4,116.7,0.2
11790,3889,175,3,93.29,0.2
11791,3890,98,2,137.68,0.15000000000000002
11792,3890,87,4,90.7,0.1
11793,3890,105,3,186.05,0.05
11794,3891,33,4,150.81,0.30000000000000004
11795,3891,110,3,75.04,0.30000000000000004
11796,3891,116,1,278.58,0.30000000000000004
11797,3891,159,1,236.52,0.30000000000000004
11798,3892,128,1,184.01,0.2
11799,3892,96,1,284.62,0.2
11800,3892,32,2,92.97,0.30000000000000004
11801,3892,20,1,112.76,0.2
11802,3892,145,4,282.25,0.2
11803,3893,150,3,273.32,0.1
11804,3893,151,1,211.71,0.1
11805,3893,107,3,150.13,0.1
11806,3893,150,4,273.32,0.1
11807,3893,129,3,166.17,0.1
11808,3894,14,4,110.07,0.15
11809,3895,31,4,62.51,0.05
11810,3895,37,3,223.95,0.0
11811,3895,55,2,291.62,0.0
11812,3895,55,1,262.46,0.1
11813,3895,44,2,266.18,0.05
11814,3896,115,1,281.08,0.35
11815,3897,48,2,124.85,0.35
11816,3897,51,3,222.6,0.25
11817,3897,121,4,323.5,0.25
11818,3897,32,3,99.61,0.25
11819,3897,56,1,159.86,0.25
11820,3898,46,1,53.63,0.05
11821,3899,42,2,184.53,0.15
11822,3899,80,4,45.51,0.15
11823,3899,22,3,81.82,0.15
11824,3900,122,1,214.2,0.25
11825,3900,143,4,103.56,0.3
11826,3900,98,1,121.48,0.25
11827,3901,68,1,164.39,0.1
11828,3901,65,3,409.95,0.1
11829,3901,170,3,14.07,0.1
11830,3902,71,2,270.34,0.2
11831,3902,74,3,223.93,0.30000000000000004
11832,3902,98,4,129.58,0.2
11833,3903,116,1,397.97,0.0
11834,3903,115,1,432.43,0.0
11835,3903,76,3,136.43,0.1
11836,3903,85,2,100.89,0.0
11837,3904,155,1,216.38,0.2
11838,3905,28,3,387.57,0.05
11839,3905,170,1,15.63,0.0
11840,3905,19,1,263.36,0.0
11841,3906,18,1,129.21,0.0
11842,3907,49,3,201.76,0.1
11843,3908,98,2,145.78,0.1
11844,3908,71,1,287.23,0.15000000000000002
11845,3908,97,4,216.86,0.1
11846,3909,98,4,121.48,0.25
11847,3910,27,1,82.41,0.25
11848,3910,161,4,178.33,0.3
11849,3911,95,1,379.49,0.1
11850,3912,36,1,54.96,0.15
11851,3913,68,3,155.25,0.15
11852,3913,12,3,207.36,0.15
11853,3913,2,2,105.42,0.15
11854,3914,61,2,220.26,0.15
11855,3914,24,1,335.5,0.2
11856,3914,116,4,318.38,0.2
11857,3914,151,3,188.18,0.2
11858,3915,134,2,109.11,0.2
11859,3915,107,2,133.45,0.2
11860,3915,42,3,162.82,0.25
11861,3915,175,1,93.29,0.2
11862,3916,42,4,162.82,0.25
11863,3916,91,1,302.2,0.25
11864,3916,29,2,215.3,0.25
11865,3916,133,1,213.32,0.25
11866,3916,90,1,226.16,0.25
11867,3917,124,2,34.55,0.25
11868,3917,135,4,275.18,0.3
11869,3917,85,1,70.62,0.3
11870,3917,111,1,180.55,0.3
11871,3917,73,3,138.68,0.25
11872,3918,7,1,225.96,0.1
11873,3918,176,3,17.94,0.2
11874,3918,114,4,30.8,0.1
11875,3918,156,4,136.16,0.1
11876,3918,107,2,150.13,0.1
11877,3919,8,1,59.41,0.3
11878,3919,133,2,184.88,0.35
11879,3919,169,2,66.38,0.35
11880,3920,124,1,39.16,0.15000000000000002
11881,3920,72,3,102.25,0.1
11882,3920,98,3,145.78,0.1
11883,3921,95,1,421.66,0.0
11884,3921,74,4,319.9,0.0
11885,3921,13,1,59.74,0.0
11886,3922,104,2,225.74,0.2
11887,3922,59,4,235.21,0.15
11888,3922,124,1,39.16,0.15
11889,3923,96,1,266.83,0.25
11890,3923,45,2,117.37,0.35
11891,3923,162,1,73.92,0.25
11892,3923,23,2,262.84,0.3
11893,3923,69,1,41.05,0.25
11894,3924,77,3,469.47,0.05
11895,3925,168,4,278.47,0.1
11896,3925,135,2,353.81,0.1
11897,3925,15,3,238.76,0.05
11898,3926,159,4,304.09,0.1
11899,3926,172,4,149.18,0.0
11900,3927,48,1,124.85,0.35
11901,3927,118,2,220.24,0.35
11902,3927,128,3,172.51,0.25
11903,3927,110,2,80.4,0.25
11904,3927,130,2,112.99,0.25
11905,3928,116,4,298.48,0.25
11906,3928,64,3,176.15,0.25
11907,3928,19,1,171.18,0.35
11908,3928,81,1,256.28,0.25
11909,3929,149,1,153.53,0.1
11910,3929,105,1,176.26,0.1
11911,3929,158,1,105.45,0.1
11912,3929,60,2,194.65,0.1
11913,3930,36,4,42.03,0.35
11914,3930,36,2,48.49,0.25
11915,3930,152,3,49.21,0.3
11916,3930,72,1,85.21,0.25
11917,3930,62,4,269.14,0.25
11918,3931,30,1,129.83,0.2
11919,3931,176,3,17.94,0.2
11920,3931,176,4,15.69,0.30000000000000004
11921,3932,81,2,290.45,0.15
11922,3932,77,2,370.63,0.25
11923,3932,156,4,128.6,0.15
11924,3933,104,2,239.84,0.15
11925,3933,165,3,167.27,0.15
11926,3933,58,3,251.7,0.2
11927,3934,165,3,157.43,0.2
11928,3934,26,1,313.02,0.1
11929,3934,138,4,144.34,0.2
11930,3934,20,1,126.85,0.1
11931,3934,176,3,20.18,0.1
11932,3935,138,4,153.37,0.15000000000000002
11933,3935,50,4,21.79,0.1
11934,3935,133,3,255.99,0.1
11935,3935,24,4,377.43,0.1
11936,3936,177,4,202.91,0.25
11937,3936,113,3,173.81,0.25
11938,3937,56,1,181.18,0.15000000000000002
11939,3937,128,1,207.01,0.1
11940,3937,131,4,94.42,0.2
11941,3937,111,3,219.24,0.15000000000000002
11942,3938,151,3,188.18,0.2
11943,3938,54,3,118.2,0.30000000000000004
11944,3938,77,4,395.34,0.2
11945,3939,121,1,345.07,0.2
11946,3939,151,3,188.18,0.2
11947,3939,54,3,135.09,0.2
11948,3940,175,1,104.95,0.1
11949,3940,127,2,117.64,0.1
11950,3940,54,1,151.97,0.1
11951,3941,6,3,44.69,0.2
11952,3942,116,3,298.48,0.25
11953,3943,59,4,207.54,0.25
11954,3943,164,4,155.53,0.25
11955,3943,86,1,250.68,0.25
11956,3943,37,1,167.96,0.25
11957,3943,142,2,277.55,0.25
11958,3944,156,3,98.34,0.35
11959,3944,113,2,173.81,0.25
11960,3944,74,3,239.92,0.25
11961,3944,154,4,16.98,0.35
11962,3944,145,1,264.61,0.25
11963,3945,84,3,273.18,0.1
11964,3946,74,3,271.91,0.15
11965,3946,137,4,56.4,0.15
11966,3947,71,1,270.34,0.2
11967,3947,38,2,197.17,0.25
11968,3947,92,1,96.03,0.25
11969,3947,53,1,98.79,0.30000000000000004
11970,3948,138,1,135.32,0.25
11971,3949,86,2,267.39,0.2
11972,3949,33,3,193.91,0.1
11973,3950,98,4,161.98,0.0
11974,3950,125,2,43.97,0.0
11975,3950,20,3,140.95,0.0
11976,3950,3,2,228.2,0.05
11977,3950,161,2,229.28,0.1
11978,3951,175,3,93.29,0.2
11979,3951,163,1,274.19,0.25
11980,3951,124,1,36.86,0.2
11981,3952,94,1,112.96,0.1
11982,3952,117,2,57.71,0.15000000000000002
11983,3953,174,4,260.13,0.25
11984,3953,28,1,305.98,0.25
11985,3953,150,3,227.77,0.25
11986,3953,119,2,103.2,0.3
11987,3954,148,2,140.69,0.25
11988,3954,145,2,264.61,0.25
11989,3954,64,4,164.4,0.3
11990,3954,150,3,227.77,0.25
11991,3954,41,4,142.0,0.3
11992,3955,84,2,258.0,0.15
11993,3955,72,2,96.57,0.15
11994,3955,115,4,324.32,0.25
11995,3955,85,1,75.67,0.25
11996,3955,17,1,79.76,0.15
11997,3956,33,1,183.13,0.15
11998,3956,44,2,238.16,0.15
11999,3956,147,1,179.25,0.15
12000,3956,54,3,143.53,0.15
12001,3957,129,1,147.7,0.2
12002,3957,35,2,45.98,0.15
12003,3958,133,2,255.99,0.1
12004,3958,160,1,212.04,0.1
12005,3958,153,1,46.04,0.2
12006,3959,12,4,182.96,0.25
12007,3959,111,4,193.45,0.25
12008,3960,10,1,413.04,0.15000000000000002
12009,3961,102,2,272.71,0.1
12010,3962,89,1,133.92,0.0
12011,3962,172,2,149.18,0.0
12012,3963,35,4,40.58,0.25
12013,3963,40,1,138.6,0.2
12014,3963,99,2,45.12,0.2
12015,3963,72,4,90.89,0.2
12016,3963,100,4,241.06,0.2
12017,3964,59,3,276.72,0.0
12018,3964,20,3,126.85,0.1
12019,3964,164,4,207.37,0.0
12020,3964,129,4,166.17,0.1
12021,3965,116,2,338.27,0.15
12022,3965,156,2,113.47,0.25
12023,3965,78,1,292.67,0.15
12024,3965,133,3,241.77,0.15
12025,3966,93,1,196.34,0.2
12026,3966,146,3,123.62,0.1
12027,3966,39,2,194.61,0.15000000000000002
12028,3966,111,3,206.34,0.2
12029,3967,156,1,121.03,0.2
12030,3967,48,1,153.66,0.2
12031,3967,3,3,192.17,0.2
12032,3968,130,1,112.99,0.25
12033,3968,135,1,294.84,0.25
12034,3968,118,1,237.18,0.3
12035,3968,29,2,215.3,0.25
12036,3969,10,1,437.34,0.1
12037,3969,144,1,120.47,0.1
12038,3969,70,3,283.1,0.2
12039,3969,12,2,195.16,0.2
12040,3970,3,3,180.16,0.25
12041,3970,100,2,210.92,0.3
12042,3971,67,1,314.94,0.1
12043,3971,45,3,162.51,0.1
12044,3971,83,4,327.19,0.15000000000000002
12045,3971,86,2,300.82,0.1
12046,3972,134,4,115.93,0.15
12047,3972,144,2,107.09,0.2
12048,3972,29,1,229.66,0.2
12049,3973,42,3,184.53,0.15
12050,3973,125,3,37.37,0.15
12051,3973,178,2,40.26,0.2
12052,3973,143,4,110.95,0.25
12053,3974,172,4,126.8,0.15000000000000002
12054,3975,167,1,183.73,0.25
12055,3975,103,2,109.4,0.25
12056,3976,89,3,133.92,0.0
12057,3976,162,2,88.7,0.1
12058,3976,81,2,307.54,0.1
12059,3977,63,3,224.96,0.2
12060,3977,62,3,287.08,0.2
12061,3977,119,3,110.57,0.25
12062,3977,91,1,322.35,0.2
12063,3978,2,1,99.22,0.2
12064,3978,46,1,45.16,0.2
12065,3978,144,3,107.09,0.2
12066,3978,57,4,256.97,0.2
12067,3978,177,2,216.43,0.2
12068,3979,155,1,243.42,0.1
12069,3979,61,1,259.13,0.0
12070,3979,161,2,254.76,0.0
12071,3979,40,3,173.25,0.0
12072,3980,144,4,113.78,0.15000000000000002
12073,3981,120,4,294.78,0.15
12074,3982,148,4,159.44,0.15
12075,3982,63,3,210.9,0.25
12076,3982,80,2,42.83,0.2
12077,3983,90,1,226.16,0.25
12078,3983,168,4,263.0,0.15
12079,3983,161,1,191.07,0.25
12080,3983,69,2,41.05,0.25
12081,3984,151,4,188.18,0.2
12082,3984,177,4,216.43,0.2
12083,3984,161,2,191.07,0.25
12084,3984,142,1,259.05,0.30000000000000004
12085,3984,78,4,275.46,0.2
12086,3985,79,3,64.3,0.1
12087,3985,96,2,284.62,0.2
12088,3985,53,3,112.9,0.2
12089,3986,120,3,294.78,0.15000000000000002
12090,3987,175,2,93.29,0.2
12091,3988,22,1,72.2,0.25
12092,3988,164,1,155.53,0.25
12093,3989,117,4,54.31,0.2
12094,3989,45,3,153.48,0.15
12095,3989,24,4,314.53,0.25
12096,3989,140,4,209.12,0.25
12097,3990,158,3,99.59,0.15
12098,3990,158,3,99.59,0.15
12099,3990,143,4,118.35,0.2
12100,3990,21,4,21.85,0.2
12101,3990,9,3,164.01,0.15
12102,3991,57,2,305.15,0.05
12103,3991,167,3,244.97,0.0
12104,3991,60,4,216.28,0.0
12105,3991,4,4,203.36,0.0
12106,3991,113,2,231.75,0.0
12107,3992,27,2,71.42,0.35
12108,3992,161,2,191.07,0.25
12109,3992,74,4,239.92,0.25
12110,3992,63,1,210.9,0.25
12111,3993,70,4,265.4,0.25
12112,3993,61,2,220.26,0.15
12113,3993,65,2,387.18,0.15
12114,3994,173,2,318.06,0.30000000000000004
12115,3994,148,1,150.06,0.2
12116,3994,153,3,40.28,0.30000000000000004
12117,3994,26,3,278.24,0.2
12118,3995,156,2,121.03,0.2
12119,3995,166,1,192.6,0.2
12120,3995,112,1,205.27,0.2
12121,3995,2,1,99.22,0.2
12122,3995,105,2,156.67,0.2
12123,3996,144,3,107.09,0.2
12124,3996,64,2,187.89,0.2
12125,3996,105,2,146.88,0.25
12126,3996,61,4,207.3,0.2
12127,3997,147,2,179.25,0.15000000000000002
12128,3998,145,3,282.25,0.2
12129,3998,78,4,275.46,0.2
12130,3998,47,4,60.47,0.30000000000000004
12131,3998,30,4,129.83,0.2
12132,3999,28,2,305.98,0.25
12133,3999,87,4,75.59,0.25
12134,4000,65,3,318.85,0.30000000000000004
12135,4000,74,3,255.92,0.2
12136,4000,166,1,192.6,0.2
12137,4001,105,3,166.46,0.15
12138,4001,37,1,190.36,0.15
12139,4001,40,4,147.26,0.15
12140,4001,174,2,294.81,0.15
12141,4001,16,1,112.58,0.15
12142,4002,73,3,138.68,0.25
12143,4003,121,2,280.37,0.35
12144,4003,171,1,111.26,0.25
12145,4004,42,3,173.67,0.2
12146,4004,166,2,192.6,0.2
12147,4004,130,3,112.99,0.25
12148,4004,30,3,129.83,0.2
12149,4005,125,2,41.77,0.05
12150,4005,75,3,200.79,0.15000000000000002
12151,4005,64,2,223.12,0.05
12152,4006,101,3,312.5,0.2
12153,4006,49,1,179.34,0.2
12154,4006,66,2,95.51,0.2
12155,4006,61,3,207.3,0.2
12156,4006,4,3,162.69,0.2
12157,4007,134,2,109.11,0.2
12158,4008,94,3,94.13,0.25
12159,4008,31,2,46.06,0.3
12160,4009,141,4,104.78,0.15
12161,4009,124,1,36.86,0.2
12162,4009,179,3,84.41,0.25
12163,4009,169,2,86.81,0.15
12164,4009,61,2,194.35,0.25
12165,4010,42,3,195.38,0.1
12166,4010,119,2,140.06,0.05
12167,4010,110,3,91.12,0.15000000000000002
12168,4011,118,2,338.83,0.0
12169,4011,25,1,22.14,0.05
12170,4011,30,2,162.29,0.0
12171,4011,178,1,47.8,0.05
12172,4011,126,3,56.75,0.0
12173,4012,95,4,358.41,0.15
12174,4012,32,4,112.89,0.15
12175,4012,152,3,59.75,0.15
12176,4013,119,2,132.69,0.1
12177,4013,3,3,216.19,0.1
12178,4014,85,3,100.89,0.0
12179,4015,55,1,247.88,0.15000000000000002
12180,4015,33,3,183.13,0.15000000000000002
12181,4015,137,1,56.4,0.15000000000000002
12182,4015,162,3,78.85,0.2
12183,4016,101,1,292.97,0.25
12184,4016,4,2,132.18,0.35
12185,4016,1,4,178.96,0.3
12186,4017,166,2,216.68,0.1
12187,4018,139,4,342.79,0.15000000000000002
12188,4019,102,3,227.26,0.25
12189,4020,59,1,207.54,0.25
12190,4020,39,1,160.26,0.3
12191,4021,96,2,302.41,0.15
12192,4021,149,3,145.0,0.15
12193,4021,51,2,252.28,0.15
12194,4021,153,1,48.92,0.15
12195,4021,127,1,111.1,0.15
12196,4022,113,2,208.58,0.1
12197,4022,167,3,220.47,0.1
12198,4022,69,2,49.27,0.1
12199,4022,159,2,304.09,0.1
12200,4022,70,4,318.48,0.1
12201,4023,45,2,180.57,0.0
12202,4023,170,1,14.07,0.1
12203,4023,59,1,249.05,0.1
12204,4024,25,3,16.32,0.3
12205,4024,136,1,175.59,0.35
12206,4024,45,4,126.4,0.3
12207,4024,115,3,281.08,0.35
12208,4025,32,4,86.33,0.35
12209,4025,7,1,188.3,0.25
12210,4025,175,4,87.46,0.25
12211,4025,89,4,87.05,0.35
12212,4026,87,3,75.59,0.25
12213,4026,40,3,138.6,0.2
12214,4027,130,1,120.52,0.2
12215,4028,77,1,395.34,0.2
12216,4028,31,1,52.64,0.2
12217,4029,139,3,403.28,0.0
12218,4030,140,1,223.06,0.2
12219,4030,47,4,64.78,0.25
12220,4030,22,3,77.01,0.2
12221,4031,110,4,101.84,0.05
12222,4031,71,1,304.13,0.1
12223,4032,147,3,168.7,0.2
12224,4032,146,3,116.76,0.15
12225,4032,12,2,207.36,0.15
12226,4032,39,4,194.61,0.15
12227,4033,62,3,358.85,0.0
12228,4034,157,3,253.18,0.05
12229,4034,148,1,178.2,0.05
12230,4034,65,2,409.95,0.1
12231,4035,173,4,454.37,0.0
12232,4035,153,3,51.8,0.1
12233,4036,48,1,153.66,0.2
12234,4036,64,3,211.37,0.1
12235,4036,109,3,118.21,0.1
12236,4036,74,3,271.91,0.15000000000000002
12237,4037,97,1,192.77,0.2
12238,4037,83,3,307.94,0.2
12239,4037,153,1,40.28,0.30000000000000004
12240,4037,52,3,63.28,0.2
12241,4038,57,1,240.91,0.25
12242,4038,2,3,93.02,0.25
12243,4039,102,3,272.71,0.1
12244,4040,6,2,50.27,0.1
12245,4040,107,1,141.79,0.15000000000000002
12246,4040,156,1,128.6,0.15000000000000002
12247,4040,138,2,162.39,0.1
12248,4041,87,2,75.59,0.25
12249,4041,108,1,216.7,0.25
12250,4042,170,4,12.5,0.2
12251,4042,138,4,144.34,0.2
12252,4042,98,3,129.58,0.2
12253,4043,45,4,117.37,0.35
12254,4043,155,3,175.81,0.35
12255,4043,120,4,242.76,0.3
12256,4043,124,4,34.55,0.25
12257,4044,130,1,97.92,0.35
12258,4044,34,3,291.46,0.3
12259,4044,159,4,253.41,0.25
12260,4044,30,4,121.72,0.25
12261,4044,157,1,199.88,0.25
12262,4045,79,1,50.01,0.30000000000000004
12263,4045,66,3,83.57,0.30000000000000004
12264,4046,65,2,455.5,0.0
12265,4046,118,2,321.89,0.05
12266,4047,163,3,292.46,0.2
12267,4047,97,4,180.72,0.25
12268,4048,146,4,123.62,0.1
12269,4048,88,4,174.37,0.2
12270,4048,28,2,367.17,0.1
12271,4048,60,2,194.65,0.1
12272,4048,25,2,19.81,0.15000000000000002
12273,4049,141,4,123.27,0.0
12274,4049,162,1,93.63,0.05
12275,4049,33,4,204.68,0.05
12276,4049,94,2,125.51,0.0
12277,4050,112,1,218.1,0.15
12278,4050,155,3,202.85,0.25
12279,4050,57,3,256.97,0.2
12280,4050,112,3,192.44,0.25
12281,4050,163,3,310.74,0.15
12282,4051,140,4,237.0,0.15
12283,4051,18,2,109.83,0.15
12284,4051,21,1,23.21,0.15
12285,4051,52,2,59.32,0.25
12286,4051,54,2,126.65,0.25
12287,4052,88,4,163.47,0.25
12288,4052,93,4,184.07,0.25
12289,4052,154,4,19.59,0.25
12290,4052,113,3,162.22,0.3
12291,4053,34,3,353.91,0.15000000000000002
12292,4053,34,2,374.73,0.1
12293,4053,63,1,239.02,0.15000000000000002
12294,4053,93,1,208.62,0.15000000000000002
12295,4053,178,2,45.29,0.1
12296,4054,77,2,345.93,0.3
12297,4054,38,1,170.88,0.35
12298,4054,120,4,260.1,0.25
12299,4054,71,3,253.44,0.25
12300,4055,27,2,87.9,0.2
12301,4056,18,4,109.83,0.15000000000000002
12302,4056,113,4,220.16,0.05
12303,4056,111,2,219.24,0.15000000000000002
12304,4057,15,2,188.5,0.25
12305,4057,64,2,152.66,0.35
12306,4057,174,3,225.45,0.35
12307,4058,134,1,102.29,0.25
12308,4058,163,4,274.19,0.25
12309,4058,173,2,340.78,0.25
12310,4058,175,1,87.46,0.25
12311,4058,13,3,38.83,0.35
12312,4059,84,1,303.53,0.0
12313,4059,167,3,244.97,0.0
12314,4060,133,3,241.77,0.15
12315,4060,179,3,95.67,0.15
12316,4060,151,3,199.95,0.15
12317,4060,156,4,121.03,0.2
12318,4061,83,1,327.19,0.15000000000000002
12319,4061,61,3,233.22,0.1
12320,4061,1,4,230.09,0.1
12321,4061,11,4,214.49,0.1
12322,4061,166,3,216.68,0.1
12323,4062,55,3,262.46,0.1
12324,4063,5,2,286.34,0.25
12325,4064,65,2,409.95,0.1
12326,4064,55,4,262.46,0.1
12327,4065,132,2,159.67,0.15
12328,4065,133,3,241.77,0.15
12329,4065,158,2,93.74,0.2
12330,4065,168,2,247.53,0.2
12331,4065,84,3,242.82,0.2
12332,4066,120,2,294.78,0.15000000000000002
12333,4066,6,3,53.07,0.05
12334,4066,74,4,303.9,0.05
12335,4066,126,1,51.08,0.1
12336,4067,54,2,135.09,0.2
12337,4067,88,4,174.37,0.2
12338,4067,119,4,117.94,0.2
12339,4067,8,4,67.9,0.2
12340,4067,143,3,110.95,0.25
12341,4068,178,3,35.22,0.3
12342,4068,56,4,149.2,0.3
12343,4068,127,4,84.96,0.35
12344,4068,111,1,193.45,0.25
12345,4068,133,2,213.32,0.25
12346,4069,112,3,230.93,0.1
12347,4070,112,4,205.27,0.2
12348,4070,145,1,282.25,0.2
12349,4070,4,4,162.69,0.2
12350,4071,26,3,330.41,0.05
12351,4072,94,3,81.58,0.35
12352,4072,171,3,96.43,0.35
12353,4072,142,2,259.05,0.3
12354,4072,149,1,127.94,0.25
12355,4073,85,4,100.89,0.0
12356,4074,54,3,126.65,0.25
12357,4074,129,2,138.47,0.25
12358,4075,169,2,91.92,0.1
12359,4075,104,2,225.74,0.2
12360,4075,135,1,334.15,0.15000000000000002
12361,4075,158,4,99.59,0.15000000000000002
12362,4076,37,4,190.36,0.15000000000000002
12363,4076,169,4,91.92,0.1
12364,4076,43,2,290.35,0.1
12365,4077,29,4,215.3,0.25
12366,4077,173,4,318.06,0.3
12367,4077,22,3,62.57,0.35
12368,4078,77,4,444.76,0.1
12369,4079,157,4,199.88,0.25
12370,4079,126,2,42.56,0.25
12371,4079,5,2,248.16,0.35
12372,4079,15,3,188.5,0.25
12373,4079,69,2,41.05,0.25
12374,4080,60,1,183.84,0.15
12375,4080,134,1,115.93,0.15
12376,4081,20,4,126.85,0.1
12377,4082,52,1,63.28,0.2
12378,4082,100,3,241.06,0.2
12379,4082,107,1,125.11,0.25
12380,4082,154,4,20.9,0.2
12381,4082,76,1,121.27,0.2
12382,4083,19,4,184.35,0.3
12383,4083,133,4,199.1,0.3
12384,4084,66,3,95.51,0.2
12385,4084,36,2,51.73,0.2
12386,4084,129,3,147.7,0.2
12387,4085,93,3,220.89,0.1
12388,4085,42,3,195.38,0.1
12389,4086,156,4,113.47,0.25
12390,4086,160,2,164.92,0.3
12391,4086,38,3,197.17,0.25
12392,4087,114,1,25.66,0.25
12393,4087,83,4,327.19,0.15
12394,4087,134,4,102.29,0.25
12395,4087,171,2,126.1,0.15
12396,4088,78,1,275.46,0.2
12397,4088,53,3,105.85,0.25
12398,4088,92,1,89.63,0.30000000000000004
12399,4088,59,2,193.7,0.30000000000000004
12400,4089,142,4,296.06,0.2
12401,4089,178,2,40.26,0.2
12402,4089,72,1,90.89,0.2
12403,4089,45,1,126.4,0.30000000000000004
12404,4089,158,4,87.88,0.25
12405,4090,56,3,181.18,0.15000000000000002
12406,4090,166,4,192.6,0.2
12407,4091,8,2,80.63,0.05
12408,4091,1,3,242.88,0.05
12409,4091,88,3,217.96,0.0
12410,4092,56,3,191.84,0.1
12411,4093,176,1,20.18,0.1
12412,4093,97,3,228.91,0.05
12413,4093,85,1,85.76,0.15000000000000002
12414,4094,118,4,338.83,0.0
12415,4094,138,4,162.39,0.1
12416,4094,6,4,55.86,0.0
12417,4094,116,3,378.07,0.05
12418,4094,107,1,158.47,0.05
12419,4095,77,3,370.63,0.25
12420,4095,14,4,97.12,0.25
12421,4096,93,2,184.07,0.25
12422,4096,61,2,168.43,0.35
12423,4097,124,1,32.25,0.30000000000000004
12424,4097,102,4,242.41,0.2
12425,4097,72,2,90.89,0.2
12426,4097,177,4,189.38,0.30000000000000004
12427,4097,103,4,116.7,0.2
12428,4098,45,2,153.48,0.15000000000000002
12429,4099,11,4,190.66,0.2
12430,4099,3,2,192.17,0.2
12431,4100,64,4,199.63,0.15
12432,4100,170,3,12.5,0.2
12433,4100,48,1,163.27,0.15
12434,4101,149,3,136.47,0.2
12435,4101,169,3,86.81,0.15
12436,4101,112,2,192.44,0.25
12437,4101,86,3,284.1,0.15
12438,4102,49,4,201.76,0.1
12439,4103,18,4,129.21,0.0
12440,4103,110,2,107.2,0.0
12441,4103,98,4,153.88,0.05
12442,4103,89,2,133.92,0.0
12443,4103,88,4,196.16,0.1
12444,4104,99,1,47.94,0.15
12445,4104,16,4,112.58,0.15
12446,4104,135,2,314.5,0.2
12447,4104,13,2,44.8,0.25
12448,4104,19,3,197.52,0.25
12449,4105,145,3,264.61,0.25
12450,4105,157,3,226.53,0.15
12451,4106,128,1,172.51,0.25
12452,4106,59,4,193.7,0.3
12453,4106,179,4,84.41,0.25
12454,4106,139,3,262.13,0.35
12455,4106,10,4,364.45,0.25
12456,4107,160,3,188.48,0.2
12457,4107,152,1,52.72,0.25
12458,4107,180,2,115.83,0.25
12459,4107,34,1,333.1,0.2
12460,4107,36,4,45.26,0.30000000000000004
12461,4108,154,3,20.9,0.2
12462,4108,18,2,103.37,0.2
12463,4108,91,1,342.5,0.15
12464,4108,145,2,264.61,0.25
12465,4109,146,3,123.62,0.1
12466,4109,112,4,256.59,0.0
12467,4109,9,3,183.3,0.05
12468,4110,143,4,125.75,0.15
12469,4110,117,3,50.92,0.25
12470,4110,91,2,342.5,0.15
12471,4110,59,3,221.38,0.2
12472,4111,123,1,117.36,0.25
12473,4111,108,3,245.6,0.15
12474,4112,39,3,183.16,0.2
12475,4112,121,1,323.5,0.25
12476,4113,19,2,197.52,0.25
12477,4113,95,3,295.16,0.3
12478,4113,29,3,215.3,0.25
12479,4113,92,2,89.63,0.3
12480,4113,106,3,197.56,0.25
12481,4114,154,1,23.51,0.1
12482,4114,80,4,42.83,0.2
12483,4114,50,3,21.79,0.1
12484,4115,65,3,341.62,0.25
12485,4115,39,1,171.71,0.25
12486,4115,4,2,152.52,0.25
12487,4116,160,2,176.7,0.25
12488,4116,142,3,259.05,0.3
12489,4117,109,4,85.37,0.35
12490,4118,44,4,196.13,0.30000000000000004
12491,4118,42,2,173.67,0.2
12492,4119,179,1,95.67,0.15
12493,4119,75,3,200.79,0.15
12494,4119,145,4,299.89,0.15
12495,4119,60,2,173.02,0.2
12496,4120,138,2,126.3,0.30000000000000004
12497,4120,92,2,102.43,0.2
12498,4120,160,3,176.7,0.25
12499,4121,94,4,100.41,0.2
12500,4121,21,2,20.48,0.25
12501,4122,92,2,108.83,0.15
12502,4122,142,4,296.06,0.2
12503,4123,49,3,201.76,0.1
12504,4123,146,2,137.36,0.0
12505,4124,4,2,203.36,0.0
12506,4124,61,1,259.13,0.0
12507,4125,29,4,258.36,0.1
12508,4126,168,4,263.0,0.15000000000000002
12509,4127,101,1,292.97,0.25
12510,4127,97,3,180.72,0.25
12511,4128,75,3,236.22,0.0
12512,4128,51,1,267.12,0.1
12513,4129,168,3,216.59,0.30000000000000004
12514,4129,177,2,216.43,0.2
12515,4129,64,1,164.4,0.30000000000000004
12516,4130,4,2,162.69,0.2
12517,4130,126,4,45.4,0.2
12518,4130,54,4,135.09,0.2
12519,4130,35,3,43.28,0.2
12520,4130,49,2,179.34,0.2
12521,4131,116,1,378.07,0.05
12522,4131,26,3,347.8,0.0
12523,4132,38,3,197.17,0.25
12524,4132,88,1,174.37,0.2
12525,4132,133,3,227.54,0.2
12526,4132,46,2,42.34,0.25
12527,4133,138,3,144.34,0.2
12528,4133,29,3,215.3,0.25
12529,4133,146,4,109.89,0.2
12530,4133,7,2,200.86,0.2
12531,4134,27,1,82.41,0.25
12532,4134,67,1,262.45,0.25
12533,4135,70,4,283.1,0.2
12534,4136,19,4,210.69,0.2
12535,4136,102,4,272.71,0.1
12536,4136,176,2,19.06,0.15000000000000002
12537,4137,144,1,127.17,0.05
12538,4138,173,2,340.78,0.25
12539,4138,162,1,73.92,0.25
12540,4138,27,1,76.92,0.3
12541,4138,94,2,94.13,0.25
12542,4138,27,2,82.41,0.25
12543,4139,14,4,123.02,0.05
12544,4139,25,2,22.14,0.05
12545,4139,49,3,201.76,0.1
12546,4139,85,4,95.85,0.05
12547,4139,173,4,431.65,0.05
12548,4140,118,3,321.89,0.05
12549,4140,98,4,153.88,0.05
12550,4140,111,2,257.93,0.0
12551,4140,16,2,132.45,0.0
12552,4141,154,1,26.12,0.0
12553,4141,1,3,230.09,0.1
12554,4141,97,1,240.96,0.0
12555,4142,162,2,93.63,0.05
12556,4143,73,3,138.68,0.25
12557,4143,27,2,82.41,0.25
12558,4143,166,4,156.49,0.35
12559,4143,85,1,75.67,0.25
12560,4143,86,3,250.68,0.25
12561,4144,155,2,202.85,0.25
12562,4144,30,3,121.72,0.25
12563,4144,108,4,202.26,0.3
12564,4144,166,1,180.56,0.25
12565,4145,120,2,277.44,0.2
12566,4145,87,3,85.66,0.15
12567,4145,169,4,76.6,0.25
12568,4146,176,2,16.82,0.25
12569,4146,11,3,178.74,0.25
12570,4146,38,4,170.88,0.35
12571,4146,180,2,108.11,0.3
12572,4146,121,2,280.37,0.35
12573,4147,16,1,99.34,0.25
12574,4147,121,4,345.07,0.2
12575,4147,98,4,137.68,0.15
12576,4148,62,1,322.97,0.1
12577,4149,176,2,16.82,0.25
12578,4149,180,2,108.11,0.30000000000000004
12579,4150,123,1,140.83,0.1
12580,4150,169,3,97.02,0.05
12581,4150,59,2,262.88,0.05
12582,4151,155,2,270.47,0.0
12583,4151,35,3,54.1,0.0
12584,4151,72,3,113.61,0.0
12585,4152,30,3,162.29,0.0
12586,4152,180,4,139.0,0.1
12587,4152,58,3,314.63,0.0
12588,4153,81,1,341.71,0.0
12589,4153,107,1,166.81,0.0
12590,4153,149,1,170.59,0.0
12591,4154,82,1,104.35,0.1
12592,4154,89,4,113.83,0.15000000000000002
12593,4154,141,2,98.62,0.2
12594,4155,119,1,110.57,0.25
12595,4155,12,4,207.36,0.15
12596,4155,53,3,112.9,0.2
12597,4156,29,4,258.36,0.1
12598,4156,123,4,140.83,0.1
12599,4156,154,3,20.9,0.2
12600,4156,139,4,342.79,0.15000000000000002
12601,4156,144,1,120.47,0.1
12602,4157,152,3,66.78,0.05
12603,4157,118,4,338.83,0.0
12604,4157,99,2,56.4,0.0
12605,4158,113,3,220.16,0.05
12606,4158,14,3,129.49,0.0
12607,4158,2,1,124.02,0.0
12608,4159,15,2,201.06,0.2
12609,4160,174,3,346.84,0.0
12610,4160,149,3,162.06,0.05
12611,4161,45,4,135.43,0.25
12612,4161,87,4,75.59,0.25
12613,4162,61,2,168.43,0.35
12614,4163,51,3,222.6,0.25
12615,4164,8,3,59.41,0.3
12616,4164,151,1,176.42,0.25
12617,4165,61,1,168.43,0.35
12618,4166,144,4,100.4,0.25
12619,4166,79,3,46.44,0.35
12620,4167,151,3,176.42,0.25
12621,4167,17,3,75.07,0.2
12622,4167,44,3,224.15,0.2
12623,4167,132,3,150.28,0.2
12624,4168,77,1,444.76,0.1
12625,4168,144,1,133.86,0.0
12626,4168,54,4,168.86,0.0
12627,4168,14,2,116.54,0.1
12628,4169,18,3,122.75,0.05
12629,4170,161,4,229.28,0.1
12630,4170,138,4,153.37,0.15000000000000002
12631,4171,175,4,87.46,0.25
12632,4171,54,3,143.53,0.15
12633,4171,126,2,48.24,0.15
12634,4171,39,1,183.16,0.2
12635,4172,148,3,187.58,0.0
12636,4173,128,3,172.51,0.25
12637,4173,77,3,345.93,0.3
12638,4173,80,4,34.8,0.35
12639,4173,40,1,112.61,0.35
12640,4174,25,1,17.48,0.25
12641,4175,42,3,195.38,0.1
12642,4175,151,1,211.71,0.1
12643,4175,84,1,273.18,0.1
12644,4175,165,2,157.43,0.2
12645,4176,103,1,123.99,0.15
12646,4176,134,2,109.11,0.2
12647,4176,28,2,326.38,0.2
12648,4177,149,1,170.59,0.0
12649,4177,51,1,281.96,0.05
12650,4177,23,4,375.48,0.0
12651,4178,80,3,42.83,0.2
12652,4178,169,1,86.81,0.15
12653,4179,78,1,275.46,0.2
12654,4179,1,4,217.31,0.15
12655,4179,124,3,34.55,0.25
12656,4179,132,4,140.89,0.25
12657,4180,60,4,162.21,0.25
12658,4180,38,1,210.32,0.2
12659,4180,58,4,251.7,0.2
12660,4180,167,4,195.98,0.2
12661,4180,83,1,307.94,0.2
12662,4181,7,1,213.41,0.15000000000000002
12663,4181,22,3,77.01,0.2
12664,4181,34,1,374.73,0.1
12665,4181,96,4,320.2,0.1
12666,4181,176,2,20.18,0.1
12667,4182,27,2,93.4,0.15
12668,4182,65,1,364.4,0.2
12669,4183,170,3,14.85,0.05
12670,4183,4,3,203.36,0.0
12671,4183,159,2,337.88,0.0
12672,4184,40,2,155.93,0.1
12673,4184,175,4,93.29,0.2
12674,4184,165,2,177.11,0.1
12675,4184,158,4,93.74,0.2
12676,4184,74,2,287.91,0.1
12677,4185,36,2,54.96,0.15000000000000002
12678,4185,66,3,101.48,0.15000000000000002
12679,4185,143,3,133.15,0.1
12680,4185,88,4,174.37,0.2
12681,4186,59,2,207.54,0.25
12682,4186,44,4,196.13,0.3
12683,4186,122,2,185.64,0.35
12684,4186,176,4,14.57,0.35
12685,4186,92,2,83.23,0.35
12686,4187,11,3,202.57,0.15
12687,4187,96,4,266.83,0.25
12688,4187,97,1,204.82,0.15
12689,4187,149,2,136.47,0.2
12690,4188,127,4,130.71,0.0
12691,4188,93,1,220.89,0.1
12692,4188,180,2,154.44,0.0
12693,4189,139,3,342.79,0.15000000000000002
12694,4189,166,4,216.68,0.1
12695,4189,20,1,133.9,0.05
12696,4190,139,4,403.28,0.0
12697,4190,164,2,207.37,0.0
12698,4190,52,4,71.19,0.1
12699,4190,143,1,147.94,0.0
12700,4190,30,1,146.06,0.1
12701,4191,92,3,115.24,0.1
12702,4191,176,2,17.94,0.2
12703,4192,19,4,197.52,0.25
12704,4192,41,3,162.29,0.2
12705,4192,102,3,242.41,0.2
12706,4193,178,4,45.29,0.1
12707,4193,33,1,172.36,0.2
12708,4194,29,2,229.66,0.2
12709,4195,61,1,207.3,0.2
12710,4195,43,3,258.09,0.2
12711,4195,90,2,241.24,0.2
12712,4195,170,3,12.5,0.2
12713,4196,140,2,223.06,0.2
12714,4196,130,2,120.52,0.2
12715,4196,180,3,123.55,0.2
12716,4196,32,3,99.61,0.25
12717,4197,57,2,321.21,0.0
12718,4197,155,2,270.47,0.0
12719,4197,179,4,112.55,0.0
12720,4197,110,1,101.84,0.05
12721,4197,26,3,347.8,0.0
12722,4198,84,4,242.82,0.2
12723,4199,101,1,292.97,0.25
12724,4200,29,2,287.07,0.0
12725,4201,133,4,213.32,0.25
12726,4201,175,2,87.46,0.25
12727,4202,179,4,73.16,0.35
12728,4202,113,4,173.81,0.25
12729,4202,4,2,142.35,0.3
12730,4202,130,1,112.99,0.25
12731,4202,108,3,216.7,0.25
12732,4203,55,2,218.72,0.25
12733,4203,119,3,125.32,0.15
12734,4203,164,2,155.53,0.25
12735,4203,54,4,143.53,0.15
12736,4203,141,2,104.78,0.15
12737,4204,159,4,304.09,0.1
12738,4204,120,4,312.12,0.1
12739,4204,178,4,45.29,0.1
12740,4204,53,1,127.02,0.1
12741,4204,111,2,232.14,0.1
12742,4205,84,2,227.65,0.25
12743,4206,104,4,225.74,0.2
12744,4206,171,3,111.26,0.25
12745,4207,24,2,356.46,0.15
12746,4207,88,3,185.27,0.15
12747,4208,157,1,239.86,0.1
12748,4208,103,1,123.99,0.15000000000000002
12749,4208,127,2,117.64,0.1
12750,4208,76,2,121.27,0.2
12751,4208,65,1,409.95,0.1
12752,4209,28,1,346.77,0.15
12753,4210,41,4,162.29,0.2
12754,4210,49,3,156.93,0.30000000000000004
12755,4210,30,1,121.72,0.25
12756,4210,158,2,93.74,0.2
12757,4211,41,1,162.29,0.2
12758,4211,11,2,190.66,0.2
12759,4211,135,1,275.18,0.30000000000000004
12760,4211,50,3,19.37,0.2
12761,4212,71,1,337.92,0.0
12762,4212,54,4,168.86,0.0
12763,4212,161,3,229.28,0.1
12764,4212,166,3,228.71,0.05
12765,4213,84,3,242.82,0.2
12766,4213,141,2,98.62,0.2
12767,4214,44,4,224.15,0.2
12768,4214,22,4,67.38,0.30000000000000004
12769,4214,16,2,99.34,0.25
12770,4214,146,1,103.02,0.25
12771,4214,111,4,206.34,0.2
12772,4215,39,1,206.06,0.1
12773,4215,94,2,106.68,0.15000000000000002
12774,4215,43,1,258.09,0.2
12775,4215,155,2,243.42,0.1
12776,4216,86,3,300.82,0.1
12777,4216,13,4,59.74,0.0
12778,4216,136,3,270.14,0.0
12779,4216,61,2,246.17,0.05
12780,4216,165,2,196.79,0.0
12781,4217,136,1,216.11,0.2
12782,4217,30,1,113.6,0.30000000000000004
12783,4218,1,3,242.88,0.05
12784,4218,76,3,144.01,0.05
12785,4218,91,3,382.79,0.05
12786,4219,27,1,82.41,0.25
12787,4219,43,4,258.09,0.2
12788,4219,56,4,170.52,0.2
12789,4219,90,3,241.24,0.2
12790,4220,140,1,209.12,0.25
12791,4221,2,2,105.42,0.15
12792,4222,126,1,42.56,0.25
12793,4222,73,1,129.44,0.3
12794,4222,105,3,146.88,0.25
12795,4222,23,3,281.61,0.25
12796,4223,108,1,216.7,0.25
12797,4224,12,3,195.16,0.2
12798,4225,50,3,18.16,0.25
12799,4225,13,2,47.79,0.2
12800,4225,26,3,243.46,0.30000000000000004
12801,4226,93,1,220.89,0.1
12802,4226,28,3,367.17,0.1
12803,4226,115,3,389.19,0.1
12804,4226,115,1,389.19,0.1
12805,4227,63,3,224.96,0.2
12806,4227,136,3,216.11,0.2
12807,4228,156,2,136.16,0.1
12808,4228,178,2,40.26,0.2
12809,4228,10,2,437.34,0.1
12810,4228,107,2,150.13,0.1
12811,4229,163,2,237.63,0.35
12812,4230,180,2,115.83,0.25
12813,4231,93,2,184.07,0.25
12814,4231,125,4,28.58,0.35
12815,4231,127,2,98.03,0.25
12816,4232,168,1,232.06,0.25
12817,4232,124,2,32.25,0.3
12818,4232,169,1,71.49,0.3
12819,4232,170,1,10.94,0.3
12820,4232,70,4,265.4,0.25
12821,4233,80,1,37.48,0.3
12822,4233,58,4,204.51,0.35
12823,4233,153,1,40.28,0.3
12824,4233,70,3,265.4,0.25
12825,4234,141,3,92.45,0.25
12826,4235,9,1,173.66,0.1
12827,4236,121,1,409.77,0.05
12828,4236,90,1,286.47,0.05
12829,4236,28,4,387.57,0.05
12830,4236,54,1,160.42,0.05
12831,4237,20,1,105.71,0.25
12832,4237,164,2,155.53,0.25
12833,4237,93,2,171.8,0.3
12834,4237,140,1,209.12,0.25
12835,4238,86,3,334.24,0.0
12836,4238,113,3,208.58,0.1
12837,4238,170,3,15.63,0.0
12838,4239,158,3,93.74,0.2
12839,4239,133,4,241.77,0.15
12840,4239,72,3,90.89,0.2
12841,4239,115,4,367.57,0.15
12842,4240,59,1,249.05,0.1
12843,4240,11,3,202.57,0.15000000000000002
12844,4240,19,1,250.19,0.05
12845,4241,22,4,96.26,0.0
12846,4241,71,2,337.92,0.0
12847,4242,125,3,39.57,0.1
12848,4242,129,1,166.17,0.1
12849,4242,179,1,101.3,0.1
12850,4243,106,3,171.22,0.35
12851,4243,89,4,87.05,0.35
12852,4243,70,1,265.4,0.25
12853,4243,65,3,341.62,0.25
12854,4244,39,3,217.5,0.05
12855,4244,80,3,53.54,0.0
12856,4244,172,4,149.18,0.0
12857,4244,146,2,123.62,0.1
12858,4244,121,2,431.34,0.0
12859,4245,130,3,120.52,0.2
12860,4245,135,2,334.15,0.15
12861,4245,171,1,111.26,0.25
12862,4245,34,3,312.28,0.25
12863,4245,42,4,162.82,0.25
12864,4246,174,3,277.47,0.2
12865,4246,174,3,277.47,0.2
12866,4247,117,1,47.52,0.3
12867,4247,31,2,49.35,0.25
12868,4248,56,1,191.84,0.1
12869,4248,142,2,314.56,0.15000000000000002
12870,4248,129,1,166.17,0.1
12871,4248,70,4,283.1,0.2
12872,4249,63,3,267.14,0.05
12873,4250,50,1,19.37,0.2
12874,4250,102,1,272.71,0.1
12875,4250,97,4,216.86,0.1
12876,4251,82,4,98.55,0.15
12877,4251,72,4,96.57,0.15
12878,4251,8,4,72.14,0.15
12879,4251,111,3,193.45,0.25
12880,4251,56,4,181.18,0.15
12881,4252,48,1,144.06,0.25
12882,4252,173,2,340.78,0.25
12883,4252,7,2,188.3,0.25
12884,4253,43,3,258.09,0.2
12885,4254,51,3,252.28,0.15
12886,4254,75,2,200.79,0.15
12887,4254,67,3,297.44,0.15
12888,4254,177,1,229.96,0.15
12889,4254,129,2,147.7,0.2
12890,4255,3,3,192.17,0.2
12891,4255,29,4,229.66,0.2
12892,4255,127,2,98.03,0.25
12893,4256,180,2,100.39,0.35
12894,4257,46,4,45.16,0.2
12895,4257,128,3,184.01,0.2
12896,4257,53,3,112.9,0.2
12897,4257,63,4,224.96,0.2
12898,4257,144,1,93.7,0.30000000000000004
12899,4258,115,3,345.94,0.2
12900,4258,174,4,277.47,0.2
12901,4258,156,3,121.03,0.2
12902,4258,53,1,105.85,0.25
12903,4258,166,2,168.52,0.30000000000000004
12904,4259,84,3,227.65,0.25
12905,4259,36,3,42.03,0.35
12906,4259,125,2,30.78,0.3
12907,4259,39,4,148.82,0.35
12908,4259,78,2,223.81,0.35
12909,4260,126,2,39.72,0.30000000000000004
12910,4260,125,2,35.18,0.2
12911,4260,6,3,44.69,0.2
12912,4260,133,1,213.32,0.25
12913,4261,82,3,115.94,0.0
12914,4261,160,1,223.82,0.05
12915,4261,15,4,251.33,0.0
12916,4262,36,1,48.49,0.25
12917,4262,91,3,302.2,0.25
12918,4263,59,4,249.05,0.1
12919,4263,15,3,226.2,0.1
12920,4263,120,4,312.12,0.1
12921,4263,43,2,258.09,0.2
12922,4263,72,4,102.25,0.1
12923,4264,138,3,135.32,0.25
12924,4264,155,1,216.38,0.2
12925,4264,69,1,43.79,0.2
12926,4264,80,3,40.16,0.25
12927,4265,109,4,111.64,0.15
12928,4265,91,2,342.5,0.15
12929,4265,43,4,274.22,0.15
12930,4265,90,3,256.32,0.15
12931,4265,82,4,98.55,0.15
12932,4266,93,2,196.34,0.2
12933,4266,152,4,56.24,0.2
12934,4266,29,1,229.66,0.2
12935,4267,34,4,312.28,0.25
12936,4268,54,1,118.2,0.30000000000000004
12937,4268,137,1,53.08,0.2
12938,4269,96,3,266.83,0.25
12939,4269,104,3,197.52,0.3
12940,4269,137,4,43.13,0.35
12941,4269,131,4,88.52,0.25
12942,4269,129,3,138.47,0.25
12943,4270,19,1,223.86,0.15
12944,4270,97,4,204.82,0.15
12945,4270,41,2,172.43,0.15
12946,4270,176,1,19.06,0.15
12947,4270,70,2,283.1,0.2
12948,4271,25,2,23.31,0.0
12949,4271,74,3,303.9,0.05
12950,4271,126,4,53.91,0.05
12951,4272,148,3,150.06,0.2
12952,4272,162,3,78.85,0.2
12953,4272,121,2,345.07,0.2
12954,4273,84,3,258.0,0.15
12955,4274,137,1,49.76,0.25
12956,4274,142,3,296.06,0.2
12957,4274,119,2,125.32,0.15
12958,4274,65,4,387.18,0.15
12959,4274,63,3,224.96,0.2
12960,4275,131,1,106.23,0.1
12961,4275,65,3,387.18,0.15000000000000002
12962,4276,146,2,116.76,0.15000000000000002
12963,4276,86,1,267.39,0.2
12964,4277,135,1,393.12,0.0
12965,4277,130,3,150.65,0.0
12966,4277,133,3,284.43,0.0
12967,4278,2,1,111.62,0.1
12968,4278,108,4,231.15,0.2
12969,4278,52,1,71.19,0.1
12970,4278,157,1,239.86,0.1
12971,4278,8,1,67.9,0.2
12972,4279,160,4,164.92,0.3
12973,4279,126,1,42.56,0.25
12974,4279,16,4,99.34,0.25
12975,4279,59,1,207.54,0.25
12976,4279,167,4,183.73,0.25
12977,4280,76,3,121.27,0.2
12978,4281,139,3,362.95,0.1
12979,4282,99,3,42.3,0.25
12980,4282,51,3,237.44,0.2
12981,4283,27,1,82.41,0.25
12982,4283,121,2,323.5,0.25
12983,4283,27,1,76.92,0.3
12984,4284,46,3,42.34,0.25
12985,4284,175,4,99.12,0.15
12986,4285,59,4,221.38,0.2
12987,4285,74,4,271.91,0.15
12988,4285,165,2,167.27,0.15
12989,4286,9,2,154.36,0.2
12990,4286,28,1,305.98,0.25
12991,4286,38,3,210.32,0.2
12992,4286,37,3,179.16,0.2
12993,4286,35,4,37.87,0.30000000000000004
12994,4287,3,3,228.2,0.05
12995,4287,100,3,286.25,0.05
12996,4287,86,4,300.82,0.1
12997,4287,94,3,119.23,0.05
12998,4287,78,1,327.1,0.05
12999,4288,29,3,215.3,0.25
13000,4288,160,4,176.7,0.25
13001,4288,10,2,413.04,0.15
13002,4289,46,4,47.98,0.15
13003,4290,178,2,42.77,0.15
13004,4290,121,1,345.07,0.2
13005,4290,144,1,107.09,0.2
13006,4290,101,3,332.03,0.15
13007,4290,152,1,56.24,0.2
13008,4291,41,4,182.57,0.1
13009,4291,31,4,59.22,0.1
13010,4292,173,3,318.06,0.3
13011,4293,126,4,56.75,0.0
13012,4293,136,1,270.14,0.0
13013,4294,141,1,123.27,0.0
13014,4294,129,3,184.63,0.0
13015,4295,165,1,147.59,0.25
13016,4295,113,3,150.64,0.35
13017,4295,175,4,87.46,0.25
13018,4295,48,2,144.06,0.25
13019,4295,109,1,85.37,0.35
13020,4296,105,2,146.88,0.25
13021,4297,70,1,300.79,0.15
13022,4298,179,1,84.41,0.25
13023,4298,180,4,108.11,0.3
13024,4298,61,4,194.35,0.25
13025,4298,138,3,126.3,0.3
13026,4299,83,3,288.7,0.25
13027,4300,145,3,246.97,0.3
13028,4300,138,4,135.32,0.25
13029,4300,65,3,341.62,0.25
13030,4301,21,4,27.31,0.0
13031,4301,7,3,251.07,0.0
13032,4301,75,1,236.22,0.0
13033,4301,69,1,54.74,0.0
13034,4302,117,4,61.1,0.1
13035,4302,57,3,256.97,0.2
13036,4302,109,3,105.07,0.2
13037,4302,20,4,126.85,0.1
13038,4302,66,4,107.45,0.1
13039,4303,141,2,92.45,0.25
13040,4303,115,2,367.57,0.15
13041,4303,66,1,101.48,0.15
13042,4303,49,1,179.34,0.2
13043,4303,6,2,47.48,0.15
13044,4304,19,3,210.69,0.2
13045,4304,74,2,255.92,0.2
13046,4304,65,1,364.4,0.2
13047,4304,97,1,192.77,0.2
13048,4304,81,3,256.28,0.25
13049,4305,139,1,362.95,0.1
13050,4305,99,3,50.76,0.1
13051,4305,144,2,120.47,0.1
13052,4306,156,3,105.9,0.3
13053,4306,100,3,195.86,0.35
13054,4306,168,3,216.59,0.3
13055,4306,62,4,269.14,0.25
13056,4307,127,3,104.57,0.2
13057,4307,129,4,129.24,0.30000000000000004
13058,4308,61,2,246.17,0.05
13059,4309,37,3,167.96,0.25
13060,4310,78,3,292.67,0.15000000000000002
13061,4310,41,1,192.72,0.05
13062,4310,102,4,287.86,0.05
13063,4310,18,4,122.75,0.05
13064,4311,113,3,173.81,0.25
13065,4311,159,4,236.52,0.30000000000000004
13066,4312,141,3,110.94,0.1
13067,4312,66,1,95.51,0.2
13068,4312,154,3,22.2,0.15000000000000002
13069,4313,138,2,153.37,0.15000000000000002
13070,4313,98,3,129.58,0.2
13071,4313,75,3,188.98,0.2
13072,4314,167,3,220.47,0.1
13073,4314,104,4,239.84,0.15000000000000002
13074,4314,67,1,297.44,0.15000000000000002
13075,4314,139,2,342.79,0.15000000000000002
13076,4315,164,1,134.79,0.35
13077,4315,116,4,278.58,0.3
13078,4315,156,1,113.47,0.25
13079,4315,102,4,227.26,0.25
13080,4316,158,2,111.31,0.05
13081,4316,171,1,148.35,0.0
13082,4316,31,4,59.22,0.1
13083,4317,166,1,180.56,0.25
13084,4317,148,2,131.31,0.30000000000000004
13085,4318,94,1,106.68,0.15000000000000002
13086,4318,62,3,322.97,0.1
13087,4318,63,2,253.08,0.1
13088,4319,167,2,195.98,0.2
13089,4319,125,3,35.18,0.2
13090,4319,7,1,213.41,0.15
13091,4319,143,1,110.95,0.25
13092,4319,78,4,292.67,0.15
13093,4320,54,1,160.42,0.05
13094,4320,14,2,116.54,0.1
13095,4320,165,1,196.79,0.0
13096,4320,129,2,175.4,0.05
13097,4320,148,1,187.58,0.0
13098,4321,44,1,210.14,0.25
13099,4321,66,1,89.54,0.25
13100,4322,112,4,192.44,0.25
13101,4322,94,1,100.41,0.2
13102,4323,68,1,136.99,0.25
13103,4324,163,2,274.19,0.25
13104,4325,1,3,230.09,0.1
13105,4325,98,1,145.78,0.1
13106,4325,135,1,334.15,0.15000000000000002
13107,4325,172,2,119.34,0.2
13108,4325,20,4,126.85,0.1
13109,4326,168,2,278.47,0.1
13110,4326,108,4,231.15,0.2
13111,4326,35,3,48.69,0.1
13112,4326,116,1,358.17,0.1
13113,4327,6,2,41.89,0.25
13114,4327,108,4,187.81,0.35
13115,4327,107,1,125.11,0.25
13116,4327,46,1,42.34,0.25
13117,4328,49,3,179.34,0.2
13118,4328,132,2,150.28,0.2
13119,4328,150,2,242.95,0.2
13120,4328,135,2,294.84,0.25
13121,4329,110,1,85.76,0.2
13122,4329,106,4,210.73,0.2
13123,4329,154,2,19.59,0.25
13124,4330,143,2,133.15,0.1
13125,4330,72,3,107.93,0.05
13126,4331,3,3,204.18,0.15
13127,4331,111,3,219.24,0.15
13128,4331,162,4,83.78,0.15
13129,4332,97,2,192.77,0.2
13130,4333,174,1,294.81,0.15
13131,4333,60,3,183.84,0.15
13132,4334,80,4,50.86,0.05
13133,4334,18,3,122.75,0.05
13134,4334,133,3,270.21,0.05
13135,4334,153,4,54.67,0.05
13136,4334,3,3,228.2,0.05
13137,4335,95,3,379.49,0.1
13138,4335,7,1,238.52,0.05
13139,4336,38,4,197.17,0.25
13140,4336,87,4,65.51,0.35
13141,4336,160,1,164.92,0.3
13142,4337,146,2,109.89,0.2
13143,4337,15,1,201.06,0.2
13144,4337,177,4,202.91,0.25
13145,4337,70,4,283.1,0.2
13146,4338,89,4,113.83,0.15000000000000002
13147,4338,141,4,110.94,0.1
13148,4338,115,3,389.19,0.1
13149,4339,86,1,233.97,0.30000000000000004
13150,4339,96,3,284.62,0.2
13151,4339,37,3,167.96,0.25
13152,4339,158,1,93.74,0.2
13153,4340,149,3,153.53,0.1
13154,4340,63,4,239.02,0.15000000000000002
13155,4341,90,2,211.09,0.3
13156,4342,76,3,121.27,0.2
13157,4343,104,2,225.74,0.2
13158,4343,147,2,158.16,0.25
13159,4343,43,2,258.09,0.2
13160,4343,139,2,322.62,0.2
13161,4344,180,1,123.55,0.2
13162,4344,23,1,300.38,0.2
13163,4344,106,4,184.39,0.30000000000000004
13164,4345,45,2,153.48,0.15
13165,4345,115,1,367.57,0.15
13166,4346,98,4,137.68,0.15
13167,4347,51,1,237.44,0.2
13168,4347,145,2,282.25,0.2
13169,4347,73,1,129.44,0.30000000000000004
13170,4348,46,3,47.98,0.15
13171,4348,145,3,299.89,0.15
13172,4348,37,4,190.36,0.15
13173,4348,159,3,287.2,0.15
13174,4348,169,4,86.81,0.15
13175,4349,9,3,125.42,0.35
13176,4349,4,3,142.35,0.3
13177,4349,8,1,63.65,0.25
13178,4349,56,2,159.86,0.25
13179,4350,16,1,86.09,0.35
13180,4350,150,2,227.77,0.25
13181,4350,155,4,175.81,0.35
13182,4351,108,4,231.15,0.2
13183,4351,129,1,147.7,0.2
13184,4352,11,4,214.49,0.1
13185,4352,23,1,337.93,0.1
13186,4353,95,4,358.41,0.15
13187,4353,23,3,281.61,0.25
13188,4354,163,3,310.74,0.15000000000000002
13189,4355,73,2,138.68,0.25
13190,4355,56,2,159.86,0.25
13191,4355,133,2,184.88,0.35
13192,4355,82,1,86.95,0.25
13193,4356,5,1,248.16,0.35
13194,4356,125,1,32.98,0.25
13195,4357,106,3,210.73,0.2
13196,4357,178,3,40.26,0.2
13197,4357,114,1,27.38,0.2
13198,4357,101,3,312.5,0.2
13199,4358,166,4,216.68,0.1
13200,4358,92,2,115.24,0.1
13201,4358,8,3,84.87,0.0
13202,4358,106,3,263.41,0.0
13203,4358,103,3,138.58,0.05
13204,4359,127,3,91.5,0.3
13205,4359,169,2,66.38,0.35
13206,4360,55,3,218.72,0.25
13207,4360,29,1,215.3,0.25
13208,4360,1,3,191.75,0.25
13209,4360,95,1,295.16,0.3
13210,4361,103,1,131.28,0.1
13211,4361,103,2,145.87,0.0
13212,4361,174,3,312.16,0.1
13213,4362,20,2,126.85,0.1
13214,4363,34,2,333.1,0.2
13215,4363,19,2,210.69,0.2
13216,4364,37,3,179.16,0.2
13217,4364,50,4,16.95,0.30000000000000004
13218,4364,84,2,242.82,0.2
13219,4365,42,4,173.67,0.2
13220,4365,169,3,86.81,0.15
13221,4365,21,3,23.21,0.15
13222,4365,20,2,119.81,0.15
13223,4365,131,3,100.33,0.15
13224,4366,152,2,63.27,0.1
13225,4366,34,1,374.73,0.1
13226,4366,61,3,246.17,0.05
13227,4367,175,2,116.61,0.0
13228,4367,61,1,259.13,0.0
13229,4367,168,1,293.94,0.05
13230,4368,122,4,228.48,0.2
13231,4368,76,2,113.69,0.25
13232,4369,178,3,37.74,0.25
13233,4370,30,4,146.06,0.1
13234,4370,31,4,65.8,0.0
13235,4371,148,1,168.82,0.1
13236,4371,12,4,219.56,0.1
13237,4372,133,2,227.54,0.2
13238,4372,118,1,304.95,0.1
13239,4373,15,4,188.5,0.25
13240,4373,26,3,260.85,0.25
13241,4373,161,3,191.07,0.25
13242,4374,46,2,56.45,0.0
13243,4374,143,3,147.94,0.0
13244,4374,79,3,64.3,0.1
13245,4374,114,2,34.22,0.0
13246,4375,111,2,180.55,0.30000000000000004
13247,4375,110,1,75.04,0.30000000000000004
13248,4375,163,4,292.46,0.2
13249,4375,77,4,395.34,0.2
13250,4375,91,2,322.35,0.2
13251,4376,67,1,244.95,0.3
13252,4376,15,2,188.5,0.25
13253,4376,102,2,227.26,0.25
13254,4376,74,1,223.93,0.3
13255,4376,148,4,121.93,0.35
13256,4377,161,2,178.33,0.3
13257,4377,155,4,202.85,0.25
13258,4377,99,1,42.3,0.25
13259,4378,26,2,243.46,0.30000000000000004
13260,4378,25,4,18.65,0.2
13261,4378,12,3,195.16,0.2
13262,4378,168,3,247.53,0.2
13263,4379,150,1,212.58,0.3
13264,4379,156,3,98.34,0.35
13265,4379,111,1,180.55,0.3
13266,4380,114,2,32.51,0.05
13267,4380,55,2,262.46,0.1
13268,4380,176,2,21.3,0.05
13269,4380,14,2,123.02,0.05
13270,4380,168,1,293.94,0.05
13271,4381,157,2,199.88,0.25
13272,4382,64,1,199.63,0.15
13273,4382,177,2,229.96,0.15
13274,4382,19,4,223.86,0.15
13275,4382,74,2,271.91,0.15
13276,4382,31,3,55.93,0.15
13277,4383,156,3,136.16,0.1
13278,4383,103,3,131.28,0.1
13279,4383,79,2,60.72,0.15000000000000002
13280,4384,41,1,152.15,0.25
13281,4384,34,1,312.28,0.25
13282,4384,93,2,184.07,0.25
13283,4384,126,1,36.89,0.35
13284,4385,123,3,117.36,0.25
13285,4386,142,3,314.56,0.15
13286,4386,54,3,143.53,0.15
13287,4386,3,2,204.18,0.15
13288,4386,6,3,44.69,0.2
13289,4386,178,3,42.77,0.15
13290,4387,16,4,105.96,0.2
13291,4387,150,3,227.77,0.25
13292,4387,10,3,388.74,0.2
13293,4388,62,2,269.14,0.25
13294,4388,99,4,42.3,0.25
13295,4388,165,2,147.59,0.25
13296,4388,170,2,11.72,0.25
13297,4388,53,2,105.85,0.25
13298,4389,16,2,132.45,0.0
13299,4389,148,3,178.2,0.05
13300,4389,170,3,15.63,0.0
13301,4390,19,2,184.35,0.3
13302,4390,160,3,164.92,0.3
13303,4390,105,4,127.3,0.35
13304,4391,121,3,388.21,0.1
13305,4391,44,4,252.17,0.1
13306,4391,149,1,153.53,0.1
13307,4392,147,2,158.16,0.25
13308,4392,32,1,99.61,0.25
13309,4392,126,4,42.56,0.25
13310,4393,71,1,253.44,0.25
13311,4393,101,1,312.5,0.2
13312,4393,171,1,118.68,0.2
13313,4393,43,3,258.09,0.2
13314,4394,119,3,132.69,0.1
13315,4394,114,4,30.8,0.1
13316,4394,125,1,39.57,0.1
13317,4394,180,2,123.55,0.2
13318,4395,140,1,181.23,0.35
13319,4396,93,3,220.89,0.1
13320,4396,89,2,120.53,0.1
13321,4396,31,4,59.22,0.1
13322,4397,100,1,241.06,0.2
13323,4397,42,1,195.38,0.1
13324,4397,162,3,88.7,0.1
13325,4398,35,1,51.39,0.05
13326,4398,109,3,131.34,0.0
13327,4398,101,2,351.56,0.1
13328,4399,49,4,224.18,0.0
13329,4400,159,2,337.88,0.0
13330,4400,150,2,303.69,0.0
13331,4400,130,3,135.59,0.1
13332,4400,162,4,93.63,0.05
13333,4400,64,2,234.86,0.0
13334,4401,175,1,104.95,0.1
13335,4402,38,4,262.9,0.0
13336,4402,81,1,341.71,0.0
13337,4403,23,2,281.61,0.25
13338,4403,140,3,223.06,0.2
13339,4403,138,1,144.34,0.2
13340,4404,62,2,269.14,0.25
13341,4404,9,2,154.36,0.2
13342,4405,57,2,321.21,0.0
13343,4405,88,3,217.96,0.0
13344,4406,144,4,127.17,0.05
13345,4406,145,2,352.81,0.0
13346,4406,17,3,93.84,0.0
13347,4406,180,2,154.44,0.0
13348,4406,33,1,215.45,0.0
13349,4407,121,2,388.21,0.1
13350,4408,15,1,175.93,0.3
13351,4408,6,3,36.31,0.35
13352,4408,144,4,100.4,0.25
13353,4408,97,2,168.67,0.3
13354,4408,131,1,88.52,0.25
13355,4409,111,2,180.55,0.3
13356,4409,54,1,126.65,0.25
13357,4410,178,4,32.71,0.35
13358,4410,154,3,19.59,0.25
13359,4411,104,4,225.74,0.2
13360,4411,50,4,21.79,0.1
13361,4411,79,3,57.15,0.2
13362,4412,19,3,197.52,0.25
13363,4412,179,4,90.04,0.2
13364,4412,161,1,203.81,0.2
13365,4413,13,2,56.75,0.05
13366,4413,1,2,230.09,0.1
13367,4414,118,3,237.18,0.30000000000000004
13368,4414,125,1,32.98,0.25
13369,4414,115,1,345.94,0.2
13370,4415,37,4,156.76,0.30000000000000004
13371,4415,172,3,104.43,0.30000000000000004
13372,4415,170,3,12.5,0.2
13373,4415,36,4,51.73,0.2
13374,4416,46,2,47.98,0.15
13375,4416,177,4,229.96,0.15
13376,4417,65,2,341.62,0.25
13377,4417,142,3,259.05,0.30000000000000004
13378,4418,94,4,87.86,0.30000000000000004
13379,4418,136,2,216.11,0.2
13380,4418,104,2,225.74,0.2
13381,4419,168,4,309.41,0.0
13382,4420,162,2,98.56,0.0
13383,4420,93,1,245.43,0.0
13384,4420,161,4,229.28,0.1
13385,4420,35,2,48.69,0.1
13386,4420,172,1,149.18,0.0
13387,4421,88,3,217.96,0.0
13388,4421,111,4,257.93,0.0
13389,4422,86,3,300.82,0.1
13390,4422,176,3,19.06,0.15000000000000002
13391,4423,53,4,105.85,0.25
13392,4423,96,1,266.83,0.25
13393,4423,118,4,220.24,0.35
13394,4424,50,4,18.16,0.25
13395,4424,129,2,147.7,0.2
13396,4424,9,3,144.71,0.25
13397,4425,30,4,129.83,0.2
13398,4425,56,4,191.84,0.1
13399,4425,95,2,337.33,0.2
13400,4426,14,2,110.07,0.15
13401,4426,6,3,47.48,0.15
13402,4426,64,3,199.63,0.15
13403,4426,32,2,112.89,0.15
13404,4427,125,4,43.97,0.0
13405,4428,147,4,200.34,0.05
13406,4429,128,4,149.51,0.35
13407,4429,55,4,218.72,0.25
13408,4429,138,2,135.32,0.25
13409,4429,55,2,218.72,0.25
13410,4430,54,2,126.65,0.25
13411,4431,33,1,161.59,0.25
13412,4431,15,1,188.5,0.25
13413,4431,110,1,69.68,0.35
13414,4431,27,2,82.41,0.25
13415,4431,84,1,227.65,0.25
13416,4432,18,2,96.91,0.25
13417,4433,144,2,107.09,0.2
13418,4434,38,3,249.75,0.05
13419,4435,142,2,296.06,0.2
13420,4435,82,3,81.16,0.30000000000000004
13421,4435,30,1,129.83,0.2
13422,4435,49,4,156.93,0.30000000000000004
13423,4435,156,4,113.47,0.25
13424,4436,131,2,88.52,0.25
13425,4436,140,3,209.12,0.25
13426,4436,147,4,147.62,0.3
13427,4436,129,4,120.01,0.35
13428,4436,24,1,272.59,0.35
13429,4437,33,4,172.36,0.2
13430,4437,85,4,80.71,0.2
13431,4437,137,1,56.4,0.15000000000000002
13432,4438,61,4,220.26,0.15
13433,4438,114,3,27.38,0.2
13434,4439,55,3,262.46,0.1
13435,4439,144,2,113.78,0.15000000000000002
13436,4439,145,2,317.53,0.1
13437,4439,88,4,196.16,0.1
13438,4440,107,2,125.11,0.25
13439,4440,165,2,147.59,0.25
13440,4440,73,3,129.44,0.3
13441,4440,164,4,155.53,0.25
13442,4440,126,3,39.72,0.3
13443,4441,64,3,164.4,0.3
13444,4441,24,3,314.53,0.25
13445,4441,32,3,92.97,0.3
13446,4441,122,1,214.2,0.25
13447,4441,16,2,99.34,0.25
13448,4442,5,4,324.52,0.15000000000000002
13449,4442,78,4,309.89,0.1
13450,4442,36,4,58.19,0.1
13451,4442,16,1,119.2,0.1
13452,4443,21,3,20.48,0.25
13453,4443,161,1,191.07,0.25
13454,4443,31,4,49.35,0.25
13455,4443,179,4,84.41,0.25
13456,4443,107,3,125.11,0.25
13457,4444,88,4,163.47,0.25
13458,4444,101,2,332.03,0.15
13459,4445,40,1,173.25,0.0
13460,4445,48,3,172.87,0.1
13461,4446,98,1,121.48,0.25
13462,4446,86,1,284.1,0.15
13463,4446,52,1,63.28,0.2
13464,4446,173,2,386.21,0.15
13465,4446,154,3,22.2,0.15
13466,4447,22,3,72.2,0.25
13467,4447,37,3,167.96,0.25
13468,4447,179,1,78.78,0.3
13469,4447,135,2,294.84,0.25
13470,4448,37,3,201.56,0.1
13471,4448,15,4,226.2,0.1
13472,4448,23,3,337.93,0.1
13473,4448,160,4,188.48,0.2
13474,4449,61,2,220.26,0.15
13475,4449,112,1,218.1,0.15
13476,4449,142,2,277.55,0.25
13477,4449,126,4,48.24,0.15
13478,4450,34,3,353.91,0.15
13479,4451,44,3,252.17,0.1
13480,4451,25,1,22.14,0.05
13481,4452,132,2,150.28,0.2
13482,4452,92,2,108.83,0.15
13483,4452,126,3,48.24,0.15
13484,4452,16,1,105.96,0.2
13485,4453,26,1,226.07,0.35
13486,4453,44,4,196.13,0.3
13487,4453,105,4,146.88,0.25
13488,4453,115,1,281.08,0.35
13489,4454,82,4,86.95,0.25
13490,4454,131,2,88.52,0.25
13491,4454,121,1,323.5,0.25
13492,4455,47,4,77.74,0.1
13493,4455,138,3,144.34,0.2
13494,4455,180,3,139.0,0.1
13495,4456,69,2,43.79,0.2
13496,4456,67,2,279.94,0.2
13497,4456,49,3,156.93,0.30000000000000004
13498,4456,69,4,41.05,0.25
13499,4457,42,3,184.53,0.15
13500,4457,61,2,194.35,0.25
13501,4457,6,3,47.48,0.15
13502,4457,107,3,141.79,0.15
13503,4458,155,3,216.38,0.2
13504,4458,143,2,103.56,0.30000000000000004
13505,4458,177,2,189.38,0.30000000000000004
13506,4458,162,1,78.85,0.2
13507,4458,49,3,156.93,0.30000000000000004
13508,4459,43,1,274.22,0.15
13509,4459,153,2,48.92,0.15
13510,4459,107,3,141.79,0.15
13511,4459,120,3,294.78,0.15
13512,4460,60,2,194.65,0.1
13513,4461,140,4,250.94,0.1
13514,4461,108,3,260.05,0.1
13515,4461,46,2,50.81,0.1
13516,4461,21,2,24.58,0.1
13517,4461,21,1,21.85,0.2
13518,4462,26,3,347.8,0.0
13519,4462,151,4,223.47,0.05
13520,4462,125,3,41.77,0.05
13521,4462,19,4,263.36,0.0
13522,4462,126,4,53.91,0.05
13523,4463,33,1,204.68,0.05
13524,4463,149,2,162.06,0.05
13525,4464,161,3,178.33,0.30000000000000004
13526,4464,5,3,267.25,0.30000000000000004
13527,4464,50,4,18.16,0.25
13528,4464,82,3,92.75,0.2
13529,4465,158,4,87.88,0.25
13530,4466,41,4,142.0,0.30000000000000004
13531,4466,159,1,253.41,0.25
13532,4467,125,1,32.98,0.25
13533,4467,56,3,149.2,0.3
13534,4467,87,2,70.55,0.3
13535,4468,121,4,366.64,0.15
13536,4468,61,2,220.26,0.15
13537,4468,154,3,22.2,0.15
13538,4469,93,4,245.43,0.0
13539,4469,74,4,319.9,0.0
13540,4470,81,2,256.28,0.25
13541,4470,85,2,80.71,0.2
13542,4471,94,4,100.41,0.2
13543,4472,107,4,141.79,0.15
13544,4472,15,1,213.63,0.15
13545,4472,80,1,45.51,0.15
13546,4473,62,1,305.02,0.15000000000000002
13547,4473,66,1,113.42,0.05
13548,4474,49,1,224.18,0.0
13549,4475,99,1,39.48,0.3
13550,4476,12,4,182.96,0.25
13551,4476,73,4,138.68,0.25
13552,4477,56,2,159.86,0.25
13553,4478,5,4,324.52,0.15000000000000002
13554,4478,77,3,444.76,0.1
13555,4479,47,4,73.42,0.15000000000000002
13556,4479,99,2,53.58,0.05
13557,4479,63,4,267.14,0.05
13558,4480,93,1,208.62,0.15
13559,4480,93,1,208.62,0.15
13560,4480,123,4,133.01,0.15
13561,4480,77,3,370.63,0.25
13562,4480,42,1,184.53,0.15
13563,4481,34,2,312.28,0.25
13564,4481,119,2,110.57,0.25
13565,4481,43,4,241.96,0.25
13566,4482,82,2,86.95,0.25
13567,4482,170,1,10.94,0.3
13568,4482,95,4,295.16,0.3
13569,4482,102,2,196.96,0.35
13570,4483,91,2,362.65,0.1
13571,4483,41,4,162.29,0.2
13572,4483,91,3,362.65,0.1
13573,4484,60,3,183.84,0.15
13574,4484,15,1,201.06,0.2
13575,4484,94,1,100.41,0.2
13576,4484,172,2,126.8,0.15
13577,4485,61,3,220.26,0.15
13578,4486,158,4,87.88,0.25
13579,4486,107,2,125.11,0.25
13580,4486,45,2,153.48,0.15
13581,4486,66,3,101.48,0.15
13582,4487,86,1,300.82,0.1
13583,4488,120,2,294.78,0.15
13584,4489,84,3,242.82,0.2
13585,4489,93,2,196.34,0.2
13586,4489,15,4,201.06,0.2
13587,4489,80,1,42.83,0.2
13588,4489,82,3,92.75,0.2
13589,4490,126,3,51.08,0.1
13590,4491,6,1,41.89,0.25
13591,4491,35,1,37.87,0.3
13592,4491,56,3,138.55,0.35
13593,4491,119,1,95.83,0.35
13594,4491,42,2,162.82,0.25
13595,4492,134,4,102.29,0.25
13596,4492,158,3,76.16,0.35
13597,4492,178,2,37.74,0.25
13598,4492,115,2,302.7,0.3
13599,4492,60,3,162.21,0.25
13600,4493,11,4,214.49,0.1
13601,4493,93,1,196.34,0.2
13602,4494,125,4,35.18,0.2
13603,4494,30,3,113.6,0.30000000000000004
13604,4495,85,2,85.76,0.15000000000000002
13605,4495,21,3,24.58,0.1
13606,4496,113,1,196.99,0.15
13607,4496,108,2,231.15,0.2
13608,4497,91,1,342.5,0.15000000000000002
13609,4497,108,2,260.05,0.1
13610,4497,2,1,117.82,0.05
13611,4498,25,4,18.65,0.2
13612,4498,12,1,195.16,0.2
13613,4498,146,4,109.89,0.2
13614,4498,23,2,300.38,0.2
13615,4499,87,4,80.62,0.2
13616,4500,26,3,260.85,0.25
13617,4500,28,3,326.38,0.2
13618,4500,63,2,224.96,0.2
13619,4500,126,2,42.56,0.25
13620,4500,85,2,80.71,0.2
13621,4501,77,3,370.63,0.25
13622,4501,42,1,184.53,0.15
13623,4501,129,2,156.94,0.15
13624,4501,23,4,281.61,0.25
13625,4501,23,3,319.16,0.15
13626,4502,66,3,83.57,0.30000000000000004
13627,4502,168,1,247.53,0.2
13628,4503,156,2,136.16,0.1
13629,4503,42,1,184.53,0.15000000000000002
13630,4503,31,3,59.22,0.1
13631,4503,150,4,258.14,0.15000000000000002
13632,4504,38,1,236.61,0.1
13633,4504,69,2,43.79,0.2
13634,4504,35,4,48.69,0.1
13635,4504,66,4,107.45,0.1
13636,4505,153,2,40.28,0.3
13637,4505,100,4,195.86,0.35
13638,4505,28,1,305.98,0.25
13639,4505,21,3,19.12,0.3
13640,4506,174,4,312.16,0.1
13641,4506,74,3,271.91,0.15000000000000002
13642,4506,93,2,196.34,0.2
13643,4507,158,3,105.45,0.1
13644,4507,43,1,274.22,0.15000000000000002
13645,4507,99,1,50.76,0.1
13646,4507,92,1,115.24,0.1
13647,4507,168,3,278.47,0.1
13648,4508,165,2,147.59,0.25
13649,4508,134,1,102.29,0.25
13650,4508,14,2,90.64,0.3
13651,4509,86,4,217.26,0.35
13652,4509,117,2,50.92,0.25
13653,4510,114,3,25.66,0.25
13654,4510,71,3,287.23,0.15
13655,4510,11,2,190.66,0.2
13656,4510,36,1,48.49,0.25
13657,4511,78,3,309.89,0.1
13658,4512,128,1,195.51,0.15
13659,4512,117,2,50.92,0.25
13660,4512,175,4,99.12,0.15
13661,4512,70,4,300.79,0.15
13662,4512,33,1,183.13,0.15
13663,4513,155,1,216.38,0.2
13664,4514,35,2,43.28,0.2
13665,4514,92,3,102.43,0.2
13666,4514,112,1,205.27,0.2
13667,4515,25,3,20.98,0.1
13668,4515,104,4,225.74,0.2
13669,4515,123,1,140.83,0.1
13670,4515,127,2,117.64,0.1
13671,4515,131,3,106.23,0.1
13672,4516,35,3,45.98,0.15
13673,4516,80,1,45.51,0.15
13674,4516,103,1,116.7,0.2
13675,4516,118,3,254.12,0.25
13676,4517,142,3,314.56,0.15
13677,4517,53,1,119.96,0.15
13678,4517,94,3,100.41,0.2
13679,4518,29,3,258.36,0.1
13680,4518,106,1,210.73,0.2
13681,4518,144,3,113.78,0.15000000000000002
13682,4518,62,3,322.97,0.1
13683,4518,132,3,169.06,0.1
13684,4519,143,1,140.54,0.05
13685,4520,12,3,207.36,0.15
13686,4520,125,4,35.18,0.2
13687,4520,24,1,314.53,0.25
13688,4520,126,1,48.24,0.15
13689,4521,122,4,228.48,0.2
13690,4521,58,4,267.44,0.15
13691,4521,121,1,366.64,0.15
13692,4521,73,1,157.17,0.15
13693,4522,176,1,17.94,0.2
13694,4522,52,4,71.19,0.1
13695,4522,175,1,104.95,0.1
13696,4522,161,1,229.28,0.1
13697,4523,46,3,56.45,0.0
13698,4523,180,4,154.44,0.0
13699,4523,64,2,211.37,0.1
13700,4523,110,4,107.2,0.0
13701,4523,108,3,260.05,0.1
13702,4524,65,3,341.62,0.25
13703,4524,75,1,165.35,0.3
13704,4524,149,1,127.94,0.25
13705,4524,25,2,15.15,0.35
13706,4524,36,2,48.49,0.25
13707,4525,81,3,341.71,0.0
13708,4525,162,3,98.56,0.0
13709,4526,143,3,110.95,0.25
13710,4526,87,4,80.62,0.2
13711,4527,23,3,356.71,0.05
13712,4527,43,4,322.61,0.0
13713,4528,1,3,191.75,0.25
13714,4528,50,1,16.95,0.3
13715,4528,70,4,265.4,0.25
13716,4529,176,2,20.18,0.1
13717,4529,25,3,20.98,0.1
13718,4530,52,1,59.32,0.25
13719,4530,23,1,281.61,0.25
13720,4531,141,1,104.78,0.15
13721,4532,64,1,199.63,0.15000000000000002
13722,4532,29,2,258.36,0.1
13723,4532,93,3,196.34,0.2
13724,4533,125,2,39.57,0.1
13725,4534,179,1,90.04,0.2
13726,4534,15,4,226.2,0.1
13727,4534,72,2,102.25,0.1
13728,4535,19,4,263.36,0.0
13729,4535,26,1,347.8,0.0
13730,4535,15,2,226.2,0.1
13731,4535,1,4,230.09,0.1
13732,4535,24,1,377.43,0.1
13733,4536,126,4,48.24,0.15000000000000002
13734,4536,27,1,104.39,0.05
13735,4537,27,2,98.89,0.1
13736,4537,77,2,469.47,0.05
13737,4538,172,3,134.26,0.1
13738,4538,108,4,274.49,0.05
13739,4539,76,3,128.85,0.15
13740,4539,146,3,116.76,0.15
13741,4540,122,2,257.04,0.1
13742,4540,67,1,314.94,0.1
13743,4540,8,4,72.14,0.15000000000000002
13744,4540,147,3,189.79,0.1
13745,4540,120,4,277.44,0.2
13746,4541,49,4,212.97,0.05
13747,4541,78,2,309.89,0.1
13748,4541,75,1,212.6,0.1
13749,4541,144,3,127.17,0.05
13750,4542,76,2,113.69,0.25
13751,4543,27,4,93.4,0.15
13752,4543,67,4,297.44,0.15
13753,4543,70,4,300.79,0.15
13754,4543,117,3,50.92,0.25
13755,4543,68,2,146.12,0.2
13756,4544,125,2,39.57,0.1
13757,4545,166,4,180.56,0.25
13758,4545,123,2,109.54,0.3
13759,4545,174,2,242.79,0.3
13760,4545,46,2,39.52,0.3
13761,4546,64,4,164.4,0.3
13762,4546,60,4,162.21,0.25
13763,4546,165,1,127.91,0.35
13764,4547,59,2,179.87,0.35
13765,4547,145,2,264.61,0.25
13766,4548,9,3,135.06,0.3
13767,4548,120,3,242.76,0.3
13768,4549,175,1,93.29,0.2
13769,4549,66,2,101.48,0.15
13770,4549,147,2,179.25,0.15
13771,4549,130,2,112.99,0.25
13772,4549,138,1,153.37,0.15
13773,4550,116,3,397.97,0.0
13774,4550,176,3,20.18,0.1
13775,4550,44,2,266.18,0.05
13776,4550,46,4,56.45,0.0
13777,4551,147,2,168.7,0.2
13778,4552,113,4,208.58,0.1
13779,4552,139,4,362.95,0.1
13780,4552,140,3,223.06,0.2
13781,4552,105,2,176.26,0.1
13782,4553,176,3,20.18,0.1
13783,4553,115,3,367.57,0.15000000000000002
13784,4553,63,1,253.08,0.1
13785,4553,37,4,201.56,0.1
13786,4553,7,3,225.96,0.1
13787,4554,37,1,167.96,0.25
13788,4554,132,4,122.1,0.35
13789,4554,103,1,109.4,0.25
13790,4555,175,2,99.12,0.15000000000000002
13791,4555,150,4,273.32,0.1
13792,4555,61,3,207.3,0.2
13793,4555,124,4,36.86,0.2
13794,4556,149,3,136.47,0.2
13795,4557,40,4,164.59,0.05
13796,4557,61,2,246.17,0.05
13797,4557,105,4,176.26,0.1
13798,4557,120,3,312.12,0.1
13799,4558,150,2,242.95,0.2
13800,4558,43,3,258.09,0.2
13801,4558,145,4,317.53,0.1
13802,4558,160,1,200.26,0.15000000000000002
13803,4558,133,3,255.99,0.1
13804,4559,142,3,314.56,0.15
13805,4559,25,2,19.81,0.15
13806,4559,125,1,37.37,0.15
13807,4560,161,4,203.81,0.2
13808,4560,102,2,212.11,0.30000000000000004
13809,4560,25,2,18.65,0.2
13810,4561,95,4,337.33,0.2
13811,4561,153,4,40.28,0.30000000000000004
13812,4561,116,4,278.58,0.30000000000000004
13813,4562,111,4,219.24,0.15
13814,4562,145,2,264.61,0.25
13815,4562,18,2,109.83,0.15
13816,4562,83,2,288.7,0.25
13817,4562,20,3,119.81,0.15
13818,4563,7,4,213.41,0.15
13819,4564,35,4,48.69,0.1
13820,4564,112,3,230.93,0.1
13821,4564,157,2,213.21,0.2
13822,4564,39,4,183.16,0.2
13823,4564,70,4,300.79,0.15000000000000002
13824,4565,20,3,112.76,0.2
13825,4565,98,2,129.58,0.2
13826,4565,79,4,53.58,0.25
13827,4565,173,4,318.06,0.30000000000000004
13828,4566,14,3,103.59,0.2
13829,4566,24,3,335.5,0.2
13830,4566,146,4,103.02,0.25
13831,4566,121,1,345.07,0.2
13832,4566,170,4,12.5,0.2
13833,4567,35,4,51.39,0.05
13834,4567,85,4,95.85,0.05
13835,4567,115,4,432.43,0.0
13836,4567,36,1,64.66,0.0
13837,4567,47,4,86.38,0.0
13838,4568,43,2,241.96,0.25
13839,4569,133,4,184.88,0.35
13840,4569,18,4,96.91,0.25
13841,4569,87,1,75.59,0.25
13842,4569,1,3,166.18,0.35
13843,4569,54,1,109.76,0.35
13844,4570,45,4,162.51,0.1
13845,4570,31,1,65.8,0.0
13846,4570,65,3,455.5,0.0
13847,4570,55,3,262.46,0.1
13848,4570,148,4,168.82,0.1
13849,4571,59,4,193.7,0.30000000000000004
13850,4571,50,3,18.16,0.25
13851,4572,114,2,34.22,0.0
13852,4572,30,4,162.29,0.0
13853,4572,110,3,101.84,0.05
13854,4572,179,1,101.3,0.1
13855,4572,29,4,287.07,0.0
13856,4573,134,4,115.93,0.15
13857,4573,65,4,341.62,0.25
13858,4573,73,3,147.93,0.2
13859,4573,131,1,94.42,0.2
13860,4573,156,1,128.6,0.15
13861,4574,16,1,92.71,0.3
13862,4574,139,2,262.13,0.35
13863,4574,40,4,129.94,0.25
13864,4574,13,4,41.82,0.3
13865,4575,91,4,302.2,0.25
13866,4575,99,4,42.3,0.25
13867,4576,29,4,258.36,0.1
13868,4576,109,3,118.21,0.1
13869,4576,132,3,169.06,0.1
13870,4576,59,2,221.38,0.2
13871,4577,48,1,192.08,0.0
13872,4577,143,3,147.94,0.0
13873,4578,30,3,137.95,0.15
13874,4578,118,1,271.06,0.2
13875,4578,17,3,79.76,0.15
13876,4578,118,1,271.06,0.2
13877,4579,95,2,316.25,0.25
13878,4579,84,2,258.0,0.15
13879,4580,56,3,181.18,0.15000000000000002
13880,4581,94,4,87.86,0.3
13881,4582,15,1,188.5,0.25
13882,4582,162,2,73.92,0.25
13883,4583,3,1,180.16,0.25
13884,4584,158,3,87.88,0.25
13885,4584,4,4,142.35,0.3
13886,4584,147,2,158.16,0.25
13887,4584,6,4,39.1,0.3
13888,4585,92,1,102.43,0.2
13889,4585,109,1,91.94,0.30000000000000004
13890,4586,45,1,171.54,0.05
13891,4586,4,3,203.36,0.0
13892,4586,112,4,256.59,0.0
13893,4586,85,3,95.85,0.05
13894,4586,129,3,166.17,0.1
13895,4587,151,1,211.71,0.1
13896,4587,33,2,183.13,0.15000000000000002
13897,4587,47,4,73.42,0.15000000000000002
13898,4588,121,1,388.21,0.1
13899,4588,84,3,273.18,0.1
13900,4589,35,1,35.16,0.35
13901,4589,98,3,121.48,0.25
13902,4589,20,2,91.62,0.35
13903,4589,142,3,240.55,0.35
13904,4590,143,4,125.75,0.15
13905,4590,113,4,196.99,0.15
13906,4590,134,4,102.29,0.25
13907,4591,178,4,40.26,0.2
13908,4592,48,2,192.08,0.0
13909,4593,28,3,367.17,0.1
13910,4593,66,2,119.39,0.0
13911,4594,77,2,370.63,0.25
13912,4594,147,1,158.16,0.25
13913,4594,146,4,89.28,0.35
13914,4594,58,4,235.97,0.25
13915,4595,53,2,98.79,0.3
13916,4595,20,1,105.71,0.25
13917,4596,117,3,47.52,0.3
13918,4596,112,1,192.44,0.25
13919,4596,145,3,264.61,0.25
13920,4596,179,3,84.41,0.25
13921,4596,49,3,168.13,0.25
13922,4597,17,1,93.84,0.0
13923,4597,93,4,245.43,0.0
13924,4597,107,2,166.81,0.0
13925,4598,56,2,213.15,0.0
13926,4598,119,4,147.43,0.0
13927,4599,47,4,69.1,0.2
13928,4599,134,2,95.47,0.30000000000000004
13929,4599,135,3,314.5,0.2
13930,4600,180,2,108.11,0.3
13931,4601,59,2,235.21,0.15
13932,4601,83,1,307.94,0.2
13933,4602,7,1,213.41,0.15000000000000002
13934,4602,139,4,383.12,0.05
13935,4602,9,3,164.01,0.15000000000000002
13936,4602,156,2,143.73,0.05
13937,4602,76,4,144.01,0.05
13938,4603,69,2,35.58,0.35
13939,4603,69,2,41.05,0.25
13940,4604,174,1,260.13,0.25
13941,4604,154,3,19.59,0.25
13942,4604,15,3,201.06,0.2
13943,4605,115,3,389.19,0.1
13944,4605,12,3,243.95,0.0
13945,4605,131,1,118.03,0.0
13946,4605,130,4,135.59,0.1
13947,4606,22,4,72.2,0.25
13948,4606,177,2,202.91,0.25
13949,4607,74,3,319.9,0.0
13950,4608,157,4,186.56,0.3
13951,4609,21,2,20.48,0.25
13952,4609,15,2,188.5,0.25
13953,4610,36,1,64.66,0.0
13954,4611,24,4,377.43,0.1
13955,4611,11,3,214.49,0.1
13956,4611,162,4,88.7,0.1
13957,4611,85,4,90.8,0.1
13958,4611,47,3,77.74,0.1
13959,4612,56,2,191.84,0.1
13960,4612,180,1,123.55,0.2
13961,4612,6,4,50.27,0.1
13962,4613,104,2,211.63,0.25
13963,4613,56,1,149.2,0.3
13964,4613,21,3,20.48,0.25
13965,4614,56,1,159.86,0.25
13966,4614,103,4,102.11,0.3
13967,4614,88,1,163.47,0.25
13968,4614,124,4,34.55,0.25
13969,4614,45,2,117.37,0.35
13970,4615,100,4,225.99,0.25
13971,4615,104,1,211.63,0.25
13972,4615,102,1,227.26,0.25
13973,4615,60,3,162.21,0.25
13974,4616,123,3,140.83,0.1
13975,4617,149,4,153.53,0.1
13976,4617,88,1,185.27,0.15000000000000002
13977,4618,50,4,21.79,0.1
13978,4618,161,2,229.28,0.1
13979,4619,120,3,225.42,0.35
13980,4619,18,1,90.45,0.3
13981,4620,165,4,157.43,0.2
13982,4621,62,3,251.19,0.30000000000000004
13983,4621,123,3,117.36,0.25
13984,4621,15,2,201.06,0.2
13985,4621,71,1,253.44,0.25
13986,4621,129,1,147.7,0.2
13987,4622,19,1,263.36,0.0
13988,4623,30,1,162.29,0.0
13989,4623,40,4,173.25,0.0
13990,4623,2,1,124.02,0.0
13991,4624,175,4,93.29,0.2
13992,4624,29,4,229.66,0.2
13993,4624,60,4,162.21,0.25
13994,4624,16,1,99.34,0.25
13995,4624,18,3,103.37,0.2
13996,4625,1,2,204.53,0.2
13997,4626,175,1,99.12,0.15
13998,4626,27,2,93.4,0.15
13999,4626,107,2,141.79,0.15
14000,4627,134,3,95.47,0.30000000000000004
14001,4628,153,2,48.92,0.15
14002,4628,80,1,45.51,0.15
14003,4628,131,2,88.52,0.25
14004,4628,113,2,196.99,0.15
14005,4628,112,3,218.1,0.15
14006,4629,140,4,209.12,0.25
14007,4629,140,4,195.17,0.3
14008,4629,115,1,324.32,0.25
14009,4630,123,4,117.36,0.25
14010,4630,9,4,144.71,0.25
14011,4631,10,4,364.45,0.25
14012,4631,157,2,199.88,0.25
14013,4631,162,3,73.92,0.25
14014,4632,95,3,316.25,0.25
14015,4633,179,4,106.92,0.05
14016,4634,26,1,278.24,0.2
14017,4635,33,3,161.59,0.25
14018,4636,29,2,200.95,0.3
14019,4636,102,3,212.11,0.3
14020,4637,26,3,278.24,0.2
14021,4637,145,1,299.89,0.15
14022,4637,94,2,106.68,0.15
14023,4637,129,2,138.47,0.25
14024,4637,110,2,91.12,0.15
14025,4638,122,2,257.04,0.1
14026,4638,129,3,156.94,0.15000000000000002
14027,4638,168,4,278.47,0.1
14028,4638,39,4,206.06,0.1
14029,4639,93,4,196.34,0.2
14030,4639,117,1,47.52,0.30000000000000004
14031,4639,132,2,131.49,0.30000000000000004
14032,4639,170,4,10.94,0.30000000000000004
14033,4639,71,3,270.34,0.2
14034,4640,59,3,207.54,0.25
14035,4641,7,4,225.96,0.1
14036,4641,174,3,312.16,0.1
14037,4641,44,4,252.17,0.1
14038,4642,5,2,343.61,0.1
14039,4642,79,4,60.72,0.15000000000000002
14040,4643,148,2,150.06,0.2
14041,4643,28,2,346.77,0.15000000000000002
14042,4644,129,4,156.94,0.15
14043,4644,101,1,312.5,0.2
14044,4644,45,2,153.48,0.15
14045,4645,114,1,29.09,0.15
14046,4646,155,4,216.38,0.2
14047,4646,144,1,100.4,0.25
14048,4647,59,2,221.38,0.2
14049,4647,170,3,12.5,0.2
14050,4647,137,4,53.08,0.2
14051,4647,8,2,67.9,0.2
14052,4647,50,4,16.95,0.30000000000000004
14053,4648,105,1,176.26,0.1
14054,4649,103,3,123.99,0.15000000000000002
14055,4649,30,2,137.95,0.15000000000000002
14056,4650,27,4,98.89,0.1
14057,4650,6,3,44.69,0.2
14058,4651,9,3,154.36,0.2
14059,4652,58,1,235.97,0.25
14060,4652,56,3,149.2,0.30000000000000004
14061,4652,153,1,43.16,0.25
14062,4652,56,3,170.52,0.2
14063,4652,131,1,94.42,0.2
14064,4653,110,3,91.12,0.15
14065,4653,149,1,136.47,0.2
14066,4653,28,2,305.98,0.25
14067,4654,122,1,228.48,0.2
14068,4654,75,1,165.35,0.30000000000000004
14069,4654,27,2,87.9,0.2
14070,4654,161,2,203.81,0.2
14071,4655,66,3,95.51,0.2
14072,4655,10,4,413.04,0.15
14073,4655,66,3,89.54,0.25
14074,4655,131,2,88.52,0.25
14075,4655,121,3,323.5,0.25
14076,4656,92,4,108.83,0.15
14077,4656,128,4,195.51,0.15
14078,4656,156,3,128.6,0.15
14079,4657,120,2,242.76,0.30000000000000004
14080,4657,145,2,264.61,0.25
14081,4658,133,3,270.21,0.05
14082,4659,147,2,168.7,0.2
14083,4659,95,1,379.49,0.1
14084,4659,85,1,90.8,0.1
14085,4659,77,4,395.34,0.2
14086,4659,66,2,101.48,0.15000000000000002
14087,4660,171,2,126.1,0.15000000000000002
14088,4660,83,3,307.94,0.2
14089,4660,21,2,24.58,0.1
14090,4661,174,1,294.81,0.15
14091,4661,145,4,282.25,0.2
14092,4661,92,3,108.83,0.15
14093,4662,52,4,55.37,0.30000000000000004
14094,4663,160,4,235.6,0.0
14095,4663,175,4,116.61,0.0
14096,4663,91,1,402.94,0.0
14097,4664,51,4,207.76,0.30000000000000004
14098,4664,138,4,144.34,0.2
14099,4665,141,2,104.78,0.15
14100,4665,78,2,258.24,0.25
14101,4665,33,2,183.13,0.15
14102,4665,118,1,288.01,0.15
14103,4665,15,1,188.5,0.25
14104,4666,13,1,44.8,0.25
14105,4666,28,1,346.77,0.15
14106,4667,154,4,16.98,0.35
14107,4667,27,2,82.41,0.25
14108,4668,65,2,318.85,0.30000000000000004
14109,4668,164,1,165.9,0.2
14110,4669,73,4,138.68,0.25
14111,4669,5,2,305.43,0.2
14112,4670,171,1,111.26,0.25
14113,4670,6,2,41.89,0.25
14114,4670,69,1,38.32,0.3
14115,4670,88,1,141.67,0.35
14116,4671,35,2,43.28,0.2
14117,4671,6,3,44.69,0.2
14118,4671,39,3,183.16,0.2
14119,4671,142,2,296.06,0.2
14120,4671,73,3,147.93,0.2
14121,4672,45,2,144.46,0.2
14122,4672,129,1,129.24,0.30000000000000004
14123,4672,7,3,188.3,0.25
14124,4673,154,1,19.59,0.25
14125,4673,33,1,161.59,0.25
14126,4674,157,4,199.88,0.25
14127,4674,20,3,105.71,0.25
14128,4675,27,3,87.9,0.2
14129,4675,9,4,164.01,0.15
14130,4676,166,1,192.6,0.2
14131,4676,47,3,64.78,0.25
14132,4676,178,3,37.74,0.25
14133,4676,139,4,302.46,0.25
14134,4676,175,2,81.63,0.30000000000000004
14135,4677,54,1,126.65,0.25
14136,4677,148,2,159.44,0.15
14137,4678,90,4,226.16,0.25
14138,4678,148,4,140.69,0.25
14139,4678,54,4,135.09,0.2
14140,4678,81,3,273.37,0.2
14141,4679,141,4,86.29,0.30000000000000004
14142,4679,10,4,364.45,0.25
14143,4679,126,1,45.4,0.2
14144,4679,174,2,277.47,0.2
14145,4679,108,1,231.15,0.2
14146,4680,64,1,176.15,0.25
14147,4680,80,4,40.16,0.25
14148,4680,81,1,256.28,0.25
14149,4681,87,2,80.62,0.2
14150,4681,164,1,165.9,0.2
14151,4681,55,2,262.46,0.1
14152,4682,5,2,267.25,0.30000000000000004
14153,4682,156,2,121.03,0.2
14154,4682,45,4,144.46,0.2
14155,4683,104,1,211.63,0.25
14156,4683,81,2,256.28,0.25
14157,4683,32,4,99.61,0.25
14158,4683,6,2,41.89,0.25
14159,4684,173,3,408.93,0.1
14160,4684,38,4,249.75,0.05
14161,4684,116,2,378.07,0.05
14162,4684,149,3,162.06,0.05
14163,4685,93,2,233.16,0.05
14164,4685,173,4,454.37,0.0
14165,4685,58,2,298.9,0.05
14166,4686,68,2,155.25,0.15
14167,4686,153,4,43.16,0.25
14168,4687,162,1,83.78,0.15000000000000002
14169,4687,91,3,362.65,0.1
14170,4687,175,4,93.29,0.2
14171,4688,12,2,158.57,0.35
14172,4688,7,2,163.2,0.35
14173,4688,60,1,162.21,0.25
14174,4688,128,2,161.01,0.3
14175,4689,36,3,51.73,0.2
14176,4690,2,4,105.42,0.15
14177,4690,82,1,98.55,0.15
14178,4690,36,1,48.49,0.25
14179,4690,161,4,216.55,0.15
14180,4690,143,4,125.75,0.15
14181,4691,48,1,144.06,0.25
14182,4691,25,2,16.32,0.30000000000000004
14183,4691,92,3,96.03,0.25
14184,4691,135,3,314.5,0.2
14185,4691,40,1,138.6,0.2
14186,4692,69,3,49.27,0.1
14187,4692,107,3,141.79,0.15000000000000002
14188,4692,25,3,18.65,0.2
14189,4693,38,2,197.17,0.25
14190,4693,30,2,113.6,0.3
14191,4693,138,2,135.32,0.25
14192,4693,97,2,180.72,0.25
14193,4694,6,2,50.27,0.1
14194,4694,121,3,388.21,0.1
14195,4694,40,1,147.26,0.15000000000000002
14196,4695,41,3,152.15,0.25
14197,4695,127,2,104.57,0.2
14198,4695,96,3,284.62,0.2
14199,4695,26,3,278.24,0.2
14200,4695,156,1,121.03,0.2
14201,4696,68,2,146.12,0.2
14202,4696,28,1,305.98,0.25
14203,4696,70,2,300.79,0.15
14204,4696,116,3,318.38,0.2
14205,4696,41,1,172.43,0.15
14206,4697,158,1,93.74,0.2
14207,4697,51,3,237.44,0.2
14208,4698,39,4,160.26,0.3
14209,4699,169,4,86.81,0.15
14210,4699,133,1,241.77,0.15
14211,4700,31,4,46.06,0.30000000000000004
14212,4700,72,4,90.89,0.2
14213,4700,7,1,200.86,0.2
14214,4701,165,1,147.59,0.25
14215,4701,87,4,75.59,0.25
14216,4701,102,4,227.26,0.25
14217,4701,50,1,16.95,0.3
14218,4701,25,3,17.48,0.25
14219,4702,94,3,106.68,0.15000000000000002
14220,4702,134,3,109.11,0.2
14221,4703,141,4,117.11,0.05
14222,4704,130,1,150.65,0.0
14223,4704,41,2,202.86,0.0
14224,4704,57,1,321.21,0.0
14225,4704,18,3,129.21,0.0
14226,4704,100,1,301.32,0.0
14227,4705,106,3,210.73,0.2
14228,4705,141,4,110.94,0.1
14229,4705,77,1,444.76,0.1
14230,4705,170,3,14.07,0.1
14231,4706,26,4,295.63,0.15
14232,4706,45,4,153.48,0.15
14233,4706,22,4,72.2,0.25
14234,4706,82,3,86.95,0.25
14235,4706,95,1,316.25,0.25
14236,4707,136,4,202.6,0.25
14237,4707,167,1,183.73,0.25
14238,4707,124,2,29.95,0.35
14239,4708,85,2,85.76,0.15
14240,4708,68,4,146.12,0.2
14241,4709,31,1,42.77,0.35
14242,4709,87,1,70.55,0.3
14243,4709,101,2,253.9,0.35
14244,4709,4,4,152.52,0.25
14245,4709,60,4,162.21,0.25
14246,4710,126,1,48.24,0.15000000000000002
14247,4710,36,4,54.96,0.15000000000000002
14248,4710,141,3,110.94,0.1
14249,4710,168,2,263.0,0.15000000000000002
14250,4711,6,3,41.89,0.25
14251,4711,96,4,266.83,0.25
14252,4711,61,1,168.43,0.35
14253,4712,120,1,277.44,0.2
14254,4712,115,3,345.94,0.2
14255,4713,53,2,98.79,0.30000000000000004
14256,4714,151,3,176.42,0.25
14257,4714,53,2,105.85,0.25
14258,4714,2,2,86.81,0.30000000000000004
14259,4714,29,2,229.66,0.2
14260,4714,154,1,20.9,0.2
14261,4715,89,4,100.44,0.25
14262,4715,80,1,42.83,0.2
14263,4716,148,4,140.69,0.25
14264,4716,71,2,253.44,0.25
14265,4717,144,4,113.78,0.15000000000000002
14266,4718,36,2,48.49,0.25
14267,4718,92,4,89.63,0.30000000000000004
14268,4719,124,4,41.46,0.1
14269,4720,56,4,181.18,0.15
14270,4720,80,1,45.51,0.15
14271,4720,7,4,213.41,0.15
14272,4720,16,4,112.58,0.15
14273,4720,163,3,310.74,0.15
14274,4721,95,1,337.33,0.2
14275,4721,107,4,141.79,0.15
14276,4722,19,3,197.52,0.25
14277,4722,109,4,98.5,0.25
14278,4722,104,4,211.63,0.25
14279,4722,71,1,219.65,0.35
14280,4723,48,2,163.27,0.15000000000000002
14281,4723,9,1,173.66,0.1
14282,4724,81,2,256.28,0.25
14283,4725,142,2,296.06,0.2
14284,4726,113,2,185.4,0.2
14285,4726,177,2,229.96,0.15
14286,4726,1,2,191.75,0.25
14287,4726,41,1,162.29,0.2
14288,4726,77,1,395.34,0.2
14289,4727,3,4,168.15,0.3
14290,4727,167,3,183.73,0.25
14291,4728,60,2,140.58,0.35
14292,4728,24,3,293.56,0.3
14293,4728,90,1,226.16,0.25
14294,4729,81,3,273.37,0.2
14295,4729,79,1,57.15,0.2
14296,4729,79,3,60.72,0.15
14297,4729,13,4,50.78,0.15
14298,4729,73,4,157.17,0.15
14299,4730,154,2,19.59,0.25
14300,4730,139,3,322.62,0.2
14301,4731,74,3,255.92,0.2
14302,4731,56,4,170.52,0.2
14303,4731,65,2,387.18,0.15
14304,4731,4,4,162.69,0.2
14305,4732,88,2,163.47,0.25
14306,4732,8,4,63.65,0.25
14307,4732,51,4,237.44,0.2
14308,4733,131,4,82.62,0.3
14309,4734,81,1,239.2,0.30000000000000004
14310,4734,9,2,154.36,0.2
14311,4734,126,1,45.4,0.2
14312,4735,63,3,239.02,0.15
14313,4735,167,4,195.98,0.2
14314,4735,59,2,235.21,0.15
14315,4736,15,1,201.06,0.2
14316,4736,5,1,267.25,0.30000000000000004
14317,4736,173,2,363.5,0.2
14318,4736,50,1,18.16,0.25
14319,4737,29,1,215.3,0.25
14320,4737,52,2,59.32,0.25
14321,4737,96,2,266.83,0.25
14322,4737,164,4,155.53,0.25
14323,4737,144,1,87.01,0.35
14324,4738,167,2,195.98,0.2
14325,4739,141,1,86.29,0.3
14326,4739,158,4,87.88,0.25
14327,4739,23,2,281.61,0.25
14328,4740,95,2,316.25,0.25
14329,4740,46,4,39.52,0.3
14330,4741,107,4,125.11,0.25
14331,4741,35,2,37.87,0.3
14332,4741,139,2,262.13,0.35
14333,4742,164,1,155.53,0.25
14334,4742,43,3,241.96,0.25
14335,4742,172,1,104.43,0.3
14336,4743,94,3,100.41,0.2
14337,4743,19,2,184.35,0.30000000000000004
14338,4744,29,3,258.36,0.1
14339,4745,7,2,225.96,0.1
14340,4745,123,4,148.66,0.05
14341,4745,48,2,192.08,0.0
14342,4746,96,2,266.83,0.25
14343,4746,11,4,202.57,0.15
14344,4746,117,2,57.71,0.15
14345,4746,180,1,115.83,0.25
14346,4746,167,3,183.73,0.25
14347,4747,20,1,126.85,0.1
14348,4747,133,2,227.54,0.2
14349,4747,14,4,103.59,0.2
14350,4747,163,4,310.74,0.15000000000000002
14351,4748,175,1,99.12,0.15
14352,4748,135,2,294.84,0.25
14353,4748,17,4,79.76,0.15
14354,4748,35,4,45.98,0.15
14355,4748,155,4,202.85,0.25
14356,4749,139,4,322.62,0.2
14357,4750,71,3,253.44,0.25
14358,4751,55,4,233.3,0.2
14359,4751,135,3,275.18,0.30000000000000004
14360,4752,175,2,93.29,0.2
14361,4753,88,3,196.16,0.1
14362,4754,102,4,227.26,0.25
14363,4754,70,1,283.1,0.2
14364,4754,83,2,307.94,0.2
14365,4754,135,2,314.5,0.2
14366,4755,53,2,127.02,0.1
14367,4755,180,1,123.55,0.2
14368,4755,160,4,212.04,0.1
14369,4755,157,4,213.21,0.2
14370,4755,26,1,278.24,0.2
14371,4756,76,2,113.69,0.25
14372,4756,179,2,84.41,0.25
14373,4757,97,2,192.77,0.2
14374,4758,119,4,132.69,0.1
14375,4758,135,2,373.46,0.05
14376,4759,69,3,46.53,0.15
14377,4760,17,4,70.38,0.25
14378,4760,33,4,150.81,0.3
14379,4761,41,3,162.29,0.2
14380,4761,81,4,273.37,0.2
14381,4761,180,2,108.11,0.30000000000000004
14382,4761,54,4,135.09,0.2
14383,4761,70,4,283.1,0.2
14384,4762,179,1,112.55,0.0
14385,4762,124,2,46.07,0.0
14386,4762,16,3,119.2,0.1
14387,4762,92,3,128.04,0.0
14388,4762,20,3,140.95,0.0
14389,4763,120,3,294.78,0.15000000000000002
14390,4763,67,4,332.43,0.05
14391,4763,9,4,183.3,0.05
14392,4763,86,3,317.53,0.05
14393,4763,102,1,287.86,0.05
14394,4764,15,4,213.63,0.15000000000000002
14395,4764,108,2,274.49,0.05
14396,4764,103,2,138.58,0.05
14397,4764,135,2,373.46,0.05
14398,4765,92,1,96.03,0.25
14399,4765,123,1,125.18,0.2
14400,4766,145,4,317.53,0.1
14401,4766,34,1,416.37,0.0
14402,4766,11,4,214.49,0.1
14403,4766,150,1,288.51,0.05
14404,4767,164,4,155.53,0.25
14405,4767,140,1,209.12,0.25
14406,4767,22,2,77.01,0.2
14407,4767,100,1,241.06,0.2
14408,4767,126,2,45.4,0.2
14409,4768,115,1,302.7,0.3
14410,4768,6,3,41.89,0.25
14411,4768,101,3,253.9,0.35
14412,4768,53,1,98.79,0.3
14413,4768,70,4,265.4,0.25
14414,4769,172,1,119.34,0.2
14415,4769,139,1,362.95,0.1
14416,4769,19,3,237.02,0.1
14417,4769,164,3,165.9,0.2
14418,4770,136,1,202.6,0.25
14419,4770,148,1,131.31,0.3
14420,4770,131,1,76.72,0.35
14421,4770,1,1,191.75,0.25
14422,4771,147,4,147.62,0.30000000000000004
14423,4771,141,2,98.62,0.2
14424,4771,75,2,188.98,0.2
14425,4771,15,1,188.5,0.25
14426,4771,65,3,364.4,0.2
14427,4772,58,1,235.97,0.25
14428,4772,124,2,34.55,0.25
14429,4772,50,3,15.74,0.35
14430,4772,112,3,179.61,0.3
14431,4773,54,2,126.65,0.25
14432,4774,41,2,162.29,0.2
14433,4774,91,1,342.5,0.15000000000000002
14434,4774,100,3,271.19,0.1
14435,4774,10,3,437.34,0.1
14436,4775,6,3,44.69,0.2
14437,4775,27,1,87.9,0.2
14438,4775,127,4,91.5,0.30000000000000004
14439,4776,88,2,163.47,0.25
14440,4776,133,4,227.54,0.2
14441,4776,68,4,146.12,0.2
14442,4776,67,3,279.94,0.2
14443,4776,153,1,40.28,0.30000000000000004
14444,4777,158,2,87.88,0.25
14445,4777,59,4,221.38,0.2
14446,4777,38,3,210.32,0.2
14447,4778,54,2,143.53,0.15
14448,4778,94,1,106.68,0.15
14449,4779,174,1,277.47,0.2
14450,4779,136,4,216.11,0.2
14451,4779,61,3,207.3,0.2
14452,4780,133,4,213.32,0.25
14453,4780,9,1,144.71,0.25
14454,4780,14,2,97.12,0.25
14455,4780,147,4,158.16,0.25
14456,4781,69,4,38.32,0.3
14457,4781,50,4,18.16,0.25
14458,4781,162,4,64.06,0.35
14459,4781,39,2,171.71,0.25
14460,4782,121,3,388.21,0.1
14461,4782,76,1,136.43,0.1
14462,4782,9,4,173.66,0.1
14463,4782,17,2,84.46,0.1
14464,4782,13,1,53.77,0.1
14465,4783,97,1,192.77,0.2
14466,4783,96,3,284.62,0.2
14467,4783,97,3,180.72,0.25
14468,4783,110,3,85.76,0.2
14469,4783,14,3,90.64,0.30000000000000004
14470,4784,34,4,291.46,0.3
14471,4784,136,4,202.6,0.25
14472,4784,157,3,199.88,0.25
14473,4785,127,2,130.71,0.0
14474,4786,152,1,52.72,0.25
14475,4786,129,1,129.24,0.3
14476,4787,68,1,155.25,0.15000000000000002
14477,4787,111,2,232.14,0.1
14478,4787,112,1,230.93,0.1
14479,4787,22,4,81.82,0.15000000000000002
14480,4787,44,4,224.15,0.2
14481,4788,72,3,90.89,0.2
14482,4788,177,1,216.43,0.2
14483,4789,105,2,166.46,0.15
14484,4789,48,3,144.06,0.25
14485,4789,24,4,356.46,0.15
14486,4789,62,3,305.02,0.15
14487,4790,94,4,94.13,0.25
14488,4790,81,1,239.2,0.30000000000000004
14489,4791,85,3,75.67,0.25
14490,4791,65,1,341.62,0.25
14491,4791,91,3,302.2,0.25
14492,4791,177,4,202.91,0.25
14493,4792,8,1,63.65,0.25
14494,4792,40,3,129.94,0.25
14495,4792,54,4,118.2,0.3
14496,4792,163,3,274.19,0.25
14497,4793,24,3,377.43,0.1
14498,4794,169,4,76.6,0.25
14499,4794,40,1,129.94,0.25
14500,4794,108,3,187.81,0.35
14501,4794,38,1,197.17,0.25
14502,4795,72,3,90.89,0.2
14503,4795,88,4,152.57,0.30000000000000004
14504,4796,40,2,147.26,0.15000000000000002
14505,4796,114,1,30.8,0.1
14506,4797,49,1,224.18,0.0
14507,4797,113,1,231.75,0.0
14508,4797,60,3,216.28,0.0
14509,4797,77,3,494.18,0.0
14510,4798,27,3,98.89,0.1
14511,4798,21,2,24.58,0.1
14512,4798,158,2,93.74,0.2
14513,4798,140,2,223.06,0.2
14514,4799,57,1,321.21,0.0
14515,4800,33,4,183.13,0.15000000000000002
14516,4800,124,2,41.46,0.1
14517,4800,37,3,212.75,0.05
14518,4801,126,1,48.24,0.15
14519,4802,85,4,90.8,0.1
14520,4802,72,2,96.57,0.15000000000000002
14521,4802,4,4,162.69,0.2
14522,4802,73,1,166.42,0.1
14523,4802,82,2,104.35,0.1
14524,4803,179,3,78.78,0.30000000000000004
14525,4803,128,3,184.01,0.2
14526,4804,100,4,301.32,0.0
14527,4804,147,3,189.79,0.1
14528,4804,89,3,120.53,0.1
14529,4804,118,4,338.83,0.0
14530,4804,25,2,23.31,0.0
14531,4805,120,2,346.8,0.0
14532,4805,106,1,263.41,0.0
14533,4805,81,1,341.71,0.0
14534,4805,177,2,270.54,0.0
14535,4805,124,2,46.07,0.0
14536,4806,120,1,277.44,0.2
14537,4806,127,4,98.03,0.25
14538,4807,170,1,13.29,0.15000000000000002
14539,4807,106,2,223.9,0.15000000000000002
14540,4808,151,4,188.18,0.2
14541,4808,40,2,129.94,0.25
14542,4808,142,4,259.05,0.30000000000000004
14543,4809,144,4,100.4,0.25
14544,4809,137,2,49.76,0.25
14545,4809,162,1,73.92,0.25
14546,4809,170,4,10.94,0.3
14547,4809,137,4,49.76,0.25
14548,4810,120,3,277.44,0.2
14549,4810,165,2,167.27,0.15
14550,4810,19,2,197.52,0.25
14551,4811,27,2,109.88,0.0
14552,4812,12,3,207.36,0.15
14553,4812,14,2,110.07,0.15
14554,4812,105,4,166.46,0.15
14555,4812,166,2,204.64,0.15
14556,4812,4,4,172.86,0.15
14557,4813,157,4,226.53,0.15
14558,4813,133,1,241.77,0.15
14559,4813,173,2,340.78,0.25
14560,4814,65,2,387.18,0.15
14561,4814,99,4,42.3,0.25
14562,4814,141,3,104.78,0.15
14563,4814,95,1,337.33,0.2
14564,4815,92,1,102.43,0.2
14565,4816,150,3,227.77,0.25
14566,4816,90,3,226.16,0.25
14567,4816,57,4,240.91,0.25
14568,4816,154,2,19.59,0.25
14569,4817,42,1,162.82,0.25
14570,4817,149,2,136.47,0.2
14571,4818,108,3,216.7,0.25
14572,4818,50,1,16.95,0.30000000000000004
14573,4818,42,4,173.67,0.2
14574,4818,20,3,105.71,0.25
14575,4819,52,3,59.32,0.25
14576,4819,176,1,16.82,0.25
14577,4819,94,4,94.13,0.25
14578,4820,116,4,358.17,0.1
14579,4820,112,4,205.27,0.2
14580,4820,154,3,23.51,0.1
14581,4820,137,4,59.71,0.1
14582,4821,116,2,358.17,0.1
14583,4821,20,1,119.81,0.15000000000000002
14584,4821,138,2,162.39,0.1
14585,4822,177,1,216.43,0.2
14586,4822,107,3,150.13,0.1
14587,4822,111,4,206.34,0.2
14588,4822,140,2,250.94,0.1
14589,4823,16,3,105.96,0.2
14590,4823,67,3,279.94,0.2
14591,4824,19,3,210.69,0.2
14592,4824,16,3,112.58,0.15
14593,4824,162,4,83.78,0.15
14594,4824,2,2,99.22,0.2
14595,4824,155,3,216.38,0.2
14596,4825,14,3,97.12,0.25
14597,4825,142,1,277.55,0.25
14598,4825,49,1,179.34,0.2
14599,4825,149,4,136.47,0.2
14600,4825,9,3,154.36,0.2
14601,4826,133,4,270.21,0.05
14602,4826,84,1,303.53,0.0
14603,4826,97,3,228.91,0.05
14604,4827,61,4,259.13,0.0
14605,4827,52,1,75.14,0.05
14606,4828,13,1,50.78,0.15
14607,4828,75,4,188.98,0.2
14608,4829,118,1,288.01,0.15
14609,4830,50,2,20.58,0.15000000000000002
14610,4830,138,3,162.39,0.1
14611,4831,155,4,270.47,0.0
14612,4831,143,1,147.94,0.0
14613,4831,105,3,176.26,0.1
14614,4832,103,3,145.87,0.0
14615,4832,135,3,393.12,0.0
14616,4832,111,2,245.03,0.05
14617,4832,137,3,59.71,0.1
14618,4832,88,3,217.96,0.0
14619,4833,36,4,58.19,0.1
14620,4833,54,1,135.09,0.2
14621,4834,32,3,92.97,0.30000000000000004
14622,4835,170,4,15.63,0.0
14623,4835,92,4,115.24,0.1
14624,4835,169,2,97.02,0.05
14625,4835,87,3,100.78,0.0
14626,4836,161,2,203.81,0.2
14627,4836,61,4,207.3,0.2
14628,4837,100,4,271.19,0.1
14629,4837,80,2,45.51,0.15000000000000002
14630,4837,153,2,51.8,0.1
14631,4837,108,4,231.15,0.2
14632,4837,66,1,107.45,0.1
14633,4838,130,2,135.59,0.1
14634,4838,158,2,99.59,0.15000000000000002
14635,4838,115,3,389.19,0.1
14636,4838,51,4,267.12,0.1
14637,4839,9,4,192.95,0.0
14638,4839,22,2,96.26,0.0
14639,4839,6,1,50.27,0.1
14640,4840,176,1,22.42,0.0
14641,4840,153,1,57.55,0.0
14642,4841,44,1,196.13,0.30000000000000004
14643,4841,88,1,174.37,0.2
14644,4841,89,4,107.14,0.2
14645,4841,86,4,233.97,0.30000000000000004
14646,4842,74,4,239.92,0.25
14647,4843,67,4,279.94,0.2
14648,4843,82,1,81.16,0.30000000000000004
14649,4843,72,4,79.53,0.30000000000000004
14650,4843,45,4,135.43,0.25
14651,4844,13,1,47.79,0.2
14652,4844,111,1,180.55,0.30000000000000004
14653,4844,35,1,43.28,0.2
14654,4844,152,4,56.24,0.2
14655,4844,58,1,235.97,0.25
14656,4845,86,1,300.82,0.1
14657,4845,91,3,362.65,0.1
14658,4845,93,2,220.89,0.1
14659,4845,144,3,120.47,0.1
14660,4845,46,2,50.81,0.1
14661,4846,71,2,270.34,0.2
14662,4846,4,2,142.35,0.30000000000000004
14663,4846,43,3,258.09,0.2
14664,4846,42,1,162.82,0.25
14665,4846,131,1,88.52,0.25
14666,4847,46,2,53.63,0.05
14667,4847,180,4,146.72,0.05
14668,4847,104,2,239.84,0.15000000000000002
14669,4848,19,2,237.02,0.1
14670,4849,1,3,242.88,0.05
14671,4849,42,1,206.24,0.05
14672,4850,102,2,272.71,0.1
14673,4851,13,4,47.79,0.2
14674,4851,122,2,199.92,0.30000000000000004
14675,4852,154,3,22.2,0.15
14676,4852,43,3,241.96,0.25
14677,4852,177,4,229.96,0.15
14678,4852,60,1,162.21,0.25
14679,4852,14,2,110.07,0.15
14680,4853,149,2,153.53,0.1
14681,4853,139,4,342.79,0.15000000000000002
14682,4854,103,2,131.28,0.1
14683,4854,16,4,105.96,0.2
14684,4855,80,2,40.16,0.25
14685,4855,63,2,210.9,0.25
14686,4856,12,3,170.76,0.30000000000000004
14687,4857,142,2,296.06,0.2
14688,4858,66,1,107.45,0.1
14689,4858,121,4,431.34,0.0
14690,4858,57,3,305.15,0.05
14691,4858,35,3,54.1,0.0
14692,4859,153,1,48.92,0.15
14693,4859,44,2,238.16,0.15
14694,4859,170,1,11.72,0.25
14695,4859,39,3,194.61,0.15
14696,4860,112,1,256.59,0.0
14697,4860,129,1,166.17,0.1
14698,4860,92,3,128.04,0.0
14699,4861,104,4,211.63,0.25
14700,4861,15,3,201.06,0.2
14701,4862,17,1,79.76,0.15
14702,4862,52,2,67.23,0.15
14703,4863,61,3,168.43,0.35
14704,4864,159,3,219.62,0.35
14705,4864,69,3,35.58,0.35
14706,4864,137,3,49.76,0.25
14707,4865,136,2,175.59,0.35
14708,4865,147,3,158.16,0.25
14709,4865,114,4,25.66,0.25
14710,4865,63,2,182.78,0.35
14711,4865,85,4,75.67,0.25
14712,4866,123,1,133.01,0.15
14713,4866,12,1,195.16,0.2
14714,4867,28,2,346.77,0.15
14715,4867,59,3,221.38,0.2
14716,4867,49,1,190.55,0.15
14717,4867,138,4,153.37,0.15
14718,4867,6,3,47.48,0.15
14719,4868,32,1,92.97,0.3
14720,4868,72,3,73.85,0.35
14721,4869,20,2,119.81,0.15000000000000002
14722,4869,58,4,283.17,0.1
14723,4869,145,3,317.53,0.1
14724,4870,89,3,100.44,0.25
14725,4870,114,4,22.24,0.35
14726,4870,103,1,109.4,0.25
14727,4870,71,1,253.44,0.25
14728,4871,163,4,347.3,0.05
14729,4872,127,2,130.71,0.0
14730,4872,150,2,303.69,0.0
14731,4873,41,4,162.29,0.2
14732,4873,116,2,278.58,0.30000000000000004
14733,4873,166,4,192.6,0.2
14734,4874,49,2,224.18,0.0
14735,4875,72,2,90.89,0.2
14736,4875,125,3,30.78,0.30000000000000004
14737,4875,17,2,70.38,0.25
14738,4875,167,2,183.73,0.25
14739,4875,143,3,103.56,0.30000000000000004
14740,4876,170,3,14.07,0.1
14741,4876,138,2,162.39,0.1
14742,4877,164,2,165.9,0.2
14743,4877,20,2,98.66,0.30000000000000004
14744,4878,114,3,30.8,0.1
14745,4878,45,3,171.54,0.05
14746,4878,164,1,197.0,0.05
14747,4879,28,4,346.77,0.15
14748,4879,176,2,19.06,0.15
14749,4880,114,2,23.95,0.3
14750,4880,137,4,43.13,0.35
14751,4880,81,3,256.28,0.25
14752,4880,28,4,265.18,0.35
14753,4881,24,4,356.46,0.15
14754,4881,28,3,346.77,0.15
14755,4881,164,3,165.9,0.2
14756,4881,120,4,260.1,0.25
14757,4881,36,2,54.96,0.15
14758,4882,180,3,131.27,0.15
14759,4882,158,1,99.59,0.15
14760,4882,170,3,12.5,0.2
14761,4883,56,1,170.52,0.2
14762,4883,115,2,345.94,0.2
14763,4883,99,1,42.3,0.25
14764,4884,102,3,227.26,0.25
14765,4884,150,1,227.77,0.25
14766,4885,134,2,95.47,0.30000000000000004
14767,4885,61,4,207.3,0.2
14768,4885,86,4,267.39,0.2
14769,4886,15,4,213.63,0.15
14770,4886,48,2,144.06,0.25
14771,4887,83,1,288.7,0.25
14772,4887,34,3,312.28,0.25
14773,4887,74,2,223.93,0.3
14774,4887,124,4,34.55,0.25
14775,4887,70,3,265.4,0.25
14776,4888,169,3,86.81,0.15
14777,4888,62,1,305.02,0.15
14778,4889,81,4,273.37,0.2
14779,4890,132,1,169.06,0.1
14780,4890,46,2,47.98,0.15000000000000002
14781,4891,166,1,192.6,0.2
14782,4891,14,4,103.59,0.2
14783,4891,113,1,185.4,0.2
14784,4892,112,3,256.59,0.0
14785,4892,105,2,195.84,0.0
14786,4892,159,4,304.09,0.1
14787,4892,149,4,170.59,0.0
14788,4893,33,3,204.68,0.05
14789,4893,8,1,80.63,0.05
14790,4893,78,3,327.1,0.05
14791,4893,75,1,200.79,0.15000000000000002
14792,4893,139,4,362.95,0.1
14793,4894,14,1,123.02,0.05
14794,4894,76,3,151.59,0.0
14795,4894,165,1,186.95,0.05
14796,4894,163,4,347.3,0.05
14797,4895,127,3,104.57,0.2
14798,4895,97,4,216.86,0.1
14799,4895,77,3,444.76,0.1
14800,4895,121,4,345.07,0.2
14801,4896,173,4,454.37,0.0
14802,4897,132,4,150.28,0.2
14803,4898,97,1,192.77,0.2
14804,4899,28,4,407.97,0.0
14805,4899,95,4,421.66,0.0
14806,4899,101,4,371.09,0.05
14807,4900,129,4,147.7,0.2
14808,4900,95,2,316.25,0.25
14809,4901,3,4,216.19,0.1
14810,4902,9,3,154.36,0.2
14811,4902,178,4,40.26,0.2
14812,4902,106,2,210.73,0.2
14813,4903,31,1,49.35,0.25
14814,4903,98,4,113.39,0.3
14815,4903,145,2,264.61,0.25
14816,4903,133,1,199.1,0.3
14817,4904,86,4,217.26,0.35
14818,4904,89,2,100.44,0.25
14819,4904,84,2,227.65,0.25
14820,4904,11,1,178.74,0.25
14821,4905,109,2,91.94,0.30000000000000004
14822,4905,74,1,223.93,0.30000000000000004
14823,4905,112,3,205.27,0.2
14824,4906,93,2,184.07,0.25
14825,4906,1,3,191.75,0.25
14826,4906,92,1,83.23,0.35
14827,4907,61,4,194.35,0.25
14828,4907,121,2,323.5,0.25
14829,4907,122,1,214.2,0.25
14830,4907,124,2,29.95,0.35
14831,4907,73,1,120.19,0.35
14832,4908,122,4,214.2,0.25
14833,4908,26,3,243.46,0.3
14834,4908,108,2,216.7,0.25
14835,4908,87,2,75.59,0.25
14836,4908,9,2,144.71,0.25
14837,4909,164,3,186.63,0.1
14838,4909,149,2,153.53,0.1
14839,4909,98,3,129.58,0.2
14840,4909,81,4,307.54,0.1
14841,4909,15,2,226.2,0.1
14842,4910,96,4,302.41,0.15000000000000002
14843,4910,156,3,121.03,0.2
14844,4910,6,3,50.27,0.1
14845,4910,15,4,226.2,0.1
14846,4911,172,1,111.89,0.25
14847,4911,5,3,286.34,0.25
14848,4911,25,1,15.15,0.35
14849,4911,1,1,166.18,0.35
14850,4912,151,4,199.95,0.15000000000000002
14851,4912,53,2,127.02,0.1
14852,4912,120,3,312.12,0.1
14853,4912,123,1,133.01,0.15000000000000002
14854,4913,21,4,23.21,0.15
14855,4913,176,4,17.94,0.2
14856,4913,166,2,180.56,0.25
14857,4913,161,2,191.07,0.25
14858,4914,70,2,247.71,0.3
14859,4914,45,4,135.43,0.25
14860,4915,96,2,337.99,0.05
14861,4915,126,2,53.91,0.05
14862,4916,26,3,260.85,0.25
14863,4916,163,2,274.19,0.25
14864,4916,18,4,96.91,0.25
14865,4916,155,3,202.85,0.25
14866,4917,88,3,174.37,0.2
14867,4917,37,1,156.76,0.30000000000000004
14868,4917,8,4,67.9,0.2
14869,4917,145,1,282.25,0.2
14870,4917,150,2,227.77,0.25
14871,4918,27,1,87.9,0.2
14872,4918,45,1,135.43,0.25
14873,4919,106,3,210.73,0.2
14874,4919,169,3,81.7,0.2
14875,4919,40,3,121.27,0.30000000000000004
14876,4919,163,2,292.46,0.2
14877,4920,45,2,144.46,0.2
14878,4921,108,3,202.26,0.30000000000000004
14879,4922,179,1,84.41,0.25
14880,4922,48,2,144.06,0.25
14881,4923,47,1,73.42,0.15
14882,4923,61,3,194.35,0.25
14883,4923,72,4,90.89,0.2
14884,4923,100,4,241.06,0.2
14885,4923,14,4,110.07,0.15
14886,4924,57,4,224.85,0.30000000000000004
14887,4924,41,3,162.29,0.2
14888,4924,130,4,112.99,0.25
14889,4924,113,1,185.4,0.2
14890,4924,16,2,105.96,0.2
14891,4925,14,2,110.07,0.15
14892,4925,106,2,223.9,0.15
14893,4926,101,3,390.62,0.0
14894,4926,32,1,132.81,0.0
14895,4926,137,1,63.03,0.05
14896,4926,72,4,107.93,0.05
14897,4926,149,3,170.59,0.0
14898,4927,156,2,128.6,0.15000000000000002
14899,4927,98,2,145.78,0.1
14900,4927,119,2,125.32,0.15000000000000002
14901,4928,142,2,314.56,0.15
14902,4928,134,4,115.93,0.15
14903,4928,133,1,241.77,0.15
14904,4928,63,3,239.02,0.15
14905,4928,60,4,162.21,0.25
14906,4929,167,3,183.73,0.25
14907,4929,115,4,302.7,0.30000000000000004
14908,4929,164,3,155.53,0.25
14909,4929,3,3,192.17,0.2
14910,4929,114,3,27.38,0.2
14911,4930,11,4,202.57,0.15
14912,4930,39,1,171.71,0.25
14913,4930,137,3,56.4,0.15
14914,4931,42,1,184.53,0.15
14915,4931,120,2,294.78,0.15
14916,4931,38,4,197.17,0.25
14917,4931,147,1,179.25,0.15
14918,4931,135,4,314.5,0.2
14919,4932,6,4,39.1,0.30000000000000004
14920,4932,108,2,216.7,0.25
14921,4932,169,4,76.6,0.25
14922,4932,54,4,126.65,0.25
14923,4932,57,3,256.97,0.2
14924,4933,148,2,150.06,0.2
14925,4933,177,2,216.43,0.2
14926,4934,85,2,90.8,0.1
14927,4935,77,2,494.18,0.0
14928,4935,74,4,287.91,0.1
14929,4935,147,4,210.88,0.0
14930,4935,95,1,421.66,0.0
14931,4935,177,1,243.49,0.1
14932,4936,51,1,237.44,0.2
14933,4937,169,2,86.81,0.15000000000000002
14934,4937,67,4,314.94,0.1
14935,4938,120,4,294.78,0.15000000000000002
14936,4938,164,2,186.63,0.1
14937,4938,149,1,153.53,0.1
14938,4939,23,1,319.16,0.15000000000000002
14939,4939,85,4,90.8,0.1
14940,4939,150,3,273.32,0.1
14941,4940,6,4,41.89,0.25
14942,4940,180,2,115.83,0.25
14943,4941,6,1,44.69,0.2
14944,4942,65,1,341.62,0.25
14945,4942,132,4,140.89,0.25
14946,4942,117,2,50.92,0.25
14947,4942,132,3,140.89,0.25
14948,4942,47,2,64.78,0.25
14949,4943,157,3,239.86,0.1
14950,4943,103,2,131.28,0.1
14951,4943,120,3,277.44,0.2
14952,4943,64,3,211.37,0.1
14953,4944,95,3,316.25,0.25
14954,4944,117,4,50.92,0.25
14955,4944,151,1,152.9,0.35
14956,4944,132,2,140.89,0.25
14957,4944,37,2,167.96,0.25
14958,4945,161,4,203.81,0.2
14959,4945,141,1,98.62,0.2
14960,4945,33,2,150.81,0.30000000000000004
14961,4945,114,1,27.38,0.2
14962,4946,165,2,177.11,0.1
14963,4946,149,3,153.53,0.1
14964,4946,171,1,133.51,0.1
14965,4946,24,1,356.46,0.15000000000000002
14966,4947,47,3,86.38,0.0
14967,4947,58,3,314.63,0.0
14968,4947,107,3,166.81,0.0
14969,4948,53,4,112.9,0.2
14970,4948,174,2,277.47,0.2
14971,4948,4,1,152.52,0.25
14972,4949,61,3,220.26,0.15000000000000002
14973,4949,2,2,111.62,0.1
14974,4949,140,2,250.94,0.1
14975,4950,89,3,107.14,0.2
14976,4950,101,2,351.56,0.1
14977,4950,160,1,212.04,0.1
14978,4950,170,1,13.29,0.15000000000000002
14979,4950,31,1,55.93,0.15000000000000002
14980,4951,100,3,301.32,0.0
14981,4951,46,3,56.45,0.0
14982,4951,51,3,296.8,0.0
14983,4951,71,4,304.13,0.1
14984,4952,80,3,53.54,0.0
14985,4952,81,2,341.71,0.0
14986,4952,11,3,238.32,0.0
14987,4953,79,2,60.72,0.15000000000000002
14988,4953,81,4,273.37,0.2
14989,4953,26,4,278.24,0.2
14990,4954,106,4,223.9,0.15
14991,4954,160,2,200.26,0.15
14992,4954,153,3,46.04,0.2
14993,4954,174,2,277.47,0.2
14994,4955,78,2,258.24,0.25
14995,4955,41,1,152.15,0.25
14996,4956,36,4,48.49,0.25
14997,4956,144,1,113.78,0.15
14998,4957,73,4,138.68,0.25
14999,4958,83,1,288.7,0.25
15000,4958,70,2,265.4,0.25
15001,4958,119,2,95.83,0.35
15002,4958,68,1,118.72,0.35
15003,4959,84,2,242.82,0.2
15004,4959,103,2,116.7,0.2
15005,4959,136,2,216.11,0.2
15006,4959,100,4,241.06,0.2
15007,4960,16,3,99.34,0.25
15008,4961,146,1,123.62,0.1
15009,4962,121,3,301.94,0.30000000000000004
15010,4962,149,3,136.47,0.2
15011,4962,138,4,144.34,0.2
15012,4963,124,3,46.07,0.0
15013,4964,116,2,358.17,0.1
15014,4964,31,4,65.8,0.0
15015,4965,39,4,183.16,0.2
15016,4966,90,1,286.47,0.05
15017,4967,19,1,210.69,0.2
15018,4967,153,2,46.04,0.2
15019,4967,51,3,237.44,0.2
15020,4968,90,3,241.24,0.2
15021,4968,162,1,73.92,0.25
15022,4968,90,4,241.24,0.2
15023,4968,58,4,251.7,0.2
15024,4968,13,2,47.79,0.2
15025,4969,168,3,232.06,0.25
15026,4969,63,4,196.84,0.30000000000000004
15027,4969,180,4,115.83,0.25
15028,4969,128,4,184.01,0.2
15029,4970,113,1,196.99,0.15
15030,4970,17,3,79.76,0.15
15031,4970,6,1,47.48,0.15
15032,4971,10,2,364.45,0.25
15033,4971,52,1,59.32,0.25
15034,4971,85,2,65.58,0.35
15035,4971,148,4,140.69,0.25
15036,4972,45,2,135.43,0.25
15037,4973,70,3,247.71,0.3
15038,4973,116,3,298.48,0.25
15039,4973,180,4,115.83,0.25
15040,4974,72,3,96.57,0.15000000000000002
15041,4974,17,4,84.46,0.1
15042,4974,155,2,229.9,0.15000000000000002
15043,4974,77,2,444.76,0.1
15044,4974,154,2,23.51,0.1
15045,4975,125,3,28.58,0.35
15046,4976,173,1,318.06,0.30000000000000004
15047,4976,93,3,196.34,0.2
15048,4976,3,1,180.16,0.25
15049,4976,141,1,92.45,0.25
15050,4976,54,2,135.09,0.2
15051,4977,35,1,51.39,0.05
15052,4977,13,1,53.77,0.1
15053,4977,174,3,346.84,0.0
15054,4978,76,4,151.59,0.0
15055,4978,151,2,235.23,0.0
15056,4978,130,3,135.59,0.1
15057,4978,165,4,196.79,0.0
15058,4978,84,3,303.53,0.0
15059,4979,111,3,206.34,0.2
15060,4979,167,3,195.98,0.2
15061,4979,145,2,282.25,0.2
15062,4979,149,4,136.47,0.2
15063,4980,81,2,307.54,0.1
15064,4980,75,4,224.41,0.05
15065,4981,52,2,71.19,0.1
15066,4981,97,4,204.82,0.15000000000000002
15067,4982,90,1,226.16,0.25
15068,4982,177,4,189.38,0.3
15069,4983,6,4,53.07,0.05
15070,4983,102,3,303.01,0.0
15071,4983,15,3,251.33,0.0
15072,4983,160,4,212.04,0.1
15073,4983,36,1,64.66,0.0
15074,4984,36,1,48.49,0.25
15075,4984,61,4,220.26,0.15
15076,4985,161,2,254.76,0.0
15077,4985,180,4,154.44,0.0
15078,4985,176,3,22.42,0.0
15079,4985,133,2,270.21,0.05
15080,4985,154,3,26.12,0.0
15081,4986,19,3,223.86,0.15
15082,4986,23,1,281.61,0.25
15083,4986,10,2,413.04,0.15
15084,4986,14,4,110.07,0.15
15085,4987,117,2,67.89,0.0
15086,4987,115,2,410.81,0.05
15087,4987,129,1,184.63,0.0
15088,4988,112,3,205.27,0.2
15089,4988,43,4,225.83,0.30000000000000004
15090,4988,141,2,98.62,0.2
15091,4989,34,4,416.37,0.0
15092,4989,172,1,141.72,0.05
15093,4989,11,1,238.32,0.0
15094,4990,81,2,290.45,0.15
15095,4990,101,2,292.97,0.25
15096,4991,22,3,67.38,0.30000000000000004
15097,4991,61,4,207.3,0.2
15098,4991,28,1,305.98,0.25
15099,4991,157,4,186.56,0.30000000000000004
15100,4992,156,3,121.03,0.2
15101,4992,29,3,258.36,0.1
15102,4993,13,4,53.77,0.1
15103,4994,70,4,318.48,0.1
15104,4994,17,1,84.46,0.1
15105,4994,148,3,150.06,0.2
15106,4994,137,1,59.71,0.1
15107,4994,160,1,188.48,0.2
15108,4995,178,3,37.74,0.25
15109,4995,88,4,141.67,0.35
15110,4996,42,3,162.82,0.25
15111,4996,56,3,159.86,0.25
15112,4997,29,1,272.72,0.05
15113,4998,48,4,124.85,0.35
15114,4998,170,4,11.72,0.25
15115,4998,129,4,138.47,0.25
15116,4998,73,4,138.68,0.25
15117,4999,98,3,129.58,0.2
15118,4999,36,1,51.73,0.2
15119,5000,14,4,84.17,0.35
15120,5000,112,4,166.78,0.35
15121,5001,26,2,295.63,0.15
15122,5001,36,1,48.49,0.25
15123,5001,146,1,103.02,0.25
15124,5001,143,1,125.75,0.15
15125,5001,176,2,19.06,0.15
15126,5002,47,1,69.1,0.2
15127,5002,140,4,223.06,0.2
15128,5002,117,3,54.31,0.2
15129,5003,30,4,121.72,0.25
15130,5003,108,1,245.6,0.15
15131,5003,33,4,183.13,0.15
15132,5004,46,4,56.45,0.0
15133,5004,130,2,150.65,0.0
15134,5004,21,4,25.94,0.05
15135,5005,107,1,150.13,0.1
15136,5005,136,2,216.11,0.2
15137,5005,26,3,313.02,0.1
15138,5005,129,3,166.17,0.1
15139,5006,88,4,207.06,0.05
15140,5006,22,4,91.45,0.05
15141,5006,43,3,306.48,0.05
15142,5006,149,1,145.0,0.15000000000000002
15143,5007,101,3,390.62,0.0
15144,5007,180,4,154.44,0.0
15145,5007,120,3,346.8,0.0
15146,5008,5,1,343.61,0.1
15147,5009,141,4,98.62,0.2
15148,5010,10,4,388.74,0.2
15149,5011,162,4,78.85,0.2
15150,5011,118,1,254.12,0.25
15151,5011,169,2,81.7,0.2
15152,5011,1,1,204.53,0.2
15153,5012,61,3,233.22,0.1
15154,5012,135,3,393.12,0.0
15155,5013,139,4,383.12,0.05
15156,5013,140,3,237.0,0.15000000000000002
15157,5014,79,1,57.15,0.2
15158,5015,15,2,213.63,0.15
15159,5016,55,3,262.46,0.1
15160,5016,80,3,45.51,0.15000000000000002
15161,5016,73,3,166.42,0.1
15162,5016,129,1,156.94,0.15000000000000002
15163,5017,49,3,168.13,0.25
15164,5017,85,2,85.76,0.15
15165,5017,119,2,117.94,0.2
15166,5017,108,2,231.15,0.2
15167,5018,42,1,141.11,0.35
15168,5018,72,2,73.85,0.35
15169,5018,26,2,260.85,0.25
15170,5018,75,1,177.16,0.25
15171,5019,26,4,278.24,0.2
15172,5019,114,1,27.38,0.2
15173,5020,173,2,340.78,0.25
15174,5021,136,2,216.11,0.2
15175,5022,14,1,123.02,0.05
15176,5022,89,4,127.22,0.05
15177,5022,164,2,207.37,0.0
15178,5022,80,1,53.54,0.0
15179,5023,108,3,231.15,0.2
15180,5024,4,2,172.86,0.15
15181,5024,97,3,180.72,0.25
15182,5025,178,4,50.32,0.0
15183,5025,91,1,362.65,0.1
15184,5025,11,2,238.32,0.0
15185,5025,38,2,262.9,0.0
15186,5026,114,4,34.22,0.0
15187,5026,175,1,104.95,0.1
15188,5026,9,1,192.95,0.0
15189,5026,86,1,317.53,0.05
15190,5027,169,2,86.81,0.15000000000000002
15191,5027,165,1,177.11,0.1
15192,5027,159,1,287.2,0.15000000000000002
15193,5027,67,4,314.94,0.1
15194,5028,137,1,63.03,0.05
15195,5028,133,4,270.21,0.05
15196,5029,125,1,30.78,0.30000000000000004
15197,5029,67,2,279.94,0.2
15198,5030,2,3,111.62,0.1
15199,5030,81,4,307.54,0.1
15200,5031,69,2,52.0,0.05
15201,5031,180,1,146.72,0.05
15202,5032,145,1,317.53,0.1
15203,5032,89,4,107.14,0.2
15204,5032,165,1,167.27,0.15000000000000002
15205,5032,158,1,105.45,0.1
15206,5033,30,4,129.83,0.2
15207,5033,32,2,112.89,0.15
15208,5033,168,4,263.0,0.15
15209,5033,11,1,202.57,0.15
15210,5034,144,4,100.4,0.25
15211,5035,84,1,227.65,0.25
15212,5035,30,3,105.49,0.35
15213,5035,125,1,32.98,0.25
15214,5035,87,1,65.51,0.35
15215,5035,168,1,216.59,0.3
15216,5036,34,2,374.73,0.1
15217,5036,110,3,96.48,0.1
15218,5036,52,2,71.19,0.1
15219,5036,53,1,119.96,0.15000000000000002
15220,5037,47,3,60.47,0.30000000000000004
15221,5038,39,3,183.16,0.2
15222,5038,22,2,81.82,0.15000000000000002
15223,5038,3,4,216.19,0.1
15224,5039,3,2,204.18,0.15
15225,5039,110,1,85.76,0.2
15226,5039,98,1,137.68,0.15
15227,5039,167,1,208.22,0.15
15228,5040,129,1,156.94,0.15
15229,5040,170,4,13.29,0.15
15230,5040,74,2,271.91,0.15
15231,5040,20,3,105.71,0.25
15232,5041,69,1,49.27,0.1
15233,5041,149,3,153.53,0.1
15234,5041,6,3,50.27,0.1
15235,5042,87,1,95.74,0.05
15236,5042,60,4,205.47,0.05
15237,5043,8,3,63.65,0.25
15238,5043,69,3,35.58,0.35
15239,5044,67,2,262.45,0.25
15240,5044,168,4,232.06,0.25
15241,5044,108,4,231.15,0.2
15242,5044,49,2,168.13,0.25
15243,5044,177,4,216.43,0.2
15244,5045,160,2,223.82,0.05
15245,5046,69,2,41.05,0.25
15246,5046,174,4,277.47,0.2
15247,5046,106,2,223.9,0.15
15248,5046,147,1,179.25,0.15
15249,5047,18,3,96.91,0.25
15250,5047,116,2,298.48,0.25
15251,5048,134,3,109.11,0.2
15252,5048,24,1,335.5,0.2
15253,5048,122,4,228.48,0.2
15254,5048,56,2,159.86,0.25
15255,5049,128,1,172.51,0.25
15256,5049,49,4,145.72,0.35
15257,5049,98,2,121.48,0.25
15258,5049,167,4,183.73,0.25
15259,5049,28,3,305.98,0.25
15260,5050,65,4,364.4,0.2
15261,5050,104,3,225.74,0.2
15262,5050,14,3,103.59,0.2
15263,5050,110,2,85.76,0.2
15264,5051,89,3,107.14,0.2
15265,5051,87,1,85.66,0.15000000000000002
15266,5051,106,4,237.07,0.1
15267,5051,52,2,63.28,0.2
15268,5052,22,2,72.2,0.25
15269,5053,52,2,63.28,0.2
15270,5053,13,2,47.79,0.2
15271,5053,85,1,85.76,0.15
15272,5053,126,3,48.24,0.15
15273,5054,58,3,283.17,0.1
15274,5054,42,3,173.67,0.2
15275,5054,83,4,346.44,0.1
15276,5055,24,2,398.4,0.05
15277,5055,37,3,201.56,0.1
15278,5055,96,3,355.78,0.0
15279,5056,154,3,23.51,0.1
15280,5056,117,4,61.1,0.1
15281,5056,116,3,358.17,0.1
15282,5056,38,1,236.61,0.1
15283,5057,116,2,278.58,0.3
15284,5057,139,1,302.46,0.25
15285,5058,47,4,60.47,0.3
15286,5058,71,4,236.54,0.3
15287,5058,134,3,88.65,0.35
15288,5058,57,3,208.79,0.35
15289,5059,8,1,67.9,0.2
15290,5059,103,1,131.28,0.1
15291,5059,163,2,310.74,0.15000000000000002
15292,5059,122,1,257.04,0.1
15293,5060,133,3,227.54,0.2
15294,5060,94,2,94.13,0.25
15295,5060,94,1,87.86,0.30000000000000004
15296,5060,14,1,90.64,0.30000000000000004
15297,5061,180,1,131.27,0.15
15298,5061,55,1,247.88,0.15
15299,5061,161,2,216.55,0.15
15300,5062,47,1,73.42,0.15
15301,5062,127,2,111.1,0.15
15302,5063,125,2,39.57,0.1
15303,5063,155,4,229.9,0.15000000000000002
15304,5064,99,1,50.76,0.1
15305,5064,171,3,133.51,0.1
15306,5065,35,4,45.98,0.15000000000000002
15307,5065,164,4,176.26,0.15000000000000002
15308,5065,161,1,216.55,0.15000000000000002
15309,5065,1,3,217.31,0.15000000000000002
15310,5065,96,3,320.2,0.1
15311,5066,161,2,191.07,0.25
15312,5066,90,2,256.32,0.15
15313,5066,128,2,195.51,0.15
15314,5066,11,2,202.57,0.15
15315,5067,173,4,363.5,0.2
15316,5067,180,4,131.27,0.15000000000000002
15317,5068,113,1,208.58,0.1
15318,5068,64,2,211.37,0.1
15319,5069,121,2,280.37,0.35
15320,5070,79,2,60.72,0.15000000000000002
15321,5071,17,1,75.07,0.2
15322,5071,90,3,211.09,0.30000000000000004
15323,5072,102,4,227.26,0.25
15324,5073,153,2,51.8,0.1
15325,5073,29,3,258.36,0.1
15326,5074,15,1,213.63,0.15
15327,5074,29,3,215.3,0.25
15328,5074,117,4,57.71,0.15
15329,5074,136,4,229.62,0.15
15330,5074,167,1,208.22,0.15
15331,5075,173,2,408.93,0.1
15332,5076,114,3,30.8,0.1
15333,5077,118,2,254.12,0.25
15334,5077,151,4,152.9,0.35
15335,5078,25,4,18.65,0.2
15336,5078,56,1,181.18,0.15
15337,5078,120,2,294.78,0.15
15338,5079,134,4,102.29,0.25
15339,5080,11,4,190.66,0.2
15340,5081,149,3,136.47,0.2
15341,5081,85,1,85.76,0.15
15342,5081,174,2,260.13,0.25
15343,5082,160,1,176.7,0.25
15344,5083,28,4,326.38,0.2
15345,5084,145,3,282.25,0.2
15346,5084,115,3,345.94,0.2
15347,5084,102,1,242.41,0.2
15348,5084,2,3,105.42,0.15000000000000002
15349,5084,25,2,20.98,0.1
15350,5085,79,2,53.58,0.25
15351,5086,113,3,208.58,0.1
15352,5087,100,2,225.99,0.25
15353,5087,69,3,41.05,0.25
15354,5087,70,1,265.4,0.25
15355,5088,42,4,184.53,0.15
15356,5088,61,1,207.3,0.2
15357,5088,106,1,223.9,0.15
15358,5088,10,2,413.04,0.15
15359,5088,149,2,145.0,0.15
15360,5089,87,2,65.51,0.35
15361,5089,47,4,64.78,0.25
15362,5089,82,1,81.16,0.3
15363,5090,54,1,135.09,0.2
15364,5090,79,1,57.15,0.2
15365,5091,96,3,355.78,0.0
15366,5091,44,4,252.17,0.1
15367,5091,151,3,211.71,0.1
15368,5091,158,2,117.17,0.0
15369,5091,109,2,131.34,0.0
15370,5092,33,4,204.68,0.05
15371,5092,180,1,131.27,0.15000000000000002
15372,5092,179,1,101.3,0.1
15373,5093,71,4,270.34,0.2
15374,5093,33,4,172.36,0.2
15375,5094,39,2,171.71,0.25
15376,5094,176,4,16.82,0.25
15377,5095,102,2,227.26,0.25
15378,5095,73,3,138.68,0.25
15379,5096,157,1,186.56,0.3
15380,5096,109,1,85.37,0.35
15381,5096,99,3,42.3,0.25
15382,5096,82,1,86.95,0.25
15383,5097,17,1,93.84,0.0
15384,5097,166,4,240.75,0.0
15385,5098,128,4,161.01,0.3
15386,5099,92,1,115.24,0.1
15387,5099,91,3,342.5,0.15000000000000002
15388,5100,104,4,282.17,0.0
15389,5100,145,2,352.81,0.0
15390,5101,169,2,66.38,0.35
15391,5101,32,4,92.97,0.3
15392,5102,57,3,240.91,0.25
15393,5103,113,3,208.58,0.1
15394,5103,69,2,43.79,0.2
15395,5103,42,1,195.38,0.1
15396,5104,120,4,312.12,0.1
15397,5104,61,4,233.22,0.1
15398,5104,7,2,225.96,0.1
15399,5105,127,1,98.03,0.25
15400,5105,33,3,172.36,0.2
15401,5105,146,4,109.89,0.2
15402,5105,33,1,161.59,0.25
15403,5106,47,2,69.1,0.2
15404,5106,138,1,126.3,0.30000000000000004
15405,5106,46,1,39.52,0.30000000000000004
15406,5107,94,4,94.13,0.25
15407,5107,41,3,142.0,0.3
15408,5107,34,3,270.64,0.35
15409,5107,150,4,197.4,0.35
15410,5107,54,2,126.65,0.25
15411,5108,137,3,56.4,0.15000000000000002
15412,5108,61,1,233.22,0.1
15413,5108,6,4,44.69,0.2
15414,5108,144,2,120.47,0.1
15415,5109,130,2,120.52,0.2
15416,5109,120,4,294.78,0.15000000000000002
15417,5109,40,4,138.6,0.2
15418,5109,52,2,71.19,0.1
15419,5109,155,1,229.9,0.15000000000000002
15420,5110,53,4,141.13,0.0
15421,5111,10,4,364.45,0.25
15422,5111,116,2,298.48,0.25
15423,5111,135,3,314.5,0.2
15424,5111,120,2,277.44,0.2
15425,5111,84,2,212.47,0.30000000000000004
15426,5112,42,1,195.38,0.1
15427,5112,144,3,133.86,0.0
15428,5112,34,1,416.37,0.0
15429,5112,86,3,334.24,0.0
15430,5112,150,3,303.69,0.0
15431,5113,134,1,115.93,0.15000000000000002
15432,5113,162,3,93.63,0.05
15433,5113,173,3,386.21,0.15000000000000002
15434,5113,143,3,140.54,0.05
15435,5114,3,4,192.17,0.2
15436,5115,131,1,88.52,0.25
15437,5115,32,4,106.25,0.2
15438,5115,70,2,265.4,0.25
15439,5116,79,1,64.3,0.1
15440,5116,141,2,123.27,0.0
15441,5117,35,4,54.1,0.0
15442,5117,21,1,27.31,0.0
15443,5117,27,1,109.88,0.0
15444,5118,152,2,63.27,0.1
15445,5119,53,1,127.02,0.1
15446,5119,92,4,102.43,0.2
15447,5119,120,2,312.12,0.1
15448,5119,146,2,109.89,0.2
15449,5120,34,3,270.64,0.35
15450,5120,135,1,294.84,0.25
15451,5120,82,2,81.16,0.3
15452,5120,82,2,86.95,0.25
15453,5120,133,1,213.32,0.25
15454,5121,119,1,103.2,0.30000000000000004
15455,5121,161,2,191.07,0.25
15456,5121,161,4,191.07,0.25
15457,5122,4,4,132.18,0.35
15458,5123,89,2,120.53,0.1
15459,5123,76,2,136.43,0.1
15460,5123,41,1,182.57,0.1
15461,5124,135,3,334.15,0.15
15462,5124,130,4,128.05,0.15
15463,5124,179,4,90.04,0.2
15464,5124,178,3,42.77,0.15
15465,5125,112,3,179.61,0.30000000000000004
15466,5126,31,4,52.64,0.2
15467,5127,80,3,42.83,0.2
15468,5127,131,4,82.62,0.30000000000000004
15469,5128,10,3,388.74,0.2
15470,5128,65,4,341.62,0.25
15471,5128,152,3,52.72,0.25
15472,5128,59,3,193.7,0.30000000000000004
15473,5128,11,2,190.66,0.2
15474,5129,160,3,188.48,0.2
15475,5129,2,4,93.02,0.25
15476,5130,59,3,221.38,0.2
15477,5131,101,3,292.97,0.25
15478,5131,166,2,204.64,0.15
15479,5132,132,1,169.06,0.1
15480,5133,135,2,294.84,0.25
15481,5133,123,3,117.36,0.25
15482,5133,69,3,35.58,0.35
15483,5134,68,3,182.65,0.0
15484,5134,39,2,217.5,0.05
15485,5134,23,2,375.48,0.0
15486,5134,150,1,303.69,0.0
15487,5135,73,2,157.17,0.15000000000000002
15488,5136,154,3,20.9,0.2
15489,5137,111,4,232.14,0.1
15490,5137,88,1,196.16,0.1
15491,5137,39,1,183.16,0.2
15492,5138,126,4,48.24,0.15
15493,5138,119,3,117.94,0.2
15494,5138,34,2,353.91,0.15
15495,5138,137,1,53.08,0.2
15496,5138,132,1,159.67,0.15
15497,5139,120,2,242.76,0.30000000000000004
15498,5140,118,3,321.89,0.05
15499,5140,154,3,26.12,0.0
15500,5140,57,2,289.09,0.1
15501,5140,23,4,337.93,0.1
15502,5141,165,2,177.11,0.1
15503,5141,71,3,321.02,0.05
15504,5141,16,3,119.2,0.1
15505,5142,95,4,337.33,0.2
15506,5142,33,1,161.59,0.25
15507,5142,35,2,40.58,0.25
15508,5142,141,4,98.62,0.2
15509,5143,100,1,271.19,0.1
15510,5143,143,3,125.75,0.15000000000000002
15511,5143,55,4,247.88,0.15000000000000002
15512,5143,153,3,51.8,0.1
15513,5144,169,4,91.92,0.1
15514,5144,26,1,347.8,0.0
15515,5145,2,4,111.62,0.1
15516,5145,124,1,41.46,0.1
15517,5146,60,2,216.28,0.0
15518,5147,143,2,133.15,0.1
15519,5147,100,2,271.19,0.1
15520,5148,34,2,291.46,0.3
15521,5148,64,4,152.66,0.35
15522,5148,26,3,260.85,0.25
15523,5148,180,2,108.11,0.3
15524,5149,119,4,140.06,0.05
15525,5150,147,4,137.07,0.35
15526,5150,93,1,184.07,0.25
15527,5150,1,3,191.75,0.25
15528,5150,135,2,294.84,0.25
15529,5150,117,2,44.13,0.35
15530,5151,52,4,63.28,0.2
15531,5151,123,2,125.18,0.2
15532,5151,166,3,192.6,0.2
15533,5152,160,4,223.82,0.05
15534,5152,118,3,321.89,0.05
15535,5153,66,3,89.54,0.25
15536,5153,110,4,69.68,0.35
15537,5153,99,1,42.3,0.25
15538,5153,159,1,253.41,0.25
15539,5154,74,3,239.92,0.25
15540,5155,19,2,223.86,0.15
15541,5155,150,2,242.95,0.2
15542,5155,107,3,141.79,0.15
15543,5155,120,1,260.1,0.25
15544,5156,35,2,37.87,0.3
15545,5156,170,2,10.16,0.35
15546,5157,155,3,216.38,0.2
15547,5157,119,3,117.94,0.2
15548,5157,75,2,188.98,0.2
15549,5157,103,2,109.4,0.25
15550,5157,145,3,282.25,0.2
15551,5158,161,1,191.07,0.25
15552,5158,123,2,109.54,0.3
15553,5158,42,2,162.82,0.25
15554,5158,143,2,96.16,0.35
15555,5159,24,1,377.43,0.1
15556,5159,22,4,86.63,0.1
15557,5159,26,3,313.02,0.1
15558,5160,78,3,344.32,0.0
15559,5161,21,1,21.85,0.2
15560,5161,65,3,387.18,0.15000000000000002
15561,5161,38,1,236.61,0.1
15562,5162,153,2,57.55,0.0
15563,5163,24,3,272.59,0.35
15564,5163,41,2,131.86,0.35
15565,5164,175,4,81.63,0.30000000000000004
15566,5165,7,4,251.07,0.0
15567,5165,145,3,335.17,0.05
15568,5165,149,4,153.53,0.1
15569,5165,95,2,421.66,0.0
15570,5165,8,1,84.87,0.0
15571,5166,147,3,200.34,0.05
15572,5166,54,1,143.53,0.15000000000000002
15573,5166,132,4,169.06,0.1
15574,5167,129,4,120.01,0.35
15575,5167,89,2,87.05,0.35
15576,5167,118,2,254.12,0.25
15577,5167,35,2,40.58,0.25
15578,5168,115,4,324.32,0.25
15579,5168,172,4,111.89,0.25
15580,5168,6,1,41.89,0.25
15581,5168,8,3,63.65,0.25
15582,5168,175,1,87.46,0.25
15583,5169,128,3,195.51,0.15
15584,5169,98,3,137.68,0.15
15585,5169,88,4,185.27,0.15
15586,5169,38,4,223.46,0.15
15587,5169,151,4,199.95,0.15
15588,5170,17,4,79.76,0.15
15589,5170,83,4,327.19,0.15
15590,5170,47,4,73.42,0.15
15591,5170,118,1,288.01,0.15
15592,5170,111,1,219.24,0.15
15593,5171,103,4,116.7,0.2
15594,5171,75,4,165.35,0.30000000000000004
15595,5171,9,3,154.36,0.2
15596,5171,126,4,45.4,0.2
15597,5171,100,1,241.06,0.2
15598,5172,124,3,34.55,0.25
15599,5172,158,1,87.88,0.25
15600,5172,57,4,240.91,0.25
15601,5173,102,4,287.86,0.05
15602,5173,68,1,164.39,0.1
15603,5174,113,4,196.99,0.15
15604,5174,55,1,233.3,0.2
15605,5174,66,3,101.48,0.15
15606,5174,141,3,104.78,0.15
15607,5175,94,2,87.86,0.3
15608,5175,172,3,111.89,0.25
15609,5176,98,4,129.58,0.2
15610,5176,141,1,104.78,0.15
15611,5176,175,3,93.29,0.2
15612,5176,157,3,226.53,0.15
15613,5176,56,2,181.18,0.15
15614,5177,137,3,46.44,0.30000000000000004
15615,5177,62,4,269.14,0.25
15616,5177,38,1,197.17,0.25
15617,5177,119,2,117.94,0.2
15618,5177,146,3,109.89,0.2
15619,5178,79,4,60.72,0.15
15620,5178,126,1,48.24,0.15
15621,5178,41,4,172.43,0.15
15622,5178,78,2,292.67,0.15
15623,5178,148,3,159.44,0.15
15624,5179,26,2,278.24,0.2
15625,5180,66,2,89.54,0.25
15626,5181,11,3,202.57,0.15
15627,5181,43,4,241.96,0.25
15628,5181,50,3,19.37,0.2
15629,5182,94,1,94.13,0.25
15630,5182,61,2,181.39,0.3
15631,5182,27,2,82.41,0.25
15632,5182,161,2,191.07,0.25
15633,5183,159,3,219.62,0.35
15634,5183,65,4,296.07,0.35
15635,5183,104,2,211.63,0.25
15636,5184,17,2,84.46,0.1
15637,5184,80,2,48.19,0.1
15638,5184,77,4,444.76,0.1
15639,5184,151,4,211.71,0.1
15640,5184,115,1,389.19,0.1
15641,5185,133,3,227.54,0.2
15642,5185,31,3,46.06,0.30000000000000004
15643,5186,26,4,278.24,0.2
15644,5186,34,3,333.1,0.2
15645,5186,63,1,224.96,0.2
15646,5186,29,1,229.66,0.2
15647,5187,133,2,227.54,0.2
15648,5188,92,2,102.43,0.2
15649,5188,53,1,112.9,0.2
15650,5188,171,4,111.26,0.25
15651,5188,178,2,37.74,0.25
15652,5189,146,2,103.02,0.25
15653,5189,22,3,77.01,0.2
15654,5190,67,3,279.94,0.2
15655,5191,164,4,165.9,0.2
15656,5191,132,4,159.67,0.15
15657,5191,169,4,76.6,0.25
15658,5191,155,4,229.9,0.15
15659,5192,127,1,117.64,0.1
15660,5192,58,4,283.17,0.1
15661,5192,111,4,232.14,0.1
15662,5192,20,1,126.85,0.1
15663,5192,73,3,166.42,0.1
15664,5193,72,1,107.93,0.05
15665,5193,68,4,182.65,0.0
15666,5194,129,3,147.7,0.2
15667,5195,25,3,17.48,0.25
15668,5195,175,3,87.46,0.25
15669,5195,66,4,89.54,0.25
15670,5196,63,1,196.84,0.30000000000000004
15671,5197,48,2,192.08,0.0
15672,5197,7,1,251.07,0.0
15673,5197,133,2,284.43,0.0
15674,5197,92,2,121.64,0.05
15675,5198,24,4,335.5,0.2
15676,5198,67,1,297.44,0.15
15677,5198,39,2,171.71,0.25
15678,5198,29,4,244.01,0.15
15679,5198,112,1,218.1,0.15
15680,5199,50,4,18.16,0.25
15681,5199,90,3,241.24,0.2
15682,5200,9,2,173.66,0.1
15683,5201,34,2,374.73,0.1
15684,5201,166,3,192.6,0.2
15685,5201,176,2,17.94,0.2
15686,5201,20,4,126.85,0.1
15687,5202,96,4,284.62,0.2
15688,5203,108,1,187.81,0.35
15689,5203,165,1,137.75,0.3
15690,5203,11,3,178.74,0.25
15691,5203,42,3,162.82,0.25
15692,5204,153,1,54.67,0.05
15693,5205,90,4,256.32,0.15
15694,5205,162,1,83.78,0.15
15695,5206,156,4,121.03,0.2
15696,5207,132,3,122.1,0.35
15697,5207,8,2,55.17,0.35
15698,5208,41,2,172.43,0.15
15699,5208,87,1,85.66,0.15
15700,5209,164,1,134.79,0.35
15701,5209,119,3,110.57,0.25
15702,5210,148,3,178.2,0.05
15703,5210,166,3,240.75,0.0
15704,5210,37,3,201.56,0.1
15705,5211,67,4,297.44,0.15
15706,5212,118,1,288.01,0.15
15707,5212,137,2,56.4,0.15
15708,5212,116,2,298.48,0.25
15709,5213,178,2,45.29,0.1
15710,5213,41,3,182.57,0.1
15711,5213,119,4,117.94,0.2
15712,5214,12,3,243.95,0.0
15713,5215,112,2,192.44,0.25
15714,5215,96,4,266.83,0.25
15715,5216,126,2,51.08,0.1
15716,5217,12,2,195.16,0.2
15717,5217,136,2,229.62,0.15000000000000002
15718,5217,82,1,104.35,0.1
15719,5217,57,1,256.97,0.2
15720,5217,63,4,253.08,0.1
15721,5218,115,2,345.94,0.2
15722,5218,168,4,247.53,0.2
15723,5218,124,1,34.55,0.25
15724,5218,90,4,256.32,0.15
15725,5218,149,1,145.0,0.15
15726,5219,169,3,76.6,0.25
15727,5219,24,4,335.5,0.2
15728,5219,167,4,208.22,0.15
15729,5219,61,2,220.26,0.15
15730,5220,81,4,290.45,0.15
15731,5221,59,1,221.38,0.2
15732,5222,174,2,277.47,0.2
15733,5222,158,4,105.45,0.1
15734,5222,102,2,272.71,0.1
15735,5222,26,4,313.02,0.1
15736,5223,20,1,119.81,0.15
15737,5223,68,4,155.25,0.15
15738,5223,92,3,102.43,0.2
15739,5223,93,4,208.62,0.15
15740,5223,75,1,188.98,0.2
15741,5224,49,2,212.97,0.05
15742,5224,89,1,133.92,0.0
15743,5224,48,2,192.08,0.0
15744,5224,162,3,98.56,0.0
15745,5225,94,4,106.68,0.15
15746,5225,15,1,213.63,0.15
15747,5225,47,1,73.42,0.15
15748,5226,32,3,119.53,0.1
15749,5227,134,2,95.47,0.30000000000000004
15750,5227,2,4,99.22,0.2
15751,5227,88,2,174.37,0.2
15752,5228,47,4,60.47,0.3
15753,5228,19,3,171.18,0.35
15754,5228,30,1,121.72,0.25
15755,5228,6,4,41.89,0.25
15756,5229,7,2,238.52,0.05
15757,5229,121,2,366.64,0.15000000000000002
15758,5230,111,3,245.03,0.05
15759,5231,170,4,12.5,0.2
15760,5231,123,1,125.18,0.2
15761,5231,26,3,295.63,0.15
15762,5231,63,2,239.02,0.15
15763,5232,40,3,138.6,0.2
15764,5232,170,3,12.5,0.2
15765,5233,121,1,366.64,0.15000000000000002
15766,5233,33,2,193.91,0.1
15767,5233,124,1,36.86,0.2
15768,5234,4,4,142.35,0.30000000000000004
15769,5234,113,1,162.22,0.30000000000000004
15770,5235,125,1,30.78,0.3
15771,5235,40,1,112.61,0.35
15772,5236,48,4,163.27,0.15
15773,5236,83,2,327.19,0.15
15774,5237,75,3,200.79,0.15000000000000002
15775,5237,39,1,183.16,0.2
15776,5238,81,4,324.62,0.05
15777,5238,78,1,309.89,0.1
15778,5238,28,2,387.57,0.05
15779,5238,19,3,237.02,0.1
15780,5238,172,3,141.72,0.05
15781,5239,108,2,216.7,0.25
15782,5239,17,3,61.0,0.35
15783,5240,115,3,345.94,0.2
15784,5240,160,4,188.48,0.2
15785,5240,175,3,93.29,0.2
15786,5240,81,4,256.28,0.25
15787,5241,75,4,177.16,0.25
15788,5241,47,3,73.42,0.15
15789,5242,147,3,179.25,0.15
15790,5242,17,4,79.76,0.15
15791,5242,177,1,229.96,0.15
15792,5243,131,2,106.23,0.1
15793,5243,127,2,117.64,0.1
15794,5243,145,3,317.53,0.1
15795,5243,83,1,307.94,0.2
15796,5243,148,3,168.82,0.1
15797,5244,22,2,72.2,0.25
15798,5244,113,3,173.81,0.25
15799,5244,4,2,132.18,0.35
15800,5244,67,2,262.45,0.25
15801,5244,58,3,220.24,0.3
15802,5245,146,2,116.76,0.15
15803,5245,98,2,137.68,0.15
15804,5245,159,2,287.2,0.15
15805,5245,15,1,213.63,0.15
15806,5246,110,2,101.84,0.05
15807,5246,16,3,125.83,0.05
15808,5246,17,1,89.15,0.05
15809,5246,143,2,140.54,0.05
15810,5246,173,1,386.21,0.15000000000000002
15811,5247,30,1,129.83,0.2
15812,5248,104,1,282.17,0.0
15813,5248,73,2,166.42,0.1
15814,5249,159,2,304.09,0.1
15815,5249,74,2,287.91,0.1
15816,5249,94,4,112.96,0.1
15817,5249,136,1,243.13,0.1
15818,5250,162,3,88.7,0.1
15819,5251,153,2,46.04,0.2
15820,5251,119,1,110.57,0.25
15821,5251,164,3,155.53,0.25
15822,5252,128,3,172.51,0.25
15823,5252,175,2,99.12,0.15
15824,5252,37,1,190.36,0.15
15825,5252,107,1,125.11,0.25
15826,5252,163,3,274.19,0.25
15827,5253,87,2,75.59,0.25
15828,5253,36,2,42.03,0.35
15829,5254,5,3,305.43,0.2
15830,5254,50,2,19.37,0.2
15831,5254,168,2,247.53,0.2
15832,5254,53,3,98.79,0.30000000000000004
15833,5254,136,2,189.1,0.30000000000000004
15834,5255,168,4,216.59,0.3
15835,5256,151,3,199.95,0.15
15836,5256,63,3,239.02,0.15
15837,5256,120,3,294.78,0.15
15838,5256,166,3,192.6,0.2
15839,5257,151,4,188.18,0.2
15840,5257,6,2,50.27,0.1
15841,5257,18,4,116.29,0.1
15842,5257,82,3,98.55,0.15000000000000002
15843,5257,15,4,226.2,0.1
15844,5258,43,4,241.96,0.25
15845,5259,73,2,138.68,0.25
15846,5259,117,4,50.92,0.25
15847,5260,130,4,120.52,0.2
15848,5260,49,1,201.76,0.1
15849,5260,97,4,216.86,0.1
15850,5260,41,3,182.57,0.1
15851,5260,77,2,444.76,0.1
15852,5261,72,2,107.93,0.05
15853,5262,65,4,341.62,0.25
15854,5263,54,1,151.97,0.1
15855,5263,9,1,164.01,0.15000000000000002
15856,5263,138,4,162.39,0.1
15857,5264,30,3,105.49,0.35
15858,5264,130,1,112.99,0.25
15859,5264,167,2,183.73,0.25
15860,5264,57,3,240.91,0.25
15861,5265,113,1,185.4,0.2
15862,5265,34,4,291.46,0.30000000000000004
15863,5265,152,4,56.24,0.2
15864,5266,102,4,303.01,0.0
15865,5266,128,2,230.01,0.0
15866,5266,96,3,355.78,0.0
15867,5267,131,2,82.62,0.3
15868,5267,72,2,85.21,0.25
15869,5267,58,3,235.97,0.25
15870,5267,97,4,180.72,0.25
15871,5268,17,4,79.76,0.15
15872,5269,26,3,260.85,0.25
15873,5269,179,3,73.16,0.35
15874,5269,33,1,161.59,0.25
15875,5269,140,1,209.12,0.25
15876,5270,152,2,52.72,0.25
15877,5270,39,1,171.71,0.25
15878,5270,107,2,116.77,0.3
15879,5270,25,1,16.32,0.3
15880,5271,43,3,322.61,0.0
15881,5271,180,2,154.44,0.0
15882,5272,78,4,258.24,0.25
15883,5272,160,2,164.92,0.3
15884,5272,145,1,264.61,0.25
15885,5272,34,2,270.64,0.35
15886,5273,178,3,35.22,0.3
15887,5273,21,2,20.48,0.25
15888,5274,162,1,93.63,0.05
15889,5274,146,1,116.76,0.15000000000000002
15890,5274,43,2,306.48,0.05
15891,5274,121,2,409.77,0.05
15892,5275,58,1,204.51,0.35
15893,5275,130,1,112.99,0.25
15894,5276,15,4,201.06,0.2
15895,5277,148,1,131.31,0.30000000000000004
15896,5277,10,3,388.74,0.2
15897,5277,2,4,99.22,0.2
15898,5277,161,3,203.81,0.2
15899,5277,147,1,158.16,0.25
15900,5278,112,2,230.93,0.1
15901,5278,18,4,116.29,0.1
15902,5278,30,2,129.83,0.2
15903,5279,12,3,182.96,0.25
15904,5279,98,1,121.48,0.25
15905,5280,12,3,170.76,0.3
15906,5280,40,2,129.94,0.25
15907,5280,156,2,113.47,0.25
15908,5281,124,1,41.46,0.1
15909,5281,114,1,29.09,0.15000000000000002
15910,5282,123,2,125.18,0.2
15911,5282,14,3,110.07,0.15
15912,5282,149,4,145.0,0.15
15913,5283,158,2,111.31,0.05
15914,5283,117,3,61.1,0.1
15915,5284,77,3,321.22,0.35
15916,5284,98,2,121.48,0.25
15917,5285,178,3,40.26,0.2
15918,5285,28,3,326.38,0.2
15919,5286,67,3,244.95,0.30000000000000004
15920,5286,115,3,345.94,0.2
15921,5287,72,1,79.53,0.30000000000000004
15922,5287,29,3,229.66,0.2
15923,5288,129,3,147.7,0.2
15924,5288,125,2,37.37,0.15
15925,5288,13,4,50.78,0.15
15926,5288,153,1,46.04,0.2
15927,5288,66,2,101.48,0.15
15928,5289,107,4,125.11,0.25
15929,5289,168,3,216.59,0.3
15930,5289,39,3,160.26,0.3
15931,5290,175,4,93.29,0.2
15932,5290,127,1,111.1,0.15
15933,5290,134,1,102.29,0.25
15934,5290,168,1,263.0,0.15
15935,5290,76,3,128.85,0.15
15936,5291,176,3,16.82,0.25
15937,5291,40,4,121.27,0.3
15938,5291,37,3,156.76,0.3
15939,5291,153,4,43.16,0.25
15940,5291,166,4,180.56,0.25
15941,5292,115,3,345.94,0.2
15942,5292,159,1,236.52,0.30000000000000004
15943,5292,121,3,345.07,0.2
15944,5292,57,2,256.97,0.2
15945,5293,90,1,226.16,0.25
15946,5293,64,4,187.89,0.2
15947,5293,81,2,273.37,0.2
15948,5293,59,4,207.54,0.25
15949,5293,117,3,50.92,0.25
15950,5294,8,3,67.9,0.2
15951,5294,146,3,116.76,0.15
15952,5294,78,2,275.46,0.2
15953,5294,117,1,57.71,0.15
15954,5294,75,3,200.79,0.15
15955,5295,56,3,191.84,0.1
15956,5295,19,1,237.02,0.1
15957,5295,156,3,136.16,0.1
15958,5295,160,1,223.82,0.05
15959,5295,178,4,47.8,0.05
15960,5296,14,1,123.02,0.05
15961,5296,109,1,118.21,0.1
15962,5296,95,4,358.41,0.15000000000000002
15963,5296,108,2,260.05,0.1
15964,5296,148,1,178.2,0.05
15965,5297,80,4,42.83,0.2
15966,5298,25,3,18.65,0.2
15967,5298,108,1,231.15,0.2
15968,5298,83,2,269.45,0.30000000000000004
15969,5299,83,2,250.2,0.35
15970,5299,53,3,105.85,0.25
15971,5299,15,2,188.5,0.25
15972,5299,67,1,262.45,0.25
15973,5300,131,2,106.23,0.1
15974,5301,102,2,227.26,0.25
15975,5301,161,1,191.07,0.25
15976,5302,79,2,60.72,0.15000000000000002
15977,5302,178,3,45.29,0.1
15978,5302,58,4,283.17,0.1
15979,5302,40,1,147.26,0.15000000000000002
15980,5302,59,4,235.21,0.15000000000000002
15981,5303,27,3,87.9,0.2
15982,5304,105,1,146.88,0.25
15983,5304,141,2,98.62,0.2
15984,5304,142,3,277.55,0.25
15985,5305,95,4,400.58,0.05
15986,5305,51,1,281.96,0.05
15987,5305,86,1,317.53,0.05
15988,5305,34,1,374.73,0.1
15989,5306,152,2,52.72,0.25
15990,5306,32,2,86.33,0.35
15991,5306,143,3,96.16,0.35
15992,5306,34,1,291.46,0.3
15993,5306,81,4,222.11,0.35
15994,5307,40,4,147.26,0.15
15995,5307,145,2,264.61,0.25
15996,5308,43,4,258.09,0.2
15997,5308,50,4,19.37,0.2
15998,5308,7,3,200.86,0.2
15999,5309,99,1,56.4,0.0
16000,5309,110,2,107.2,0.0
16001,5309,90,2,271.4,0.1
16002,5309,27,2,98.89,0.1
16003,5309,153,2,57.55,0.0
16004,5310,124,4,39.16,0.15000000000000002
16005,5310,89,2,120.53,0.1
16006,5310,55,3,233.3,0.2
16007,5310,106,1,210.73,0.2
16008,5310,19,3,237.02,0.1
16009,5311,126,1,45.4,0.2
16010,5312,30,3,121.72,0.25
16011,5312,59,2,221.38,0.2
16012,5312,101,3,312.5,0.2
16013,5312,34,2,333.1,0.2
16014,5312,87,1,80.62,0.2
16015,5313,64,2,223.12,0.05
16016,5313,71,3,337.92,0.0
16017,5313,173,1,454.37,0.0
16018,5313,153,2,57.55,0.0
16019,5314,162,4,78.85,0.2
16020,5314,90,1,226.16,0.25
16021,5315,124,2,32.25,0.3
16022,5316,70,2,265.4,0.25
16023,5316,72,1,85.21,0.25
16024,5316,70,4,265.4,0.25
16025,5316,57,3,224.85,0.3
16026,5316,5,4,267.25,0.3
16027,5317,87,2,90.7,0.1
16028,5317,27,3,87.9,0.2
16029,5317,164,1,186.63,0.1
16030,5317,30,3,146.06,0.1
16031,5317,93,4,220.89,0.1
16032,5318,65,1,296.07,0.35
16033,5318,65,2,341.62,0.25
16034,5318,156,3,113.47,0.25
16035,5318,37,2,145.57,0.35
16036,5319,38,1,197.17,0.25
16037,5319,93,4,196.34,0.2
16038,5319,129,2,147.7,0.2
16039,5319,165,3,147.59,0.25
16040,5319,116,4,278.58,0.30000000000000004
16041,5320,118,4,288.01,0.15000000000000002
16042,5320,58,2,267.44,0.15000000000000002
16043,5320,174,3,277.47,0.2
16044,5320,146,3,116.76,0.15000000000000002
16045,5320,178,4,45.29,0.1
16046,5321,23,3,337.93,0.1
16047,5322,38,3,197.17,0.25
16048,5322,51,2,222.6,0.25
16049,5322,144,3,87.01,0.35
16050,5322,33,3,161.59,0.25
16051,5323,138,4,162.39,0.1
16052,5323,3,2,216.19,0.1
16053,5324,114,1,25.66,0.25
16054,5324,60,4,162.21,0.25
16055,5324,159,2,270.3,0.2
16056,5324,51,2,237.44,0.2
16057,5324,133,4,227.54,0.2
16058,5325,94,1,94.13,0.25
16059,5325,69,1,43.79,0.2
16060,5325,108,2,231.15,0.2
16061,5326,2,1,111.62,0.1
16062,5326,112,2,230.93,0.1
16063,5326,77,1,395.34,0.2
16064,5326,155,1,216.38,0.2
16065,5327,120,3,277.44,0.2
16066,5327,58,3,267.44,0.15
16067,5327,171,2,111.26,0.25
16068,5328,2,2,93.02,0.25
16069,5328,89,3,107.14,0.2
16070,5328,76,1,121.27,0.2
16071,5329,172,4,119.34,0.2
16072,5329,134,3,109.11,0.2
16073,5330,7,2,213.41,0.15
16074,5330,171,2,126.1,0.15
16075,5331,168,2,232.06,0.25
16076,5331,81,2,239.2,0.3
16077,5332,109,4,98.5,0.25
16078,5332,12,2,182.96,0.25
16079,5333,121,2,431.34,0.0
16080,5333,178,4,50.32,0.0
16081,5333,7,2,225.96,0.1
16082,5333,15,3,251.33,0.0
16083,5334,22,2,72.2,0.25
16084,5334,81,1,239.2,0.3
16085,5334,33,2,161.59,0.25
16086,5334,37,2,156.76,0.3
16087,5335,50,1,19.37,0.2
16088,5335,73,3,157.17,0.15
16089,5336,161,2,216.55,0.15
16090,5337,117,1,50.92,0.25
16091,5337,125,3,32.98,0.25
16092,5337,54,1,126.65,0.25
16093,5337,148,4,131.31,0.3
16094,5338,144,1,93.7,0.30000000000000004
16095,5339,11,3,226.4,0.05
16096,5339,47,2,77.74,0.1
16097,5339,170,3,14.85,0.05
16098,5339,122,2,271.32,0.05
16099,5339,48,2,192.08,0.0
16100,5340,128,3,184.01,0.2
16101,5341,70,4,247.71,0.3
16102,5341,16,2,99.34,0.25
16103,5341,28,2,265.18,0.35
16104,5342,160,1,200.26,0.15000000000000002
16105,5342,54,2,143.53,0.15000000000000002
16106,5342,138,4,162.39,0.1
16107,5343,19,4,210.69,0.2
16108,5343,63,3,224.96,0.2
16109,5343,113,4,162.22,0.30000000000000004
16110,5343,63,1,224.96,0.2
16111,5344,140,3,223.06,0.2
16112,5344,170,3,12.5,0.2
16113,5344,23,3,300.38,0.2
16114,5344,168,2,216.59,0.30000000000000004
16115,5344,173,3,363.5,0.2
16116,5345,117,1,54.31,0.2
16117,5345,120,4,277.44,0.2
16118,5346,114,2,34.22,0.0
16119,5346,89,3,127.22,0.05
16120,5346,18,1,122.75,0.05
16121,5346,132,4,187.85,0.0
16122,5347,126,2,42.56,0.25
16123,5347,113,1,196.99,0.15
16124,5347,119,1,125.32,0.15
16125,5347,57,2,273.03,0.15
16126,5348,25,2,23.31,0.0
16127,5349,178,4,50.32,0.0
16128,5349,165,4,196.79,0.0
16129,5350,44,4,266.18,0.05
16130,5350,4,3,203.36,0.0
16131,5350,6,2,55.86,0.0
16132,5351,132,3,169.06,0.1
16133,5351,51,1,296.8,0.0
16134,5351,45,3,180.57,0.0
16135,5351,132,1,187.85,0.0
16136,5351,18,3,122.75,0.05
16137,5352,87,1,70.55,0.3
16138,5352,147,2,158.16,0.25
16139,5352,78,1,258.24,0.25
16140,5352,115,3,302.7,0.3
16141,5353,18,3,103.37,0.2
16142,5354,18,2,96.91,0.25
16143,5354,65,2,318.85,0.3
16144,5354,46,3,42.34,0.25
16145,5354,31,1,49.35,0.25
16146,5354,64,4,176.15,0.25
16147,5355,55,4,218.72,0.25
16148,5355,129,1,138.47,0.25
16149,5355,91,1,282.06,0.3
16150,5355,179,1,84.41,0.25
16151,5355,73,1,138.68,0.25
16152,5356,153,2,43.16,0.25
16153,5356,3,3,168.15,0.3
16154,5356,38,3,197.17,0.25
16155,5356,114,4,25.66,0.25
16156,5356,61,4,168.43,0.35
16157,5357,171,3,133.51,0.1
16158,5357,25,2,23.31,0.0
16159,5357,79,1,71.44,0.0
16160,5358,61,3,194.35,0.25
16161,5359,38,2,197.17,0.25
16162,5360,139,1,403.28,0.0
16163,5360,167,4,244.97,0.0
16164,5360,88,2,217.96,0.0
16165,5360,172,2,141.72,0.05
16166,5361,168,4,247.53,0.2
16167,5361,74,1,255.92,0.2
16168,5362,40,1,121.27,0.30000000000000004
16169,5362,33,2,161.59,0.25
16170,5362,2,1,86.81,0.30000000000000004
16171,5362,22,4,77.01,0.2
16172,5363,125,4,39.57,0.1
16173,5363,77,4,444.76,0.1
16174,5363,96,3,302.41,0.15000000000000002
16175,5363,147,4,189.79,0.1
16176,5364,143,3,133.15,0.1
16177,5364,105,1,176.26,0.1
16178,5364,155,1,243.42,0.1
16179,5365,26,4,243.46,0.30000000000000004
16180,5365,156,3,121.03,0.2
16181,5365,152,4,49.21,0.30000000000000004
16182,5366,161,2,203.81,0.2
16183,5366,118,2,237.18,0.30000000000000004
16184,5367,3,2,192.17,0.2
16185,5367,137,4,53.08,0.2
16186,5367,84,3,258.0,0.15
16187,5367,149,4,145.0,0.15
16188,5368,82,1,92.75,0.2
16189,5369,95,2,295.16,0.3
16190,5369,38,1,197.17,0.25
16191,5369,112,4,192.44,0.25
16192,5369,147,3,158.16,0.25
16193,5370,152,4,52.72,0.25
16194,5370,24,1,272.59,0.35
16195,5371,135,2,294.84,0.25
16196,5371,1,3,178.96,0.30000000000000004
16197,5372,34,2,353.91,0.15000000000000002
16198,5372,97,1,216.86,0.1
16199,5372,111,3,232.14,0.1
16200,5372,23,4,337.93,0.1
16201,5372,53,1,127.02,0.1
16202,5373,60,3,183.84,0.15000000000000002
16203,5373,117,2,61.1,0.1
16204,5373,111,1,206.34,0.2
16205,5373,12,3,219.56,0.1
16206,5373,69,3,43.79,0.2
16207,5374,16,4,99.34,0.25
16208,5374,133,2,213.32,0.25
16209,5374,81,1,256.28,0.25
16210,5375,4,4,162.69,0.2
16211,5375,178,2,45.29,0.1
16212,5376,82,3,86.95,0.25
16213,5376,154,2,19.59,0.25
16214,5377,157,3,266.51,0.0
16215,5378,65,3,364.4,0.2
16216,5378,62,3,251.19,0.30000000000000004
16217,5378,1,1,204.53,0.2
16218,5378,98,2,129.58,0.2
16219,5379,90,1,301.55,0.0
16220,5379,130,3,143.12,0.05
16221,5379,170,3,14.85,0.05
16222,5380,38,4,236.61,0.1
16223,5380,95,4,379.49,0.1
16224,5381,29,3,258.36,0.1
16225,5381,5,3,362.7,0.05
16226,5381,86,2,317.53,0.05
16227,5381,89,1,120.53,0.1
16228,5381,13,3,50.78,0.15000000000000002
16229,5382,83,1,346.44,0.1
16230,5382,142,3,333.06,0.1
16231,5382,176,4,19.06,0.15000000000000002
16232,5382,113,4,185.4,0.2
16233,5382,77,1,444.76,0.1
16234,5383,134,1,122.75,0.1
16235,5383,110,1,85.76,0.2
16236,5384,164,3,197.0,0.05
16237,5384,59,2,262.88,0.05
16238,5384,125,3,41.77,0.05
16239,5384,22,2,91.45,0.05
16240,5385,3,4,240.21,0.0
16241,5385,96,4,337.99,0.05
16242,5386,151,1,235.23,0.0
16243,5386,138,1,180.43,0.0
16244,5386,9,1,173.66,0.1
16245,5387,82,4,86.95,0.25
16246,5387,137,1,49.76,0.25
16247,5387,138,4,126.3,0.3
16248,5387,173,1,340.78,0.25
16249,5388,35,1,45.98,0.15
16250,5388,65,1,387.18,0.15
16251,5388,148,4,159.44,0.15
16252,5389,50,4,21.79,0.1
16253,5390,36,3,51.73,0.2
16254,5390,46,2,45.16,0.2
16255,5390,165,2,157.43,0.2
16256,5390,73,4,147.93,0.2
16257,5390,168,2,232.06,0.25
16258,5391,164,1,155.53,0.25
16259,5391,99,4,36.66,0.35
16260,5392,70,4,318.48,0.1
16261,5392,116,3,397.97,0.0
16262,5392,33,4,215.45,0.0
16263,5392,174,4,346.84,0.0
16264,5392,158,3,117.17,0.0
16265,5393,118,4,288.01,0.15
16266,5393,15,1,188.5,0.25
16267,5393,98,4,137.68,0.15
16268,5393,141,2,104.78,0.15
16269,5394,148,2,159.44,0.15
16270,5394,106,2,197.56,0.25
16271,5394,142,4,314.56,0.15
16272,5394,170,3,13.29,0.15
16273,5395,172,4,119.34,0.2
16274,5395,28,1,346.77,0.15000000000000002
16275,5396,36,1,54.96,0.15
16276,5397,101,2,292.97,0.25
16277,5398,116,1,397.97,0.0
16278,5399,159,1,304.09,0.1
16279,5399,37,3,201.56,0.1
16280,5399,157,3,213.21,0.2
16281,5399,54,1,151.97,0.1
16282,5399,93,1,220.89,0.1
16283,5400,77,4,444.76,0.1
16284,5400,159,1,320.99,0.05
16285,5400,45,2,153.48,0.15000000000000002
16286,5401,180,4,108.11,0.3
16287,5401,166,4,180.56,0.25
16288,5401,21,1,20.48,0.25
16289,5402,107,4,141.79,0.15
16290,5403,60,2,151.4,0.30000000000000004
16291,5403,24,2,335.5,0.2
16292,5403,20,4,105.71,0.25
16293,5404,87,3,70.55,0.3
16294,5404,121,3,323.5,0.25
16295,5404,28,4,305.98,0.25
16296,5404,51,3,222.6,0.25
16297,5404,102,4,227.26,0.25
16298,5405,143,1,110.95,0.25
16299,5405,161,2,191.07,0.25
16300,5405,62,3,269.14,0.25
16301,5406,130,1,128.05,0.15
16302,5406,65,3,387.18,0.15
16303,5406,37,3,167.96,0.25
16304,5407,99,3,42.3,0.25
16305,5408,45,4,153.48,0.15000000000000002
16306,5408,149,2,153.53,0.1
16307,5409,67,3,227.45,0.35
16308,5409,7,1,188.3,0.25
16309,5409,58,2,220.24,0.3
16310,5409,154,3,19.59,0.25
16311,5410,3,2,180.16,0.25
16312,5410,3,2,156.14,0.35
16313,5411,111,3,219.24,0.15
16314,5411,154,1,22.2,0.15
16315,5411,68,1,155.25,0.15
16316,5411,24,3,335.5,0.2
16317,5411,6,1,47.48,0.15
16318,5412,75,4,236.22,0.0
16319,5412,175,4,116.61,0.0
16320,5412,102,1,287.86,0.05
16321,5412,129,4,184.63,0.0
16322,5413,82,3,75.36,0.35
16323,5413,68,1,127.85,0.3
16324,5413,71,4,236.54,0.3
16325,5413,75,4,177.16,0.25
16326,5413,156,1,113.47,0.25
16327,5414,154,2,19.59,0.25
16328,5415,152,3,63.27,0.1
16329,5416,60,1,151.4,0.3
16330,5416,23,1,281.61,0.25
16331,5417,8,2,63.65,0.25
16332,5418,30,4,154.18,0.05
16333,5418,129,3,175.4,0.05
16334,5418,68,1,173.52,0.05
16335,5418,151,1,211.71,0.1
16336,5419,38,3,223.46,0.15
16337,5419,50,3,19.37,0.2
16338,5419,46,4,47.98,0.15
16339,5420,57,1,224.85,0.3
16340,5421,100,2,225.99,0.25
16341,5421,60,1,162.21,0.25
16342,5421,143,1,103.56,0.30000000000000004
16343,5421,158,2,82.02,0.30000000000000004
16344,5421,81,3,273.37,0.2
16345,5422,51,2,237.44,0.2
16346,5422,176,1,20.18,0.1
16347,5422,53,4,127.02,0.1
16348,5423,74,4,287.91,0.1
16349,5424,133,1,270.21,0.05
16350,5425,14,1,116.54,0.1
16351,5425,32,4,119.53,0.1
16352,5425,27,1,93.4,0.15000000000000002
16353,5425,88,2,185.27,0.15000000000000002
16354,5425,43,1,258.09,0.2
16355,5426,138,1,162.39,0.1
16356,5427,123,2,125.18,0.2
16357,5427,106,1,223.9,0.15
16358,5427,48,1,163.27,0.15
16359,5428,61,4,246.17,0.05
16360,5429,101,1,312.5,0.2
16361,5429,42,2,195.38,0.1
16362,5429,18,2,103.37,0.2
16363,5429,66,1,107.45,0.1
16364,5429,111,4,232.14,0.1
16365,5430,104,1,253.95,0.1
16366,5431,148,1,140.69,0.25
16367,5431,78,2,292.67,0.15
16368,5431,153,4,46.04,0.2
16369,5432,88,3,185.27,0.15
16370,5433,119,1,132.69,0.1
16371,5433,180,1,139.0,0.1
16372,5433,105,4,176.26,0.1
16373,5433,7,1,225.96,0.1
16374,5434,118,3,271.06,0.2
16375,5434,138,1,144.34,0.2
16376,5434,90,1,226.16,0.25
16377,5435,175,2,93.29,0.2
16378,5435,117,4,54.31,0.2
16379,5436,67,4,349.93,0.0
16380,5436,71,2,337.92,0.0
16381,5436,117,4,67.89,0.0
16382,5437,141,2,104.78,0.15
16383,5438,95,1,274.08,0.35
16384,5438,55,4,204.13,0.3
16385,5438,60,2,140.58,0.35
16386,5438,80,2,34.8,0.35
16387,5439,148,1,131.31,0.30000000000000004
16388,5439,99,1,45.12,0.2
16389,5439,82,3,86.95,0.25
16390,5439,128,2,184.01,0.2
16391,5439,71,4,270.34,0.2
16392,5440,125,3,35.18,0.2
16393,5441,45,1,117.37,0.35
16394,5441,156,2,113.47,0.25
16395,5442,60,2,183.84,0.15000000000000002
16396,5443,92,3,115.24,0.1
16397,5443,138,3,171.41,0.05
16398,5443,25,2,20.98,0.1
16399,5443,73,3,166.42,0.1
16400,5444,80,4,53.54,0.0
16401,5444,154,4,26.12,0.0
16402,5445,45,4,144.46,0.2
16403,5445,18,4,116.29,0.1
16404,5445,151,2,199.95,0.15000000000000002
16405,5445,84,2,273.18,0.1
16406,5445,23,1,337.93,0.1
16407,5446,138,2,144.34,0.2
16408,5446,176,1,17.94,0.2
16409,5446,72,1,102.25,0.1
16410,5446,60,4,194.65,0.1
16411,5446,4,2,183.02,0.1
16412,5447,71,2,253.44,0.25
16413,5447,162,1,73.92,0.25
16414,5447,53,3,91.73,0.35
16415,5448,14,3,129.49,0.0
16416,5449,152,4,52.72,0.25
16417,5450,136,2,216.11,0.2
16418,5450,120,4,294.78,0.15
16419,5450,92,1,108.83,0.15
16420,5451,109,1,131.34,0.0
16421,5452,124,1,41.46,0.1
16422,5452,114,1,27.38,0.2
16423,5453,33,4,172.36,0.2
16424,5453,113,4,196.99,0.15
16425,5453,119,3,117.94,0.2
16426,5453,34,1,353.91,0.15
16427,5453,114,2,29.09,0.15
16428,5454,16,2,92.71,0.30000000000000004
16429,5454,10,3,388.74,0.2
16430,5454,4,4,162.69,0.2
16431,5454,131,3,88.52,0.25
16432,5455,81,2,256.28,0.25
16433,5455,101,4,332.03,0.15
16434,5455,138,4,153.37,0.15
16435,5456,96,1,355.78,0.0
16436,5456,75,1,236.22,0.0
16437,5456,64,4,234.86,0.0
16438,5457,85,1,90.8,0.1
16439,5457,152,1,63.27,0.1
16440,5457,115,1,389.19,0.1
16441,5457,26,4,278.24,0.2
16442,5457,172,2,134.26,0.1
16443,5458,30,2,129.83,0.2
16444,5458,79,2,53.58,0.25
16445,5458,5,4,286.34,0.25
16446,5459,40,1,147.26,0.15
16447,5460,87,1,80.62,0.2
16448,5460,67,1,314.94,0.1
16449,5461,128,1,218.51,0.05
16450,5462,20,4,126.85,0.1
16451,5462,85,4,80.71,0.2
16452,5463,149,2,136.47,0.2
16453,5463,75,4,177.16,0.25
16454,5463,118,4,254.12,0.25
16455,5464,58,3,251.7,0.2
16456,5464,64,1,199.63,0.15
16457,5464,89,1,113.83,0.15
16458,5464,150,1,258.14,0.15
16459,5465,64,4,152.66,0.35
16460,5465,141,3,80.13,0.35
16461,5465,47,2,60.47,0.3
16462,5465,155,2,189.33,0.3
16463,5466,9,1,154.36,0.2
16464,5466,111,3,180.55,0.30000000000000004
16465,5466,21,2,21.85,0.2
16466,5467,147,4,158.16,0.25
16467,5467,22,1,72.2,0.25
16468,5467,97,3,180.72,0.25
16469,5467,35,2,35.16,0.35
16470,5467,162,2,68.99,0.3
16471,5468,111,1,257.93,0.0
16472,5468,70,4,353.87,0.0
16473,5468,176,2,22.42,0.0
16474,5468,160,4,223.82,0.05
16475,5469,167,1,183.73,0.25
16476,5469,117,2,50.92,0.25
16477,5469,88,2,141.67,0.35
16478,5470,133,3,255.99,0.1
16479,5471,42,4,173.67,0.2
16480,5471,38,3,184.03,0.30000000000000004
16481,5471,138,4,144.34,0.2
16482,5471,134,4,109.11,0.2
16483,5471,175,1,93.29,0.2
16484,5472,72,3,90.89,0.2
16485,5472,93,4,208.62,0.15000000000000002
16486,5472,137,3,56.4,0.15000000000000002
16487,5473,56,2,159.86,0.25
16488,5473,1,4,191.75,0.25
16489,5474,68,1,173.52,0.05
16490,5474,150,1,288.51,0.05
16491,5474,45,4,171.54,0.05
16492,5474,98,2,137.68,0.15000000000000002
16493,5475,15,1,201.06,0.2
16494,5475,37,1,190.36,0.15
16495,5476,58,3,314.63,0.0
16496,5476,6,1,50.27,0.1
16497,5477,28,1,305.98,0.25
16498,5477,29,2,215.3,0.25
16499,5477,33,2,161.59,0.25
16500,5477,130,2,105.45,0.3
16501,5477,154,1,19.59,0.25
16502,5478,114,3,23.95,0.3
16503,5479,136,2,256.63,0.05
16504,5480,131,3,106.23,0.1
16505,5480,93,2,220.89,0.1
16506,5480,164,2,176.26,0.15000000000000002
16507,5481,31,3,49.35,0.25
16508,5481,47,1,64.78,0.25
16509,5481,129,2,129.24,0.30000000000000004
16510,5481,6,4,39.1,0.30000000000000004
16511,5481,33,4,161.59,0.25
16512,5482,135,1,393.12,0.0
16513,5483,134,2,136.39,0.0
16514,5483,1,3,255.66,0.0
16515,5484,92,3,83.23,0.35
16516,5485,95,2,358.41,0.15000000000000002
16517,5485,114,1,30.8,0.1
16518,5485,148,4,168.82,0.1
16519,5486,44,2,210.14,0.25
16520,5486,103,2,109.4,0.25
16521,5486,24,2,314.53,0.25
16522,5486,69,2,41.05,0.25
16523,5487,164,3,165.9,0.2
16524,5487,23,3,281.61,0.25
16525,5487,5,4,324.52,0.15
16526,5487,28,4,346.77,0.15
16527,5488,6,3,47.48,0.15
16528,5488,20,2,112.76,0.2
16529,5488,62,4,287.08,0.2
16530,5488,20,3,105.71,0.25
16531,5489,1,1,166.18,0.35
16532,5489,163,1,274.19,0.25
16533,5489,31,3,49.35,0.25
16534,5490,56,4,159.86,0.25
16535,5490,58,3,267.44,0.15
16536,5490,81,4,290.45,0.15
16537,5490,51,1,252.28,0.15
16538,5491,92,3,96.03,0.25
16539,5491,42,2,151.96,0.30000000000000004
16540,5491,1,3,178.96,0.30000000000000004
16541,5491,137,4,49.76,0.25
16542,5491,127,2,104.57,0.2
16543,5492,96,4,249.05,0.30000000000000004
16544,5492,74,3,223.93,0.30000000000000004
16545,5492,79,3,57.15,0.2
16546,5492,54,4,118.2,0.30000000000000004
16547,5492,112,4,205.27,0.2
16548,5493,12,1,219.56,0.1
16549,5493,51,4,252.28,0.15000000000000002
16550,5493,21,3,23.21,0.15000000000000002
16551,5493,155,1,256.95,0.05
16552,5493,17,2,89.15,0.05
16553,5494,103,3,145.87,0.0
16554,5494,71,3,337.92,0.0
16555,5494,125,4,43.97,0.0
16556,5495,162,3,88.7,0.1
16557,5496,126,3,42.56,0.25
16558,5496,128,4,149.51,0.35
16559,5496,154,3,19.59,0.25
16560,5497,116,3,318.38,0.2
16561,5497,73,1,138.68,0.25
16562,5498,160,4,235.6,0.0
16563,5498,4,2,203.36,0.0
16564,5498,170,4,15.63,0.0
16565,5498,49,3,212.97,0.05
16566,5498,139,2,383.12,0.05
16567,5499,4,2,152.52,0.25
16568,5499,7,3,188.3,0.25
16569,5500,159,4,320.99,0.05
16570,5500,3,2,228.2,0.05
16571,5500,81,1,290.45,0.15000000000000002
16572,5501,90,1,241.24,0.2
16573,5501,28,3,305.98,0.25
16574,5501,52,2,55.37,0.30000000000000004
16575,5501,152,4,56.24,0.2
16576,5501,33,3,150.81,0.30000000000000004
16577,5502,39,3,194.61,0.15
16578,5503,70,1,265.4,0.25
16579,5503,149,4,127.94,0.25
16580,5504,95,2,274.08,0.35
16581,5504,97,2,180.72,0.25
16582,5504,68,1,136.99,0.25
16583,5504,131,2,82.62,0.3
16584,5505,75,1,200.79,0.15
16585,5505,31,1,55.93,0.15
16586,5505,122,4,214.2,0.25
16587,5505,151,1,176.42,0.25
16588,5505,104,3,239.84,0.15
16589,5506,26,4,243.46,0.30000000000000004
16590,5506,144,2,107.09,0.2
16591,5506,51,3,237.44,0.2
16592,5507,56,4,191.84,0.1
16593,5507,30,2,146.06,0.1
16594,5507,37,1,201.56,0.1
16595,5507,180,1,123.55,0.2
16596,5507,3,2,216.19,0.1
16597,5508,67,1,349.93,0.0
16598,5508,95,1,400.58,0.05
16599,5508,17,1,84.46,0.1
16600,5508,27,2,109.88,0.0
16601,5508,172,3,149.18,0.0
16602,5509,7,1,188.3,0.25
16603,5509,47,4,69.1,0.2
16604,5509,153,3,40.28,0.30000000000000004
16605,5509,172,2,104.43,0.30000000000000004
16606,5509,171,4,118.68,0.2
16607,5510,153,4,43.16,0.25
16608,5510,115,2,324.32,0.25
16609,5511,17,4,70.38,0.25
16610,5512,105,3,146.88,0.25
16611,5513,133,2,284.43,0.0
16612,5513,35,4,48.69,0.1
16613,5514,134,4,88.65,0.35
16614,5514,148,2,140.69,0.25
16615,5514,79,2,46.44,0.35
16616,5514,150,1,197.4,0.35
16617,5514,134,3,88.65,0.35
16618,5515,164,2,186.63,0.1
16619,5515,42,4,206.24,0.05
16620,5515,129,2,184.63,0.0
16621,5516,63,2,224.96,0.2
16622,5516,115,1,367.57,0.15
16623,5516,80,1,42.83,0.2
16624,5516,163,1,274.19,0.25
16625,5517,47,4,56.15,0.35
16626,5517,107,2,108.43,0.35
16627,5517,163,4,274.19,0.25
16628,5518,147,1,210.88,0.0
16629,5518,145,3,352.81,0.0
16630,5518,37,2,223.95,0.0
16631,5519,12,3,243.95,0.0
16632,5519,154,1,26.12,0.0
16633,5519,1,3,230.09,0.1
16634,5519,48,4,192.08,0.0
16635,5520,153,3,46.04,0.2
16636,5521,129,4,138.47,0.25
16637,5521,113,2,173.81,0.25
16638,5521,67,2,262.45,0.25
16639,5521,141,4,92.45,0.25
16640,5522,1,4,204.53,0.2
16641,5522,110,3,85.76,0.2
16642,5523,33,3,193.91,0.1
16643,5523,101,2,351.56,0.1
16644,5523,153,1,48.92,0.15000000000000002
16645,5523,30,3,146.06,0.1
16646,5523,117,1,57.71,0.15000000000000002
16647,5524,56,3,191.84,0.1
16648,5524,30,1,146.06,0.1
16649,5524,148,3,168.82,0.1
16650,5525,177,2,202.91,0.25
16651,5525,67,4,262.45,0.25
16652,5526,52,4,59.32,0.25
16653,5526,20,2,105.71,0.25
16654,5526,46,4,39.52,0.3
16655,5527,164,2,186.63,0.1
16656,5527,156,1,136.16,0.1
16657,5527,78,4,275.46,0.2
16658,5528,152,2,56.24,0.2
16659,5528,125,4,35.18,0.2
16660,5528,155,1,189.33,0.30000000000000004
16661,5529,30,1,129.83,0.2
16662,5529,32,3,119.53,0.1
16663,5529,86,1,300.82,0.1
16664,5529,17,1,84.46,0.1
16665,5530,96,1,320.2,0.1
16666,5530,32,3,119.53,0.1
16667,5530,100,4,271.19,0.1
16668,5530,141,4,110.94,0.1
16669,5530,86,1,267.39,0.2
16670,5531,113,2,196.99,0.15000000000000002
16671,5531,131,2,100.33,0.15000000000000002
16672,5532,139,1,322.62,0.2
16673,5532,180,4,115.83,0.25
16674,5532,138,2,144.34,0.2
16675,5532,103,4,116.7,0.2
16676,5532,167,2,195.98,0.2
16677,5533,84,4,273.18,0.1
16678,5534,169,1,81.7,0.2
16679,5534,81,3,273.37,0.2
16680,5534,159,4,253.41,0.25
16681,5534,72,2,90.89,0.2
16682,5535,160,1,188.48,0.2
16683,5535,55,2,247.88,0.15
16684,5535,70,1,265.4,0.25
16685,5536,44,4,252.17,0.1
16686,5536,62,4,287.08,0.2
16687,5537,97,3,240.96,0.0
16688,5537,153,3,51.8,0.1
16689,5537,95,1,421.66,0.0
16690,5537,168,4,309.41,0.0
16691,5538,60,1,162.21,0.25
16692,5539,144,3,107.09,0.2
16693,5539,168,3,247.53,0.2
16694,5539,71,4,236.54,0.30000000000000004
16695,5539,76,2,121.27,0.2
16696,5540,140,4,209.12,0.25
16697,5540,49,1,168.13,0.25
16698,5540,51,1,237.44,0.2
16699,5541,131,3,82.62,0.30000000000000004
16700,5542,98,3,137.68,0.15
16701,5542,10,4,388.74,0.2
16702,5542,175,2,99.12,0.15
16703,5542,170,1,13.29,0.15
16704,5542,88,4,163.47,0.25
16705,5543,179,2,90.04,0.2
16706,5544,138,2,144.34,0.2
16707,5544,51,4,222.6,0.25
16708,5544,80,1,40.16,0.25
16709,5544,73,1,138.68,0.25
16710,5544,66,2,95.51,0.2
16711,5545,76,4,113.69,0.25
16712,5545,150,4,227.77,0.25
16713,5546,6,2,39.1,0.3
16714,5546,136,2,202.6,0.25
16715,5547,88,1,152.57,0.3
16716,5547,69,3,41.05,0.25
16717,5547,178,2,37.74,0.25
16718,5547,13,2,44.8,0.25
16719,5548,118,2,220.24,0.35
16720,5548,166,3,180.56,0.25
16721,5549,57,3,208.79,0.35
16722,5549,165,4,127.91,0.35
16723,5549,179,3,78.78,0.3
16724,5550,100,3,241.06,0.2
16725,5550,179,4,95.67,0.15
16726,5550,164,3,165.9,0.2
16727,5550,2,2,105.42,0.15
16728,5550,75,3,200.79,0.15
16729,5551,109,2,105.07,0.2
16730,5551,97,3,192.77,0.2
16731,5551,116,2,318.38,0.2
16732,5552,10,1,315.85,0.35
16733,5552,36,4,45.26,0.3
16734,5553,108,3,260.05,0.1
16735,5553,135,4,353.81,0.1
16736,5553,101,4,312.5,0.2
16737,5554,38,3,184.03,0.3
16738,5554,60,2,162.21,0.25
16739,5554,154,3,18.28,0.3
16740,5554,76,2,113.69,0.25
16741,5554,21,2,20.48,0.25
16742,5555,110,1,69.68,0.35
16743,5556,42,2,162.82,0.25
16744,5556,17,4,65.69,0.30000000000000004
16745,5556,115,3,302.7,0.30000000000000004
16746,5556,106,1,210.73,0.2
16747,5556,101,1,312.5,0.2
16748,5557,109,1,105.07,0.2
16749,5557,105,1,156.67,0.2
16750,5557,140,1,237.0,0.15
16751,5557,114,4,29.09,0.15
16752,5558,4,2,203.36,0.0
16753,5559,61,2,168.43,0.35
16754,5559,156,4,113.47,0.25
16755,5559,39,1,160.26,0.3
16756,5559,61,4,181.39,0.3
16757,5559,154,2,19.59,0.25
16758,5560,138,1,162.39,0.1
16759,5561,59,4,207.54,0.25
16760,5561,24,1,314.53,0.25
16761,5561,56,4,159.86,0.25
16762,5561,165,3,147.59,0.25
16763,5562,139,2,302.46,0.25
16764,5562,104,3,211.63,0.25
16765,5562,54,4,126.65,0.25
16766,5562,141,2,92.45,0.25
16767,5562,13,4,41.82,0.3
16768,5563,5,3,305.43,0.2
16769,5563,72,1,90.89,0.2
16770,5563,105,2,156.67,0.2
16771,5563,108,1,231.15,0.2
16772,5563,100,1,241.06,0.2
16773,5564,93,3,171.8,0.3
16774,5564,1,2,191.75,0.25
16775,5564,172,1,96.97,0.35
16776,5564,20,4,105.71,0.25
16777,5565,149,3,119.41,0.3
16778,5565,130,4,105.45,0.3
16779,5566,43,2,274.22,0.15
16780,5566,167,2,208.22,0.15
16781,5566,65,2,387.18,0.15
16782,5567,97,1,216.86,0.1
16783,5567,69,1,54.74,0.0
16784,5568,149,1,145.0,0.15
16785,5568,18,2,103.37,0.2
16786,5568,76,2,128.85,0.15
16787,5568,78,1,292.67,0.15
16788,5568,134,3,115.93,0.15
16789,5569,94,2,81.58,0.35
16790,5569,92,3,83.23,0.35
16791,5569,74,1,223.93,0.3
16792,5569,136,3,202.6,0.25
16793,5570,121,2,366.64,0.15
16794,5570,14,4,110.07,0.15
16795,5570,96,1,266.83,0.25
16796,5571,96,3,302.41,0.15
16797,5571,21,2,23.21,0.15
16798,5571,19,1,223.86,0.15
16799,5572,148,2,121.93,0.35
16800,5572,111,1,193.45,0.25
16801,5573,103,1,116.7,0.2
16802,5573,80,4,42.83,0.2
16803,5574,48,4,153.66,0.2
16804,5575,137,4,66.35,0.0
16805,5575,28,2,367.17,0.1
16806,5575,102,3,287.86,0.05
16807,5576,123,4,133.01,0.15
16808,5576,129,4,138.47,0.25
16809,5577,147,4,158.16,0.25
16810,5578,85,2,70.62,0.3
16811,5578,152,2,52.72,0.25
16812,5579,37,2,167.96,0.25
16813,5580,48,4,153.66,0.2
16814,5580,109,3,118.21,0.1
16815,5580,178,1,40.26,0.2
16816,5581,39,4,171.71,0.25
16817,5582,30,4,137.95,0.15
16818,5582,51,3,237.44,0.2
16819,5583,80,4,40.16,0.25
16820,5583,148,4,140.69,0.25
16821,5583,67,3,262.45,0.25
16822,5583,68,2,136.99,0.25
16823,5583,95,1,316.25,0.25
16824,5584,128,1,184.01,0.2
16825,5584,41,2,162.29,0.2
16826,5584,118,4,304.95,0.1
16827,5584,155,1,243.42,0.1
16828,5585,132,3,169.06,0.1
16829,5585,60,4,194.65,0.1
16830,5585,35,4,45.98,0.15000000000000002
16831,5585,10,3,437.34,0.1
16832,5586,35,3,40.58,0.25
16833,5586,39,3,171.71,0.25
16834,5586,78,2,223.81,0.35
16835,5586,138,1,135.32,0.25
16836,5587,65,3,364.4,0.2
16837,5587,49,2,156.93,0.30000000000000004
16838,5587,28,2,326.38,0.2
16839,5587,126,1,45.4,0.2
16840,5588,126,1,51.08,0.1
16841,5588,11,4,202.57,0.15000000000000002
16842,5588,48,3,163.27,0.15000000000000002
16843,5588,62,4,305.02,0.15000000000000002
16844,5588,164,4,165.9,0.2
16845,5589,43,1,258.09,0.2
16846,5590,41,4,182.57,0.1
16847,5591,158,2,99.59,0.15000000000000002
16848,5591,179,3,101.3,0.1
16849,5591,29,1,258.36,0.1
16850,5591,144,4,120.47,0.1
16851,5591,18,1,103.37,0.2
16852,5592,126,3,42.56,0.25
16853,5593,103,2,131.28,0.1
16854,5593,102,2,257.56,0.15000000000000002
16855,5593,48,3,182.48,0.05
16856,5594,8,1,59.41,0.30000000000000004
16857,5594,67,3,279.94,0.2
16858,5594,17,3,75.07,0.2
16859,5594,177,3,216.43,0.2
16860,5595,56,1,159.86,0.25
16861,5596,20,2,98.66,0.3
16862,5596,163,2,274.19,0.25
16863,5596,55,3,189.55,0.35
16864,5596,117,4,50.92,0.25
16865,5596,168,4,216.59,0.3
16866,5597,148,2,140.69,0.25
16867,5597,74,1,239.92,0.25
16868,5597,106,3,197.56,0.25
16869,5597,132,1,140.89,0.25
16870,5597,77,2,345.93,0.3
16871,5598,37,3,167.96,0.25
16872,5598,20,2,112.76,0.2
16873,5599,125,2,30.78,0.30000000000000004
16874,5599,14,3,97.12,0.25
16875,5599,9,3,154.36,0.2
16876,5599,27,4,87.9,0.2
16877,5600,80,1,42.83,0.2
16878,5600,156,4,113.47,0.25
16879,5600,131,2,82.62,0.30000000000000004
16880,5600,124,4,36.86,0.2
16881,5601,16,3,105.96,0.2
16882,5601,174,4,312.16,0.1
16883,5601,151,3,188.18,0.2
16884,5602,37,4,190.36,0.15000000000000002
16885,5602,55,2,233.3,0.2
16886,5602,49,3,201.76,0.1
16887,5602,71,3,304.13,0.1
16888,5602,122,4,257.04,0.1
16889,5603,20,2,98.66,0.30000000000000004
16890,5603,165,3,147.59,0.25
16891,5604,180,2,115.83,0.25
16892,5604,51,1,222.6,0.25
16893,5604,85,2,65.58,0.35
16894,5604,88,1,163.47,0.25
16895,5604,99,2,36.66,0.35
16896,5605,140,3,209.12,0.25
16897,5605,145,3,282.25,0.2
16898,5605,126,1,48.24,0.15
16899,5605,111,3,219.24,0.15
16900,5606,96,1,320.2,0.1
16901,5606,145,2,282.25,0.2
16902,5606,117,2,61.1,0.1
16903,5606,70,1,283.1,0.2
16904,5606,154,2,23.51,0.1
16905,5607,153,4,43.16,0.25
16906,5607,109,2,91.94,0.3
16907,5607,18,2,83.99,0.35
16908,5607,119,1,110.57,0.25
16909,5607,73,3,129.44,0.3
16910,5608,80,3,40.16,0.25
16911,5608,29,1,229.66,0.2
16912,5609,120,4,242.76,0.3
16913,5609,10,3,364.45,0.25
16914,5609,77,4,345.93,0.3
16915,5609,2,2,93.02,0.25
16916,5609,108,2,202.26,0.3
16917,5610,176,3,17.94,0.2
16918,5610,166,3,216.68,0.1
16919,5610,153,3,51.8,0.1
16920,5610,78,2,309.89,0.1
16921,5610,113,3,208.58,0.1
16922,5611,180,4,100.39,0.35
16923,5611,100,3,210.92,0.3
16924,5611,147,2,137.07,0.35
16925,5612,139,4,362.95,0.1
16926,5612,70,1,300.79,0.15000000000000002
16927,5612,104,1,253.95,0.1
16928,5613,109,2,105.07,0.2
16929,5614,143,2,118.35,0.2
16930,5614,137,2,53.08,0.2
16931,5614,134,4,109.11,0.2
16932,5615,114,3,25.66,0.25
16933,5615,141,2,80.13,0.35
16934,5616,2,4,86.81,0.30000000000000004
16935,5616,106,3,197.56,0.25
16936,5617,68,2,118.72,0.35
16937,5617,116,2,278.58,0.3
16938,5617,155,1,175.81,0.35
16939,5617,130,2,112.99,0.25
16940,5618,101,2,332.03,0.15
16941,5618,44,4,210.14,0.25
16942,5619,167,4,244.97,0.0
16943,5619,93,2,233.16,0.05
16944,5619,7,3,251.07,0.0
16945,5619,19,1,263.36,0.0
16946,5619,176,4,21.3,0.05
16947,5620,31,3,52.64,0.2
16948,5621,3,1,168.15,0.3
16949,5622,16,2,92.71,0.3
16950,5622,72,2,73.85,0.35
16951,5622,87,4,75.59,0.25
16952,5622,50,4,15.74,0.35
16953,5622,149,2,127.94,0.25
16954,5623,110,2,80.4,0.25
16955,5623,153,2,37.41,0.35
16956,5624,19,4,210.69,0.2
16957,5624,7,1,200.86,0.2
16958,5625,153,3,48.92,0.15000000000000002
16959,5625,70,2,300.79,0.15000000000000002
16960,5625,22,3,86.63,0.1
16961,5626,179,4,84.41,0.25
16962,5626,73,1,138.68,0.25
16963,5627,16,2,132.45,0.0
16964,5627,75,1,224.41,0.05
16965,5628,99,1,50.76,0.1
16966,5628,39,3,206.06,0.1
16967,5628,167,3,195.98,0.2
16968,5628,89,3,120.53,0.1
16969,5628,166,3,192.6,0.2
16970,5629,82,4,104.35,0.1
16971,5629,10,1,437.34,0.1
16972,5629,59,1,221.38,0.2
16973,5629,12,1,207.36,0.15000000000000002
16974,5630,1,2,204.53,0.2
16975,5630,61,3,233.22,0.1
16976,5630,40,3,155.93,0.1
16977,5630,152,2,63.27,0.1
16978,5631,48,1,163.27,0.15
16979,5631,158,3,99.59,0.15
16980,5631,134,3,115.93,0.15
16981,5631,79,1,60.72,0.15
16982,5632,31,4,59.22,0.1
16983,5633,41,1,182.57,0.1
16984,5633,50,3,20.58,0.15000000000000002
16985,5633,62,4,287.08,0.2
16986,5634,180,4,123.55,0.2
16987,5634,60,4,183.84,0.15000000000000002
16988,5634,169,1,91.92,0.1
16989,5634,54,1,151.97,0.1
16990,5634,131,1,106.23,0.1
16991,5635,160,2,200.26,0.15
16992,5636,117,2,47.52,0.3
16993,5636,154,2,19.59,0.25
16994,5637,98,1,121.48,0.25
16995,5637,1,1,191.75,0.25
16996,5638,27,1,76.92,0.3
16997,5638,140,3,209.12,0.25
16998,5638,71,2,236.54,0.3
16999,5638,163,4,255.91,0.3
17000,5639,98,4,145.78,0.1
17001,5639,157,4,253.18,0.05
17002,5640,179,4,90.04,0.2
17003,5640,106,1,197.56,0.25
17004,5640,120,3,277.44,0.2
17005,5640,44,2,196.13,0.30000000000000004
17006,5640,30,4,129.83,0.2
17007,5641,45,4,171.54,0.05
17008,5642,150,3,273.32,0.1
17009,5643,140,1,237.0,0.15000000000000002
17010,5643,127,3,124.17,0.05
17011,5643,154,4,24.81,0.05
17012,5644,69,1,38.32,0.3
17013,5644,169,3,76.6,0.25
17014,5644,127,3,98.03,0.25
17015,5645,158,4,111.31,0.05
17016,5646,122,1,271.32,0.05
17017,5646,117,2,67.89,0.0
17018,5647,36,3,58.19,0.1
17019,5647,123,3,140.83,0.1
17020,5647,35,4,48.69,0.1
17021,5648,14,1,116.54,0.1
17022,5648,18,3,109.83,0.15000000000000002
17023,5648,112,1,218.1,0.15000000000000002
17024,5648,141,3,110.94,0.1
17025,5649,57,1,224.85,0.3
17026,5649,179,4,73.16,0.35
17027,5649,18,3,96.91,0.25
17028,5649,36,1,48.49,0.25
17029,5649,79,3,53.58,0.25
17030,5650,8,3,63.65,0.25
17031,5650,124,2,34.55,0.25
17032,5650,107,1,125.11,0.25
17033,5650,11,4,178.74,0.25
17034,5650,102,3,196.96,0.35
17035,5651,134,2,115.93,0.15
17036,5651,136,1,229.62,0.15
17037,5652,134,1,136.39,0.0
17038,5652,83,1,384.93,0.0
17039,5652,169,2,102.13,0.0
17040,5653,1,4,242.88,0.05
17041,5653,31,2,65.8,0.0
17042,5653,131,3,118.03,0.0
17043,5654,36,4,58.19,0.1
17044,5654,65,2,364.4,0.2
17045,5654,6,4,50.27,0.1
17046,5654,165,1,177.11,0.1
17047,5655,30,2,121.72,0.25
17048,5656,139,4,342.79,0.15
17049,5656,153,3,46.04,0.2
17050,5656,26,4,295.63,0.15
17051,5656,46,1,42.34,0.25
17052,5657,33,2,193.91,0.1
17053,5657,153,3,48.92,0.15000000000000002
17054,5657,166,3,192.6,0.2
17055,5657,71,4,304.13,0.1
17056,5657,111,1,232.14,0.1
17057,5658,31,4,52.64,0.2
17058,5659,91,1,322.35,0.2
17059,5659,72,3,96.57,0.15
17060,5659,117,4,57.71,0.15
17061,5659,96,4,302.41,0.15
17062,5659,1,1,217.31,0.15
17063,5660,102,4,227.26,0.25
17064,5661,97,4,168.67,0.30000000000000004
17065,5661,7,1,188.3,0.25
17066,5661,80,2,42.83,0.2
17067,5661,72,4,79.53,0.30000000000000004
17068,5662,98,4,105.29,0.35
17069,5662,28,2,305.98,0.25
17070,5663,109,4,91.94,0.30000000000000004
17071,5663,159,3,236.52,0.30000000000000004
17072,5663,20,4,112.76,0.2
17073,5663,141,2,98.62,0.2
17074,5664,144,2,107.09,0.2
17075,5664,5,3,267.25,0.30000000000000004
17076,5664,91,3,322.35,0.2
17077,5664,156,4,121.03,0.2
17078,5665,110,1,101.84,0.05
17079,5665,63,1,253.08,0.1
17080,5665,63,4,253.08,0.1
17081,5665,18,4,129.21,0.0
17082,5666,124,3,36.86,0.2
17083,5666,38,2,223.46,0.15
17084,5666,144,1,107.09,0.2
17085,5667,126,2,42.56,0.25
17086,5667,1,3,191.75,0.25
17087,5667,176,1,17.94,0.2
17088,5668,127,3,111.1,0.15000000000000002
17089,5668,109,4,118.21,0.1
17090,5668,121,3,388.21,0.1
17091,5669,141,4,80.13,0.35
17092,5669,164,4,155.53,0.25
17093,5669,140,2,195.17,0.3
17094,5669,160,2,176.7,0.25
17095,5670,99,2,45.12,0.2
17096,5670,129,4,156.94,0.15
17097,5670,138,2,153.37,0.15
17098,5671,64,4,187.89,0.2
17099,5671,150,3,242.95,0.2
17100,5671,151,1,176.42,0.25
17101,5672,136,3,189.1,0.30000000000000004
17102,5672,70,1,283.1,0.2
17103,5673,104,1,282.17,0.0
17104,5673,147,4,210.88,0.0
17105,5673,93,1,220.89,0.1
17106,5673,113,4,231.75,0.0
17107,5674,65,1,387.18,0.15000000000000002
17108,5674,171,4,126.1,0.15000000000000002
17109,5675,65,3,455.5,0.0
17110,5675,73,4,184.91,0.0
17111,5675,22,4,91.45,0.05
17112,5675,88,4,217.96,0.0
17113,5675,16,3,132.45,0.0
17114,5676,127,4,84.96,0.35
17115,5676,60,2,151.4,0.3
17116,5676,109,1,98.5,0.25
17117,5676,40,4,112.61,0.35
17118,5677,18,3,129.21,0.0
17119,5677,135,2,393.12,0.0
17120,5677,123,4,156.48,0.0
17121,5677,82,4,104.35,0.1
17122,5678,137,2,53.08,0.2
17123,5678,102,3,227.26,0.25
17124,5679,121,1,366.64,0.15000000000000002
17125,5679,150,2,273.32,0.1
17126,5679,61,1,233.22,0.1
17127,5679,121,2,345.07,0.2
17128,5680,100,3,286.25,0.05
17129,5680,94,1,119.23,0.05
17130,5680,151,3,223.47,0.05
17131,5680,113,1,231.75,0.0
17132,5681,171,2,103.84,0.30000000000000004
17133,5681,48,4,144.06,0.25
17134,5681,76,4,121.27,0.2
17135,5681,52,3,63.28,0.2
17136,5682,98,1,121.48,0.25
17137,5682,98,2,121.48,0.25
17138,5682,17,2,70.38,0.25
17139,5682,81,2,273.37,0.2
17140,5683,114,1,32.51,0.05
17141,5683,25,2,23.31,0.0
17142,5683,66,1,107.45,0.1
17143,5683,84,3,303.53,0.0
17144,5684,149,3,170.59,0.0
17145,5684,132,2,187.85,0.0
17146,5684,3,1,228.2,0.05
17147,5684,82,2,115.94,0.0
17148,5685,168,1,278.47,0.1
17149,5685,77,4,444.76,0.1
17150,5685,161,1,216.55,0.15000000000000002
17151,5685,83,3,346.44,0.1
17152,5686,38,1,197.17,0.25
17153,5687,78,4,275.46,0.2
17154,5687,29,1,244.01,0.15000000000000002
17155,5688,70,1,300.79,0.15
17156,5688,133,3,241.77,0.15
17157,5689,82,1,92.75,0.2
17158,5689,172,4,111.89,0.25
17159,5689,78,3,275.46,0.2
17160,5690,147,4,189.79,0.1
17161,5690,110,1,96.48,0.1
17162,5691,22,4,72.2,0.25
17163,5692,102,2,272.71,0.1
17164,5692,130,1,150.65,0.0
17165,5692,93,1,233.16,0.05
17166,5692,24,3,377.43,0.1
17167,5693,118,4,304.95,0.1
17168,5694,157,1,199.88,0.25
17169,5694,150,1,242.95,0.2
17170,5694,67,3,244.95,0.30000000000000004
17171,5694,33,1,150.81,0.30000000000000004
17172,5694,132,2,150.28,0.2
17173,5695,62,4,269.14,0.25
17174,5695,54,3,126.65,0.25
17175,5696,13,2,44.8,0.25
17176,5696,96,2,302.41,0.15
17177,5696,9,1,164.01,0.15
17178,5697,29,1,215.3,0.25
17179,5697,78,2,223.81,0.35
17180,5698,106,3,263.41,0.0
17181,5698,34,2,374.73,0.1
17182,5698,95,1,421.66,0.0
17183,5698,180,4,154.44,0.0
17184,5698,115,2,389.19,0.1
17185,5699,162,3,73.92,0.25
17186,5700,65,2,341.62,0.25
17187,5700,163,3,274.19,0.25
17188,5700,74,2,239.92,0.25
17189,5700,97,1,180.72,0.25
17190,5701,52,1,67.23,0.15
17191,5701,167,1,183.73,0.25
17192,5701,1,4,217.31,0.15
17193,5702,36,1,51.73,0.2
17194,5702,164,3,165.9,0.2
17195,5702,100,1,241.06,0.2
17196,5702,127,1,98.03,0.25
17197,5703,156,2,98.34,0.35
17198,5703,110,3,69.68,0.35
17199,5704,70,3,318.48,0.1
17200,5705,41,1,172.43,0.15
17201,5705,79,4,53.58,0.25
17202,5705,87,4,85.66,0.15
17203,5706,135,4,314.5,0.2
17204,5707,121,1,366.64,0.15
17205,5707,124,3,39.16,0.15
17206,5707,143,4,125.75,0.15
17207,5707,149,2,145.0,0.15
17208,5707,48,1,163.27,0.15
17209,5708,158,2,76.16,0.35
17210,5708,175,1,87.46,0.25
17211,5708,33,2,161.59,0.25
17212,5709,19,2,223.86,0.15
17213,5709,33,4,183.13,0.15
17214,5709,39,4,194.61,0.15
17215,5709,134,2,115.93,0.15
17216,5710,148,4,187.58,0.0
17217,5710,27,4,109.88,0.0
17218,5710,34,3,374.73,0.1
17219,5711,158,4,87.88,0.25
17220,5712,35,2,48.69,0.1
17221,5712,74,3,319.9,0.0
17222,5713,101,4,351.56,0.1
17223,5713,152,4,63.27,0.1
17224,5714,93,1,196.34,0.2
17225,5715,107,3,141.79,0.15
17226,5715,169,1,81.7,0.2
17227,5715,151,2,188.18,0.2
17228,5715,27,3,93.4,0.15
17229,5715,168,1,263.0,0.15
17230,5716,11,3,214.49,0.1
17231,5716,56,4,170.52,0.2
17232,5717,38,1,210.32,0.2
17233,5717,119,2,117.94,0.2
17234,5717,115,3,345.94,0.2
17235,5717,63,3,224.96,0.2
17236,5718,77,2,370.63,0.25
17237,5718,133,1,213.32,0.25
17238,5718,109,4,98.5,0.25
17239,5718,122,3,185.64,0.35
17240,5719,170,4,15.63,0.0
17241,5719,80,4,53.54,0.0
17242,5719,133,2,255.99,0.1
17243,5719,131,1,112.13,0.05
17244,5720,69,4,49.27,0.1
17245,5721,158,4,99.59,0.15000000000000002
17246,5722,6,2,47.48,0.15000000000000002
17247,5722,165,3,186.95,0.05
17248,5723,172,4,119.34,0.2
17249,5723,86,1,267.39,0.2
17250,5723,104,1,225.74,0.2
17251,5723,131,3,94.42,0.2
17252,5723,30,2,129.83,0.2
17253,5724,11,4,190.66,0.2
17254,5724,22,1,72.2,0.25
17255,5724,111,2,206.34,0.2
17256,5725,89,4,120.53,0.1
17257,5725,138,3,153.37,0.15000000000000002
17258,5726,3,3,180.16,0.25
17259,5726,150,4,227.77,0.25
17260,5726,85,1,70.62,0.3
17261,5726,7,1,163.2,0.35
17262,5727,139,4,403.28,0.0
17263,5727,177,2,243.49,0.1
17264,5728,142,3,333.06,0.1
17265,5728,59,3,249.05,0.1
17266,5728,170,2,14.07,0.1
17267,5729,21,1,21.85,0.2
17268,5729,4,2,162.69,0.2
17269,5729,101,4,312.5,0.2
17270,5730,5,1,343.61,0.1
17271,5730,14,4,116.54,0.1
17272,5730,93,3,196.34,0.2
17273,5731,156,3,151.29,0.0
17274,5731,104,1,253.95,0.1
17275,5731,38,4,262.9,0.0
17276,5732,126,4,45.4,0.2
17277,5733,49,2,201.76,0.1
17278,5733,173,4,408.93,0.1
17279,5733,102,2,242.41,0.2
17280,5733,42,2,195.38,0.1
17281,5734,80,1,42.83,0.2
17282,5734,61,1,194.35,0.25
17283,5734,73,2,138.68,0.25
17284,5734,7,3,175.75,0.30000000000000004
17285,5735,148,2,150.06,0.2
17286,5735,71,1,236.54,0.30000000000000004
17287,5735,95,3,337.33,0.2
17288,5736,41,1,162.29,0.2
17289,5736,53,3,112.9,0.2
17290,5737,168,1,293.94,0.05
17291,5737,139,1,362.95,0.1
17292,5737,36,2,61.43,0.05
17293,5737,83,1,365.68,0.05
17294,5738,116,4,318.38,0.2
17295,5738,18,2,103.37,0.2
17296,5738,107,4,116.77,0.30000000000000004
17297,5738,21,3,19.12,0.30000000000000004
17298,5739,151,3,152.9,0.35
17299,5739,142,1,277.55,0.25
17300,5740,110,1,96.48,0.1
17301,5740,51,4,237.44,0.2
17302,5740,56,3,170.52,0.2
17303,5740,31,3,55.93,0.15000000000000002
17304,5741,178,2,37.74,0.25
17305,5742,102,2,227.26,0.25
17306,5742,84,2,242.82,0.2
17307,5742,32,1,112.89,0.15
17308,5743,102,3,257.56,0.15
17309,5744,103,3,131.28,0.1
17310,5744,82,3,104.35,0.1
17311,5744,51,4,267.12,0.1
17312,5744,14,2,110.07,0.15000000000000002
17313,5745,123,1,156.48,0.0
17314,5746,134,2,109.11,0.2
17315,5746,64,4,164.4,0.30000000000000004
17316,5746,157,4,213.21,0.2
17317,5746,37,1,179.16,0.2
17318,5746,131,1,82.62,0.30000000000000004
17319,5747,3,4,168.15,0.3
17320,5747,176,1,16.82,0.25
17321,5747,52,3,59.32,0.25
17322,5747,145,1,264.61,0.25
17323,5747,178,3,32.71,0.35
17324,5748,81,1,290.45,0.15
17325,5749,169,1,71.49,0.3
17326,5749,88,1,163.47,0.25
17327,5749,4,3,132.18,0.35
17328,5749,39,2,171.71,0.25
17329,5749,169,1,76.6,0.25
17330,5750,131,2,118.03,0.0
17331,5751,2,2,99.22,0.2
17332,5752,65,3,409.95,0.1
17333,5752,14,1,103.59,0.2
17334,5752,140,4,237.0,0.15000000000000002
17335,5752,20,1,126.85,0.1
17336,5752,11,3,214.49,0.1
17337,5753,177,3,216.43,0.2
17338,5753,175,4,93.29,0.2
17339,5753,147,2,158.16,0.25
17340,5754,111,2,219.24,0.15000000000000002
17341,5755,105,4,176.26,0.1
17342,5755,11,3,214.49,0.1
17343,5755,70,2,318.48,0.1
17344,5755,175,1,104.95,0.1
17345,5756,170,2,13.29,0.15000000000000002
17346,5757,133,3,241.77,0.15
17347,5757,50,2,20.58,0.15
17348,5757,104,3,239.84,0.15
17349,5758,24,4,293.56,0.3
17350,5758,29,1,200.95,0.3
17351,5758,77,2,345.93,0.3
17352,5758,165,2,147.59,0.25
17353,5758,164,1,155.53,0.25
17354,5759,68,2,136.99,0.25
17355,5759,90,4,196.01,0.35
17356,5759,86,3,250.68,0.25
17357,5759,129,1,129.24,0.3
17358,5760,64,2,199.63,0.15
17359,5760,22,2,81.82,0.15
17360,5760,86,4,267.39,0.2
17361,5760,23,1,319.16,0.15
17362,5761,114,4,30.8,0.1
17363,5761,132,3,169.06,0.1
17364,5761,18,1,116.29,0.1
17365,5761,86,2,300.82,0.1
17366,5761,140,2,250.94,0.1
17367,5762,32,2,112.89,0.15000000000000002
17368,5762,91,4,362.65,0.1
17369,5762,4,1,172.86,0.15000000000000002
17370,5762,89,3,120.53,0.1
17371,5762,86,2,300.82,0.1
17372,5763,152,4,70.3,0.0
17373,5763,167,3,244.97,0.0
17374,5763,13,1,53.77,0.1
17375,5764,111,4,206.34,0.2
17376,5764,12,2,195.16,0.2
17377,5764,16,3,92.71,0.30000000000000004
17378,5764,177,3,216.43,0.2
17379,5764,104,3,197.52,0.30000000000000004
17380,5765,56,2,181.18,0.15
17381,5766,39,1,171.71,0.25
17382,5766,45,2,144.46,0.2
17383,5766,105,2,156.67,0.2
17384,5766,66,1,95.51,0.2
17385,5766,116,3,278.58,0.30000000000000004
17386,5767,20,3,105.71,0.25
17387,5767,48,1,124.85,0.35
17388,5768,38,2,210.32,0.2
17389,5769,46,4,47.98,0.15
17390,5770,23,2,300.38,0.2
17391,5770,117,1,61.1,0.1
17392,5770,144,3,120.47,0.1
17393,5770,135,4,353.81,0.1
17394,5770,80,4,48.19,0.1
17395,5771,29,3,215.3,0.25
17396,5771,77,1,345.93,0.3
17397,5771,74,2,223.93,0.3
17398,5771,138,4,126.3,0.3
17399,5771,103,4,94.82,0.35
17400,5772,44,2,210.14,0.25
17401,5772,20,4,105.71,0.25
17402,5772,93,3,159.53,0.35
17403,5772,179,2,84.41,0.25
17404,5772,143,1,110.95,0.25
17405,5773,15,4,175.93,0.3
17406,5773,178,4,35.22,0.3
17407,5773,78,4,258.24,0.25
17408,5774,150,1,212.58,0.3
17409,5774,102,2,212.11,0.3
17410,5774,47,2,60.47,0.3
17411,5774,6,1,36.31,0.35
17412,5774,100,4,225.99,0.25
17413,5775,178,1,50.32,0.0
17414,5776,97,1,204.82,0.15000000000000002
17415,5776,90,2,271.4,0.1
17416,5776,16,2,119.2,0.1
17417,5776,169,2,91.92,0.1
17418,5776,26,2,295.63,0.15000000000000002
17419,5777,46,1,39.52,0.3
17420,5777,143,2,110.95,0.25
17421,5778,41,2,172.43,0.15
17422,5778,165,1,167.27,0.15
17423,5779,143,2,147.94,0.0
17424,5779,133,4,270.21,0.05
17425,5779,154,1,26.12,0.0
17426,5780,149,2,153.53,0.1
17427,5780,22,4,86.63,0.1
17428,5781,115,1,367.57,0.15
17429,5781,116,1,298.48,0.25
17430,5781,92,2,96.03,0.25
17431,5781,66,2,95.51,0.2
17432,5781,73,1,138.68,0.25
17433,5782,7,2,238.52,0.05
17434,5783,25,2,17.48,0.25
17435,5783,148,1,159.44,0.15
17436,5783,70,2,283.1,0.2
17437,5783,26,2,278.24,0.2
17438,5784,156,2,105.9,0.30000000000000004
17439,5784,29,1,229.66,0.2
17440,5784,106,1,210.73,0.2
17441,5784,28,1,305.98,0.25
17442,5785,23,4,281.61,0.25
17443,5785,68,1,136.99,0.25
17444,5785,74,3,239.92,0.25
17445,5785,17,3,70.38,0.25
17446,5785,18,1,90.45,0.3
17447,5786,22,1,96.26,0.0
17448,5786,67,1,314.94,0.1
17449,5786,86,1,334.24,0.0
17450,5786,67,1,349.93,0.0
17451,5786,155,1,270.47,0.0
17452,5787,17,3,75.07,0.2
17453,5787,179,2,95.67,0.15000000000000002
17454,5787,33,1,193.91,0.1
17455,5788,55,4,233.3,0.2
17456,5788,20,3,126.85,0.1
17457,5788,169,2,91.92,0.1
17458,5789,16,2,99.34,0.25
17459,5790,163,4,274.19,0.25
17460,5791,124,1,36.86,0.2
17461,5791,114,1,25.66,0.25
17462,5791,7,3,175.75,0.30000000000000004
17463,5791,77,2,395.34,0.2
17464,5792,147,2,158.16,0.25
17465,5792,46,2,47.98,0.15
17466,5792,164,4,176.26,0.15
17467,5792,158,1,99.59,0.15
17468,5792,113,4,196.99,0.15
17469,5793,90,3,241.24,0.2
17470,5793,47,3,60.47,0.30000000000000004
17471,5793,117,4,54.31,0.2
17472,5793,28,1,326.38,0.2
17473,5794,93,3,220.89,0.1
17474,5794,91,4,362.65,0.1
17475,5794,54,1,151.97,0.1
17476,5794,127,4,117.64,0.1
17477,5794,27,2,93.4,0.15000000000000002
17478,5795,77,2,494.18,0.0
17479,5795,32,3,119.53,0.1
17480,5795,24,4,398.4,0.05
17481,5795,101,2,371.09,0.05
17482,5796,50,1,16.95,0.3
17483,5796,82,4,75.36,0.35
17484,5796,63,2,210.9,0.25
17485,5796,22,1,72.2,0.25
17486,5797,49,3,201.76,0.1
17487,5797,177,2,243.49,0.1
17488,5797,129,2,166.17,0.1
17489,5798,109,3,105.07,0.2
17490,5799,155,2,243.42,0.1
17491,5799,72,1,96.57,0.15000000000000002
17492,5799,17,4,79.76,0.15000000000000002
17493,5800,79,1,57.15,0.2
17494,5800,23,1,300.38,0.2
17495,5800,142,2,277.55,0.25
17496,5801,174,2,277.47,0.2
17497,5801,2,1,93.02,0.25
17498,5801,16,1,92.71,0.30000000000000004
17499,5802,49,2,201.76,0.1
17500,5802,175,4,99.12,0.15000000000000002
17501,5802,19,4,223.86,0.15000000000000002
17502,5802,21,1,21.85,0.2
17503,5803,19,4,210.69,0.2
17504,5803,78,3,275.46,0.2
17505,5803,36,2,51.73,0.2
17506,5804,131,1,118.03,0.0
17507,5804,135,2,393.12,0.0
17508,5804,21,1,27.31,0.0
17509,5805,55,2,233.3,0.2
17510,5805,156,4,105.9,0.30000000000000004
17511,5805,165,1,157.43,0.2
17512,5806,143,3,125.75,0.15
17513,5806,93,1,196.34,0.2
17514,5807,123,2,140.83,0.1
17515,5807,77,4,444.76,0.1
17516,5807,82,3,98.55,0.15000000000000002
17517,5808,108,4,274.49,0.05
17518,5808,85,3,95.85,0.05
17519,5808,23,2,375.48,0.0
17520,5808,7,4,251.07,0.0
17521,5809,85,1,65.58,0.35
17522,5809,166,1,180.56,0.25
17523,5810,65,3,364.4,0.2
17524,5810,80,3,40.16,0.25
17525,5811,9,1,144.71,0.25
17526,5812,69,1,46.53,0.15000000000000002
17527,5812,48,4,163.27,0.15000000000000002
17528,5812,139,4,362.95,0.1
17529,5812,132,4,169.06,0.1
17530,5812,83,3,346.44,0.1
17531,5813,112,1,230.93,0.1
17532,5813,7,2,225.96,0.1
17533,5813,164,3,165.9,0.2
17534,5813,100,2,256.12,0.15000000000000002
17535,5814,136,4,202.6,0.25
17536,5814,71,1,236.54,0.3
17537,5814,172,2,96.97,0.35
17538,5814,114,2,22.24,0.35
17539,5815,180,2,115.83,0.25
17540,5815,85,4,80.71,0.2
17541,5816,163,4,292.46,0.2
17542,5816,34,2,374.73,0.1
17543,5816,142,3,333.06,0.1
17544,5816,152,4,56.24,0.2
17545,5816,59,4,249.05,0.1
17546,5817,157,4,199.88,0.25
17547,5817,105,4,137.09,0.3
17548,5818,15,2,188.5,0.25
17549,5819,116,4,397.97,0.0
17550,5820,155,2,216.38,0.2
17551,5820,25,3,20.98,0.1
17552,5820,155,2,243.42,0.1
17553,5821,50,2,21.79,0.1
17554,5821,147,2,210.88,0.0
17555,5821,65,1,455.5,0.0
17556,5821,97,2,240.96,0.0
17557,5822,73,2,184.91,0.0
17558,5823,89,1,107.14,0.2
17559,5823,136,4,229.62,0.15
17560,5823,117,4,57.71,0.15
17561,5823,57,4,240.91,0.25
17562,5824,41,2,162.29,0.2
17563,5824,51,2,207.76,0.30000000000000004
17564,5825,170,3,11.72,0.25
17565,5826,129,4,156.94,0.15
17566,5827,155,3,270.47,0.0
17567,5827,77,3,469.47,0.05
17568,5827,95,1,421.66,0.0
17569,5827,108,2,288.94,0.0
17570,5827,139,3,403.28,0.0
17571,5828,134,3,88.65,0.35
17572,5828,175,2,75.8,0.35
17573,5828,177,4,189.38,0.3
17574,5828,49,4,168.13,0.25
17575,5828,87,3,75.59,0.25
17576,5829,133,1,199.1,0.3
17577,5829,149,2,127.94,0.25
17578,5829,46,4,36.69,0.35
17579,5829,141,4,92.45,0.25
17580,5830,129,3,166.17,0.1
17581,5830,87,1,95.74,0.05
17582,5830,47,3,82.06,0.05
17583,5830,118,2,321.89,0.05
17584,5831,4,3,193.19,0.05
17585,5831,52,3,71.19,0.1
17586,5831,43,1,322.61,0.0
17587,5831,11,1,238.32,0.0
17588,5832,22,2,77.01,0.2
17589,5832,119,2,103.2,0.30000000000000004
17590,5833,138,3,153.37,0.15000000000000002
17591,5833,86,1,267.39,0.2
17592,5833,67,1,314.94,0.1
17593,5833,139,4,362.95,0.1
17594,5834,167,2,220.47,0.1
17595,5834,117,4,64.5,0.05
17596,5835,174,2,242.79,0.30000000000000004
17597,5835,119,2,103.2,0.30000000000000004
17598,5835,66,3,89.54,0.25
17599,5836,78,3,241.02,0.3
17600,5837,67,4,262.45,0.25
17601,5837,36,4,48.49,0.25
17602,5837,42,3,162.82,0.25
17603,5837,127,2,98.03,0.25
17604,5838,1,3,204.53,0.2
17605,5839,77,3,420.05,0.15
17606,5839,105,3,166.46,0.15
17607,5839,26,4,295.63,0.15
17608,5839,92,1,102.43,0.2
17609,5840,70,4,300.79,0.15000000000000002
17610,5840,171,1,133.51,0.1
17611,5841,55,3,277.04,0.05
17612,5841,52,1,75.14,0.05
17613,5841,154,4,22.2,0.15000000000000002
17614,5841,133,1,270.21,0.05
17615,5842,62,1,287.08,0.2
17616,5842,12,1,182.96,0.25
17617,5842,171,2,103.84,0.30000000000000004
17618,5842,100,2,241.06,0.2
17619,5843,152,1,52.72,0.25
17620,5843,90,1,226.16,0.25
17621,5844,163,4,329.02,0.1
17622,5844,25,4,19.81,0.15000000000000002
17623,5844,84,1,273.18,0.1
17624,5845,154,2,22.2,0.15
17625,5845,177,2,229.96,0.15
17626,5845,169,1,86.81,0.15
17627,5845,4,3,172.86,0.15
17628,5846,22,4,96.26,0.0
17629,5846,128,2,230.01,0.0
17630,5846,128,2,230.01,0.0
17631,5846,124,2,41.46,0.1
17632,5846,176,4,20.18,0.1
17633,5847,152,1,59.75,0.15
17634,5847,142,2,314.56,0.15
17635,5847,128,2,172.51,0.25
17636,5847,132,3,159.67,0.15
17637,5847,31,2,49.35,0.25
17638,5848,139,1,302.46,0.25
17639,5849,178,4,45.29,0.1
17640,5849,81,1,307.54,0.1
17641,5849,17,3,75.07,0.2
17642,5849,59,2,249.05,0.1
17643,5850,112,1,243.76,0.05
17644,5850,177,4,243.49,0.1
17645,5850,56,3,202.49,0.05
17646,5850,127,4,124.17,0.05
17647,5851,83,2,288.7,0.25
17648,5851,87,3,85.66,0.15
17649,5851,136,3,229.62,0.15
17650,5851,59,1,207.54,0.25
17651,5852,170,2,12.5,0.2
17652,5852,141,1,92.45,0.25
17653,5852,156,3,105.9,0.30000000000000004
17654,5852,31,2,52.64,0.2
17655,5852,91,1,322.35,0.2
17656,5853,73,2,147.93,0.2
17657,5853,96,4,284.62,0.2
17658,5853,149,1,136.47,0.2
17659,5853,51,1,237.44,0.2
17660,5853,40,1,129.94,0.25
17661,5854,5,3,324.52,0.15
17662,5854,109,3,98.5,0.25
17663,5854,175,4,99.12,0.15
17664,5855,157,1,199.88,0.25
17665,5856,123,3,133.01,0.15
17666,5856,97,2,192.77,0.2
17667,5856,15,3,201.06,0.2
17668,5856,154,4,19.59,0.25
17669,5857,145,1,282.25,0.2
17670,5857,59,4,221.38,0.2
17671,5857,12,4,195.16,0.2
17672,5857,121,1,345.07,0.2
17673,5858,139,4,302.46,0.25
17674,5858,91,3,302.2,0.25
17675,5858,139,1,302.46,0.25
17676,5858,135,2,294.84,0.25
17677,5859,132,4,122.1,0.35
17678,5860,99,3,50.76,0.1
17679,5860,107,2,141.79,0.15000000000000002
17680,5861,141,3,104.78,0.15
17681,5861,105,4,146.88,0.25
17682,5861,135,4,334.15,0.15
17683,5862,12,1,195.16,0.2
17684,5862,21,1,23.21,0.15
17685,5862,70,4,283.1,0.2
17686,5862,20,3,119.81,0.15
17687,5863,126,3,48.24,0.15
17688,5864,95,2,316.25,0.25
17689,5864,143,3,110.95,0.25
17690,5864,38,3,170.88,0.35
17691,5865,158,1,82.02,0.3
17692,5865,27,2,82.41,0.25
17693,5865,122,4,214.2,0.25
17694,5866,141,4,92.45,0.25
17695,5866,59,1,235.21,0.15
17696,5866,44,1,238.16,0.15
17697,5866,11,4,202.57,0.15
17698,5867,49,4,190.55,0.15000000000000002
17699,5867,114,1,27.38,0.2
17700,5867,116,4,358.17,0.1
17701,5867,42,2,195.38,0.1
17702,5868,103,4,131.28,0.1
17703,5868,18,4,129.21,0.0
17704,5868,179,1,112.55,0.0
17705,5868,155,3,256.95,0.05
17706,5869,2,2,124.02,0.0
17707,5870,153,1,43.16,0.25
17708,5870,118,1,237.18,0.30000000000000004
17709,5871,135,1,275.18,0.3
17710,5871,169,3,76.6,0.25
17711,5872,5,4,286.34,0.25
17712,5872,170,1,12.5,0.2
17713,5873,51,2,252.28,0.15000000000000002
17714,5873,171,2,126.1,0.15000000000000002
17715,5873,143,1,133.15,0.1
17716,5873,178,1,45.29,0.1
17717,5873,130,3,135.59,0.1
17718,5874,147,2,189.79,0.1
17719,5875,162,4,73.92,0.25
17720,5875,1,2,178.96,0.30000000000000004
17721,5876,163,3,255.91,0.30000000000000004
17722,5876,92,3,89.63,0.30000000000000004
17723,5876,155,4,216.38,0.2
17724,5876,73,1,147.93,0.2
17725,5876,58,3,251.7,0.2
17726,5877,54,1,126.65,0.25
17727,5877,176,1,14.57,0.35
17728,5877,157,1,199.88,0.25
17729,5877,84,2,227.65,0.25
17730,5877,168,4,216.59,0.3
17731,5878,177,2,229.96,0.15
17732,5879,164,2,165.9,0.2
17733,5879,58,1,251.7,0.2
17734,5879,73,3,138.68,0.25
17735,5879,165,1,147.59,0.25
17736,5880,52,2,63.28,0.2
17737,5880,167,1,195.98,0.2
17738,5881,45,2,117.37,0.35
17739,5882,151,1,235.23,0.0
17740,5882,164,3,207.37,0.0
17741,5882,143,4,147.94,0.0
17742,5883,11,2,214.49,0.1
17743,5883,95,3,337.33,0.2
17744,5883,157,4,239.86,0.1
17745,5884,154,4,22.2,0.15
17746,5884,67,3,297.44,0.15
17747,5884,138,3,144.34,0.2
17748,5885,83,3,327.19,0.15
17749,5885,25,1,19.81,0.15
17750,5886,103,2,109.4,0.25
17751,5887,148,2,168.82,0.1
17752,5887,44,4,252.17,0.1
17753,5888,69,3,49.27,0.1
17754,5889,47,2,77.74,0.1
17755,5889,105,2,176.26,0.1
17756,5889,35,4,48.69,0.1
17757,5890,133,3,241.77,0.15
17758,5891,166,1,228.71,0.05
17759,5891,39,4,217.5,0.05
17760,5892,36,4,48.49,0.25
17761,5892,35,1,37.87,0.30000000000000004
17762,5892,99,2,39.48,0.30000000000000004
17763,5892,109,1,98.5,0.25
17764,5892,12,1,195.16,0.2
17765,5893,78,1,258.24,0.25
17766,5893,176,1,16.82,0.25
17767,5894,83,2,346.44,0.1
17768,5895,145,3,317.53,0.1
17769,5895,142,4,333.06,0.1
17770,5895,123,2,125.18,0.2
17771,5895,43,3,290.35,0.1
17772,5896,146,2,96.15,0.3
17773,5897,109,1,105.07,0.2
17774,5897,159,1,287.2,0.15
17775,5897,77,4,395.34,0.2
17776,5897,58,1,267.44,0.15
17777,5898,10,2,413.04,0.15
17778,5898,166,4,204.64,0.15
17779,5899,81,4,307.54,0.1
17780,5899,114,4,30.8,0.1
17781,5899,40,2,155.93,0.1
17782,5900,77,4,370.63,0.25
17783,5900,7,2,200.86,0.2
17784,5901,12,4,219.56,0.1
17785,5901,85,2,95.85,0.05
17786,5902,17,2,70.38,0.25
17787,5902,70,3,247.71,0.3
17788,5902,68,3,127.85,0.3
17789,5902,162,1,73.92,0.25
17790,5902,113,4,173.81,0.25
17791,5903,86,1,267.39,0.2
17792,5903,180,2,131.27,0.15000000000000002
17793,5903,141,2,98.62,0.2
17794,5904,106,3,237.07,0.1
17795,5904,165,3,177.11,0.1
17796,5904,142,4,333.06,0.1
17797,5905,136,3,202.6,0.25
17798,5905,49,3,168.13,0.25
17799,5905,24,3,293.56,0.3
17800,5905,16,2,99.34,0.25
17801,5906,42,4,184.53,0.15000000000000002
17802,5906,137,2,56.4,0.15000000000000002
17803,5906,108,4,260.05,0.1
17804,5906,11,2,214.49,0.1
17805,5906,157,2,239.86,0.1
17806,5907,54,4,126.65,0.25
17807,5907,85,1,75.67,0.25
17808,5907,113,3,150.64,0.35
17809,5908,141,2,98.62,0.2
17810,5909,135,2,334.15,0.15
17811,5909,120,1,294.78,0.15
17812,5909,5,3,324.52,0.15
17813,5910,85,3,80.71,0.2
17814,5910,133,1,227.54,0.2
17815,5910,84,1,273.18,0.1
17816,5910,57,1,289.09,0.1
17817,5911,149,1,127.94,0.25
17818,5912,139,1,342.79,0.15000000000000002
17819,5912,25,2,20.98,0.1
17820,5912,19,2,237.02,0.1
17821,5912,78,1,309.89,0.1
17822,5912,63,4,239.02,0.15000000000000002
17823,5913,64,2,164.4,0.3
17824,5913,170,1,11.72,0.25
17825,5913,13,4,44.8,0.25
17826,5913,113,1,173.81,0.25
17827,5913,100,4,225.99,0.25
17828,5914,51,4,192.92,0.35
17829,5915,125,3,32.98,0.25
17830,5915,128,4,184.01,0.2
17831,5916,43,3,258.09,0.2
17832,5916,32,4,92.97,0.30000000000000004
17833,5916,166,4,168.52,0.30000000000000004
17834,5916,147,1,168.7,0.2
17835,5916,36,1,51.73,0.2
17836,5917,76,3,98.53,0.35
17837,5917,126,2,42.56,0.25
17838,5917,136,2,202.6,0.25
17839,5918,145,2,264.61,0.25
17840,5918,141,3,92.45,0.25
17841,5918,88,3,174.37,0.2
17842,5919,95,2,379.49,0.1
17843,5919,175,2,116.61,0.0
17844,5919,167,3,220.47,0.1
17845,5920,168,4,309.41,0.0
17846,5920,23,2,356.71,0.05
17847,5920,30,1,146.06,0.1
17848,5921,19,4,197.52,0.25
17849,5921,136,4,202.6,0.25
17850,5921,38,1,197.17,0.25
17851,5921,14,4,84.17,0.35
17852,5921,167,3,183.73,0.25
17853,5922,79,3,64.3,0.1
17854,5922,110,3,91.12,0.15000000000000002
17855,5922,177,4,216.43,0.2
17856,5922,33,1,172.36,0.2
17857,5922,140,1,250.94,0.1
17858,5923,28,4,367.17,0.1
17859,5923,2,2,111.62,0.1
17860,5923,112,3,230.93,0.1
17861,5923,146,2,109.89,0.2
17862,5924,93,1,184.07,0.25
17863,5924,81,2,222.11,0.35
17864,5924,53,4,105.85,0.25
17865,5925,34,2,353.91,0.15
17866,5925,144,4,100.4,0.25
17867,5925,76,4,128.85,0.15
17868,5925,67,3,297.44,0.15
17869,5925,125,2,35.18,0.2
17870,5926,87,2,80.62,0.2
17871,5926,43,1,290.35,0.1
17872,5926,106,4,237.07,0.1
17873,5926,163,3,329.02,0.1
17874,5926,31,2,59.22,0.1
17875,5927,11,3,178.74,0.25
17876,5927,2,2,105.42,0.15
17877,5927,112,3,205.27,0.2
17878,5927,1,2,191.75,0.25
17879,5927,7,2,213.41,0.15
17880,5928,27,3,87.9,0.2
17881,5928,70,1,283.1,0.2
17882,5928,37,1,167.96,0.25
17883,5928,64,1,176.15,0.25
17884,5929,136,1,216.11,0.2
17885,5929,25,3,17.48,0.25
17886,5929,109,3,111.64,0.15
17887,5930,163,4,292.46,0.2
17888,5930,83,4,307.94,0.2
17889,5930,46,4,45.16,0.2
17890,5930,53,1,112.9,0.2
17891,5931,137,2,49.76,0.25
17892,5931,172,3,104.43,0.3
17893,5931,11,4,178.74,0.25
17894,5932,28,3,387.57,0.05
17895,5932,13,2,56.75,0.05
17896,5932,47,2,82.06,0.05
17897,5933,51,4,296.8,0.0
17898,5933,34,2,416.37,0.0
17899,5933,27,4,109.88,0.0
17900,5933,72,1,102.25,0.1
17901,5934,15,1,201.06,0.2
17902,5934,180,3,123.55,0.2
17903,5934,91,2,322.35,0.2
17904,5934,46,2,42.34,0.25
17905,5934,39,4,160.26,0.30000000000000004
17906,5935,87,4,70.55,0.30000000000000004
17907,5935,71,2,236.54,0.30000000000000004
17908,5936,160,4,212.04,0.1
17909,5936,67,3,314.94,0.1
17910,5936,33,2,193.91,0.1
17911,5936,42,1,195.38,0.1
17912,5936,22,1,86.63,0.1
17913,5937,123,4,101.71,0.35
17914,5937,61,1,194.35,0.25
17915,5937,142,1,277.55,0.25
17916,5938,19,1,197.52,0.25
17917,5938,12,2,182.96,0.25
17918,5938,21,2,21.85,0.2
17919,5938,90,4,241.24,0.2
17920,5938,57,4,256.97,0.2
17921,5939,151,4,211.71,0.1
17922,5939,155,3,270.47,0.0
17923,5939,143,2,140.54,0.05
17924,5940,120,2,277.44,0.2
17925,5940,171,4,103.84,0.30000000000000004
17926,5940,165,2,147.59,0.25
17927,5940,118,1,271.06,0.2
17928,5941,113,3,208.58,0.1
17929,5941,164,3,186.63,0.1
17930,5941,62,4,322.97,0.1
17931,5941,112,1,230.93,0.1
17932,5941,150,1,273.32,0.1
17933,5942,34,2,374.73,0.1
17934,5942,54,2,151.97,0.1
17935,5942,150,2,258.14,0.15000000000000002
17936,5942,10,3,388.74,0.2
17937,5943,15,4,213.63,0.15
17938,5943,136,2,229.62,0.15
17939,5943,158,1,99.59,0.15
17940,5944,147,3,179.25,0.15
17941,5944,131,1,88.52,0.25
17942,5944,115,4,367.57,0.15
17943,5944,148,1,150.06,0.2
17944,5944,98,2,129.58,0.2
17945,5945,12,4,158.57,0.35
17946,5946,90,3,226.16,0.25
17947,5946,117,3,44.13,0.35
17948,5946,26,4,226.07,0.35
17949,5946,84,3,212.47,0.3
17950,5947,73,4,129.44,0.30000000000000004
17951,5947,111,3,206.34,0.2
17952,5947,122,4,228.48,0.2
17953,5948,70,2,353.87,0.0
17954,5948,37,1,223.95,0.0
17955,5948,6,2,55.86,0.0
17956,5949,27,4,82.41,0.25
17957,5949,2,3,93.02,0.25
17958,5949,148,1,121.93,0.35
17959,5949,168,4,216.59,0.3
17960,5950,75,3,165.35,0.30000000000000004
17961,5951,156,3,128.6,0.15000000000000002
17962,5951,98,3,145.78,0.1
17963,5951,13,1,53.77,0.1
17964,5951,161,2,229.28,0.1
17965,5952,109,2,98.5,0.25
17966,5953,32,1,106.25,0.2
17967,5953,82,3,92.75,0.2
17968,5953,88,2,174.37,0.2
17969,5953,2,3,99.22,0.2
17970,5953,175,1,93.29,0.2
17971,5954,179,2,73.16,0.35
17972,5954,75,3,177.16,0.25
17973,5955,93,1,245.43,0.0
17974,5955,85,3,100.89,0.0
17975,5955,57,3,321.21,0.0
17976,5956,26,2,295.63,0.15
17977,5956,173,1,386.21,0.15
17978,5957,145,4,317.53,0.1
17979,5957,3,2,192.17,0.2
17980,5957,169,2,81.7,0.2
17981,5957,43,2,274.22,0.15000000000000002
17982,5958,18,2,109.83,0.15000000000000002
17983,5958,160,4,223.82,0.05
17984,5959,131,2,112.13,0.05
17985,5959,71,4,321.02,0.05
17986,5960,57,4,321.21,0.0
17987,5961,55,1,247.88,0.15000000000000002
17988,5961,173,3,363.5,0.2
17989,5961,174,4,312.16,0.1
17990,5961,94,3,112.96,0.1
17991,5961,88,3,196.16,0.1
17992,5962,52,2,51.41,0.35
17993,5963,17,1,79.76,0.15
17994,5963,19,2,223.86,0.15
17995,5963,109,1,111.64,0.15
17996,5963,84,3,242.82,0.2
17997,5963,164,1,155.53,0.25
17998,5964,58,2,251.7,0.2
17999,5964,67,4,279.94,0.2
18000,5964,73,1,138.68,0.25
18001,5965,119,2,132.69,0.1
18002,5965,171,2,140.93,0.05
18003,5966,20,1,126.85,0.1
18004,5966,55,3,291.62,0.0
18005,5966,114,2,30.8,0.1
18006,5966,85,2,100.89,0.0
18007,5967,119,4,117.94,0.2
18008,5967,83,2,307.94,0.2
18009,5967,54,3,126.65,0.25
18010,5967,151,4,188.18,0.2
18011,5967,151,3,176.42,0.25
18012,5968,33,2,204.68,0.05
18013,5969,67,1,279.94,0.2
18014,5969,144,3,113.78,0.15
18015,5969,84,1,227.65,0.25
18016,5969,22,3,77.01,0.2
18017,5969,110,1,80.4,0.25
18018,5970,77,4,420.05,0.15
18019,5970,175,1,87.46,0.25
18020,5970,15,2,213.63,0.15
18021,5970,50,2,20.58,0.15
18022,5971,97,4,180.72,0.25
18023,5971,35,4,40.58,0.25
18024,5971,53,2,105.85,0.25
18025,5971,79,2,53.58,0.25
18026,5972,142,1,277.55,0.25
18027,5972,154,4,20.9,0.2
18028,5973,40,4,112.61,0.35
18029,5974,13,2,50.78,0.15
18030,5974,31,3,55.93,0.15
18031,5975,65,1,409.95,0.1
18032,5976,91,1,282.06,0.3
18033,5976,146,1,96.15,0.3
18034,5976,64,2,152.66,0.35
18035,5977,162,1,83.78,0.15
18036,5977,23,1,281.61,0.25
18037,5977,69,3,46.53,0.15
18038,5977,140,4,237.0,0.15
18039,5977,152,2,56.24,0.2
18040,5978,7,2,251.07,0.0
18041,5979,82,3,81.16,0.3
18042,5980,72,4,102.25,0.1
18043,5980,140,4,278.82,0.0
18044,5980,176,1,21.3,0.05
18045,5980,122,2,285.6,0.0
18046,5981,105,1,176.26,0.1
18047,5981,53,1,127.02,0.1
18048,5982,92,3,102.43,0.2
18049,5982,74,2,271.91,0.15
18050,5982,76,1,128.85,0.15
18051,5983,151,2,176.42,0.25
18052,5983,38,2,197.17,0.25
18053,5983,101,4,253.9,0.35
18054,5983,118,1,254.12,0.25
18055,5983,169,2,76.6,0.25
18056,5984,14,2,110.07,0.15
18057,5984,37,1,190.36,0.15
18058,5984,180,1,131.27,0.15
18059,5984,157,4,226.53,0.15
18060,5985,75,4,188.98,0.2
18061,5986,3,1,216.19,0.1
18062,5986,81,2,307.54,0.1
18063,5987,46,1,42.34,0.25
18064,5987,158,1,82.02,0.3
18065,5987,80,1,40.16,0.25
18066,5988,98,4,137.68,0.15
18067,5989,111,2,180.55,0.3
18068,5989,168,1,216.59,0.3
18069,5989,68,3,118.72,0.35
18070,5989,32,4,86.33,0.35
18071,5989,2,1,93.02,0.25
18072,5990,93,4,208.62,0.15000000000000002
18073,5990,144,3,127.17,0.05
18074,5991,164,3,165.9,0.2
18075,5991,150,4,212.58,0.30000000000000004
18076,5992,5,4,305.43,0.2
18077,5992,25,1,18.65,0.2
18078,5993,44,1,252.17,0.1
18079,5993,76,3,121.27,0.2
18080,5993,65,4,364.4,0.2
18081,5994,5,2,343.61,0.1
18082,5994,149,4,170.59,0.0
18083,5994,152,1,70.3,0.0
18084,5994,25,3,23.31,0.0
18085,5994,112,2,230.93,0.1
18086,5995,105,1,166.46,0.15
18087,5995,106,2,223.9,0.15
18088,5995,171,2,111.26,0.25
18089,5995,147,1,179.25,0.15
18090,5996,63,2,281.2,0.0
18091,5996,153,2,57.55,0.0
18092,5996,156,1,136.16,0.1
18093,5996,173,2,408.93,0.1
18094,5997,94,3,100.41,0.2
18095,5997,39,2,183.16,0.2
18096,5997,178,3,40.26,0.2
18097,5997,9,1,154.36,0.2
18098,5997,59,3,193.7,0.30000000000000004
18099,5998,124,2,39.16,0.15
18100,5999,13,3,56.75,0.05
18101,5999,149,4,170.59,0.0
18102,5999,57,1,289.09,0.1
18103,6000,148,4,131.31,0.3
