order_id,customer_id,store_id,employee_id,order_date,channel,promotion_id,order_status
1,460,10,46,2024-04-12,Store,2.0,Completed
2,214,9,2,2024-10-31,Mobile,10.0,Completed
3,871,4,6,2024-03-06,Mobile,,Cancelled
4,1079,8,5,2025-09-01,Online,6.0,Completed
5,85,5,42,2025-04-17,Mobile,4.0,Completed
6,7,7,18,2025-12-15,Store,1.0,Completed
7,237,8,29,2025-10-25,Store,1.0,Cancelled
8,71,2,77,2025-05-04,Online,4.0,Completed
9,1138,4,89,2024-12-08,Mobile,1.0,Completed
10,863,10,78,2024-05-12,Store,18.0,Completed
11,1064,6,1,2025-02-04,Store,6.0,Completed
12,359,10,66,2025-01-10,Store,16.0,Completed
13,482,11,56,2025-04-04,Store,13.0,Completed
14,141,12,79,2025-03-31,Online,13.0,Cancelled
15,250,10,46,2025-03-26,Store,16.0,Completed
16,678,12,79,2024-03-07,Store,17.0,Completed
17,359,11,7,2024-12-16,Online,12.0,Completed
18,565,8,75,2024-06-08,Store,12.0,Completed
19,872,11,7,2024-06-29,Mobile,14.0,Completed
20,1051,9,2,2024-07-30,Store,18.0,Completed
21,574,6,17,2025-12-14,Online,16.0,Completed
22,626,5,62,2024-04-30,Store,9.0,Cancelled
23,178,4,57,2024-02-14,Store,10.0,Completed
24,754,9,33,2025-05-02,Store,11.0,Cancelled
25,624,5,81,2025-12-06,Mobile,14.0,Completed
26,370,3,50,2025-01-29,Store,8.0,Cancelled
27,936,12,59,2024-04-06,Online,15.0,Cancelled
28,650,1,13,2024-10-07,Online,9.0,Completed
29,208,12,4,2024-02-26,Store,14.0,Completed
30,882,1,85,2025-06-25,Store,15.0,Completed
31,106,4,6,2024-08-30,Online,2.0,Completed
32,746,7,51,2024-05-09,Online,12.0,Completed
33,157,2,27,2025-02-13,Store,6.0,Completed
34,632,9,68,2025-07-06,Store,4.0,Completed
35,708,12,4,2025-07-09,Store,4.0,Completed
36,587,1,9,2025-06-24,Store,15.0,Completed
37,360,4,6,2025-01-13,Online,17.0,Completed
38,292,3,50,2024-01-24,Online,,Completed
39,1093,5,81,2025-07-28,Online,,Cancelled
40,1084,11,63,2024-04-07,Online,8.0,Completed
41,838,10,90,2025-08-10,Online,4.0,Completed
42,900,6,1,2025-02-22,Store,16.0,Completed
43,56,10,71,2025-01-08,Store,,Completed
44,472,4,24,2025-03-25,Online,1.0,Completed
45,928,9,68,2025-05-20,Store,5.0,Completed
46,867,8,34,2025-04-19,Store,1.0,Cancelled
47,467,6,41,2024-12-05,Store,7.0,Completed
48,1078,11,52,2024-07-26,Online,9.0,Completed
49,1026,1,73,2025-11-13,Store,17.0,Completed
50,730,1,65,2025-10-12,Online,12.0,Completed
51,9,9,28,2024-04-24,Online,13.0,Completed
52,191,9,19,2025-10-06,Online,5.0,Completed
53,1190,3,82,2025-10-11,Mobile,,Completed
54,124,6,17,2025-11-12,Store,13.0,Completed
55,85,6,64,2025-02-01,Online,11.0,Cancelled
56,76,12,61,2025-09-26,Online,17.0,Cancelled
57,956,1,73,2024-11-05,Store,5.0,Completed
58,41,3,50,2024-06-13,Store,6.0,Completed
59,301,1,73,2024-11-12,Online,13.0,Completed
60,279,2,27,2025-05-28,Store,1.0,Completed
61,1176,5,39,2024-04-28,Store,9.0,Completed
62,1176,2,27,2025-03-02,Store,10.0,Completed
63,279,5,25,2025-10-17,Online,2.0,Cancelled
64,801,2,77,2024-12-24,Online,8.0,Completed
65,1160,10,78,2024-03-23,Store,9.0,Completed
66,1165,7,31,2024-08-24,Store,13.0,Completed
67,550,12,58,2025-03-23,Online,6.0,Completed
68,1026,1,85,2025-04-26,Store,7.0,Completed
69,145,3,70,2025-03-30,Mobile,13.0,Cancelled
70,577,3,15,2024-11-23,Store,11.0,Completed
71,483,6,17,2024-02-06,Online,2.0,Cancelled
72,993,5,47,2025-05-13,Online,15.0,Completed
73,241,2,48,2025-05-19,Online,13.0,Completed
74,984,5,42,2024-01-07,Store,6.0,Completed
75,963,1,22,2024-08-02,Online,15.0,Completed
76,320,5,67,2024-04-26,Store,14.0,Completed
77,25,10,78,2024-04-07,Store,,Completed
78,177,11,56,2025-02-01,Mobile,14.0,Completed
79,257,9,2,2024-04-10,Store,12.0,Completed
80,820,2,72,2024-02-23,Store,17.0,Cancelled
81,969,4,83,2025-05-15,Store,4.0,Completed
82,22,1,22,2024-06-28,Store,6.0,Completed
83,1152,10,46,2024-01-07,Store,4.0,Cancelled
84,776,9,37,2024-12-31,Store,,Cancelled
85,1183,7,55,2025-10-15,Store,,Cancelled
86,1021,8,84,2025-10-06,Store,1.0,Completed
87,491,6,64,2024-09-16,Store,7.0,Completed
88,615,6,1,2025-03-28,Store,7.0,Completed
89,620,11,63,2025-08-09,Online,13.0,Cancelled
90,725,4,6,2025-09-30,Store,15.0,Completed
91,209,11,63,2025-05-27,Store,10.0,Completed
92,295,3,88,2025-08-17,Online,,Completed
93,1180,6,54,2024-12-05,Mobile,12.0,Completed
94,1008,2,72,2025-12-21,Mobile,15.0,Completed
95,324,5,62,2025-01-07,Online,,Completed
96,426,9,28,2024-07-06,Store,13.0,Completed
97,46,11,52,2025-01-26,Store,14.0,Completed
98,548,5,74,2025-07-09,Online,5.0,Completed
99,1137,2,27,2025-08-08,Online,13.0,Completed
100,47,10,71,2025-12-16,Mobile,6.0,Cancelled
101,438,7,31,2024-11-13,Online,14.0,Completed
102,653,9,33,2025-06-14,Store,9.0,Completed
103,596,8,5,2024-03-01,Store,12.0,Completed
104,796,6,16,2024-03-11,Online,18.0,Completed
105,836,3,15,2025-12-22,Store,18.0,Cancelled
106,670,7,51,2025-06-17,Online,,Cancelled
107,747,3,82,2024-11-03,Mobile,4.0,Completed
108,879,7,18,2024-10-29,Store,2.0,Completed
109,375,8,84,2025-12-18,Online,16.0,Completed
110,1114,8,5,2024-04-03,Online,13.0,Completed
111,819,2,12,2025-01-17,Store,14.0,Completed
112,1044,4,83,2025-04-11,Mobile,11.0,Completed
113,643,7,51,2025-03-11,Online,15.0,Completed
114,153,4,57,2025-10-25,Store,8.0,Completed
115,417,7,51,2025-06-08,Store,,Completed
116,1018,6,41,2025-06-10,Store,10.0,Cancelled
117,1188,6,32,2024-10-18,Mobile,10.0,Cancelled
118,69,3,49,2024-06-15,Mobile,14.0,Completed
119,1002,1,21,2025-05-02,Store,1.0,Completed
120,88,12,58,2024-06-26,Store,13.0,Cancelled
121,90,7,18,2025-05-27,Online,15.0,Cancelled
122,1088,1,35,2025-05-12,Online,16.0,Completed
123,262,2,12,2025-08-27,Store,2.0,Completed
124,907,11,7,2024-04-05,Online,9.0,Completed
125,1105,12,11,2025-09-07,Store,12.0,Completed
126,803,1,35,2025-02-12,Store,13.0,Completed
127,421,6,64,2024-04-02,Online,,Completed
128,1127,12,61,2025-09-22,Store,17.0,Cancelled
129,854,1,30,2025-04-23,Online,14.0,Cancelled
130,769,5,81,2024-03-17,Online,2.0,Completed
131,331,4,36,2024-09-27,Store,1.0,Completed
132,1047,2,40,2025-05-21,Mobile,5.0,Cancelled
133,738,5,38,2024-12-26,Online,5.0,Completed
134,150,9,2,2024-09-22,Mobile,6.0,Completed
135,551,5,81,2024-01-09,Mobile,18.0,Completed
136,524,4,45,2025-07-06,Online,12.0,Completed
137,1015,3,50,2024-12-13,Online,,Cancelled
138,611,10,71,2025-02-25,Mobile,6.0,Cancelled
139,512,9,68,2025-11-25,Online,8.0,Cancelled
140,501,12,61,2024-12-14,Store,8.0,Completed
141,1111,10,66,2025-09-23,Online,14.0,Cancelled
142,756,12,4,2024-12-30,Online,,Completed
143,231,9,20,2024-01-29,Mobile,2.0,Completed
144,622,8,75,2024-09-12,Store,,Cancelled
145,88,10,78,2025-05-19,Online,18.0,Cancelled
146,96,10,66,2025-03-10,Online,2.0,Completed
147,1009,12,79,2025-07-18,Online,6.0,Completed
148,878,2,72,2024-09-22,Store,7.0,Completed
149,1097,12,11,2024-11-20,Store,18.0,Completed
150,849,7,55,2025-05-29,Online,3.0,Completed
151,976,8,34,2025-12-31,Online,11.0,Completed
152,602,5,39,2025-12-14,Store,,Completed
153,1130,12,11,2024-08-05,Store,3.0,Completed
154,327,11,63,2024-03-29,Store,7.0,Completed
155,87,1,65,2025-07-17,Online,14.0,Completed
156,520,1,85,2025-10-17,Store,12.0,Completed
157,938,8,26,2024-07-11,Online,11.0,Completed
158,1057,4,86,2024-04-10,Online,10.0,Completed
159,1169,3,82,2024-11-07,Online,15.0,Cancelled
160,612,1,30,2025-10-02,Store,,Completed
161,293,12,59,2025-07-25,Store,10.0,Completed
162,47,2,12,2024-07-10,Store,7.0,Cancelled
163,370,2,44,2025-08-26,Online,,Completed
164,51,10,66,2024-09-19,Online,7.0,Cancelled
165,409,4,83,2024-08-24,Store,4.0,Completed
166,918,1,13,2024-07-12,Online,18.0,Completed
167,1163,6,64,2024-09-16,Store,8.0,Completed
168,500,1,65,2024-11-15,Store,,Completed
169,1155,6,41,2025-05-12,Store,11.0,Cancelled
170,370,7,51,2024-05-18,Online,9.0,Completed
171,1072,8,34,2024-07-16,Mobile,8.0,Completed
172,461,1,76,2025-05-18,Store,18.0,Cancelled
173,560,8,29,2024-06-29,Store,6.0,Completed
174,401,11,56,2024-09-09,Online,,Completed
175,968,1,35,2025-04-03,Store,6.0,Completed
176,103,8,69,2024-05-22,Online,3.0,Completed
177,1188,10,90,2024-12-12,Store,6.0,Completed
178,488,12,59,2025-09-02,Store,2.0,Completed
179,925,12,61,2024-08-23,Store,,Completed
180,129,12,61,2024-11-24,Online,2.0,Completed
181,1065,5,81,2024-03-02,Online,15.0,Completed
182,972,1,85,2024-02-07,Online,17.0,Completed
183,801,1,85,2024-08-15,Online,,Completed
184,804,10,46,2025-04-27,Store,5.0,Cancelled
185,547,7,18,2025-08-08,Online,7.0,Completed
186,1061,3,88,2024-10-10,Online,,Completed
187,932,12,79,2025-01-16,Store,12.0,Completed
188,94,6,1,2024-06-10,Mobile,2.0,Completed
189,1082,2,27,2024-01-27,Store,11.0,Completed
190,311,1,30,2024-10-15,Store,3.0,Completed
191,221,12,43,2024-11-25,Store,7.0,Completed
192,453,2,72,2024-09-26,Store,9.0,Completed
193,636,6,16,2024-01-01,Store,,Completed
194,329,7,51,2024-11-17,Store,13.0,Completed
195,720,7,51,2025-09-11,Online,15.0,Completed
196,1054,6,64,2025-05-16,Online,11.0,Completed
197,400,6,17,2025-05-20,Online,1.0,Completed
198,791,8,5,2025-02-03,Store,5.0,Completed
199,783,8,34,2024-08-12,Online,1.0,Cancelled
200,65,10,78,2024-03-19,Online,16.0,Completed
201,327,7,51,2024-05-14,Online,4.0,Completed
202,650,9,68,2025-12-04,Store,7.0,Completed
203,1021,12,11,2024-05-17,Online,8.0,Completed
204,329,7,18,2025-12-31,Store,,Completed
205,647,9,19,2025-11-02,Mobile,10.0,Completed
206,582,2,40,2025-09-02,Online,1.0,Cancelled
207,413,12,61,2025-10-02,Mobile,,Completed
208,1011,6,16,2024-03-20,Mobile,,Completed
209,1034,1,85,2025-11-17,Online,,Completed
210,115,2,44,2024-06-16,Online,10.0,Completed
211,1107,6,23,2024-12-14,Store,,Cancelled
212,237,12,4,2024-11-27,Online,,Completed
213,65,5,47,2025-06-10,Store,3.0,Completed
214,581,5,3,2024-05-26,Store,14.0,Completed
215,771,9,20,2024-04-29,Online,18.0,Completed
216,878,1,85,2025-03-12,Mobile,15.0,Completed
217,572,7,55,2025-08-31,Online,,Completed
218,794,1,35,2025-02-12,Online,,Completed
219,1098,7,18,2025-10-29,Store,9.0,Completed
220,1126,8,75,2024-04-11,Store,,Completed
221,500,6,64,2024-02-24,Online,14.0,Cancelled
222,660,4,10,2024-11-21,Store,6.0,Completed
223,803,1,21,2024-02-26,Online,6.0,Completed
224,756,7,31,2024-12-12,Online,1.0,Completed
225,873,6,1,2025-08-15,Online,11.0,Completed
226,269,3,87,2025-03-08,Online,2.0,Completed
227,1118,11,63,2024-03-28,Store,,Completed
228,570,6,16,2025-07-04,Online,1.0,Completed
229,620,4,86,2024-03-06,Store,5.0,Completed
230,1178,5,47,2024-09-19,Store,3.0,Completed
231,961,9,28,2025-01-08,Store,2.0,Completed
232,124,6,1,2024-03-16,Mobile,17.0,Completed
233,929,2,48,2025-10-16,Online,13.0,Completed
234,703,3,15,2025-11-17,Online,13.0,Completed
235,82,3,87,2024-04-16,Online,6.0,Cancelled
236,8,6,41,2025-05-17,Mobile,9.0,Completed
237,528,9,28,2024-03-09,Store,1.0,Completed
238,262,11,52,2024-04-25,Store,8.0,Completed
239,1132,7,51,2025-01-11,Store,17.0,Completed
240,751,9,2,2024-06-17,Online,8.0,Completed
241,657,6,41,2025-11-26,Store,,Completed
242,955,7,55,2024-05-16,Store,10.0,Completed
243,960,11,63,2024-10-26,Store,1.0,Completed
244,192,5,60,2024-04-15,Store,5.0,Completed
245,962,3,88,2024-01-26,Online,,Completed
246,361,7,18,2025-04-18,Store,14.0,Completed
247,1113,7,51,2025-12-17,Store,5.0,Completed
248,391,8,75,2024-07-24,Online,,Completed
249,547,9,19,2024-03-02,Online,18.0,Cancelled
250,706,7,55,2024-05-23,Online,7.0,Cancelled
251,861,11,7,2024-11-11,Online,6.0,Cancelled
252,1121,9,2,2025-11-30,Mobile,15.0,Completed
253,1104,8,84,2025-10-23,Mobile,17.0,Completed
254,628,9,37,2024-02-05,Online,8.0,Completed
255,916,6,32,2024-01-15,Store,12.0,Cancelled
256,386,7,55,2024-12-17,Online,9.0,Completed
257,497,4,83,2025-11-03,Online,7.0,Completed
258,826,2,40,2024-10-29,Online,9.0,Cancelled
259,491,3,87,2025-07-20,Online,14.0,Completed
260,447,12,79,2024-11-26,Store,5.0,Cancelled
261,486,1,85,2025-12-17,Store,17.0,Completed
262,876,6,54,2025-07-08,Store,,Completed
263,56,4,57,2025-09-14,Store,,Completed
264,420,10,90,2024-11-23,Online,9.0,Completed
265,1147,8,34,2024-05-08,Store,15.0,Completed
266,367,5,60,2024-09-07,Online,14.0,Cancelled
267,171,12,59,2025-07-26,Store,12.0,Completed
268,89,2,72,2025-02-28,Online,15.0,Completed
269,859,10,78,2024-12-23,Store,,Cancelled
270,650,9,20,2024-08-17,Mobile,11.0,Completed
271,811,6,17,2025-08-16,Online,16.0,Completed
272,241,2,44,2025-06-25,Store,15.0,Completed
273,568,9,19,2025-12-29,Store,11.0,Completed
274,13,1,76,2025-09-08,Online,12.0,Cancelled
275,943,10,78,2025-03-19,Store,6.0,Completed
276,4,9,37,2025-09-05,Online,7.0,Completed
277,375,2,12,2025-12-22,Store,16.0,Completed
278,1142,7,31,2024-07-15,Store,17.0,Completed
279,652,8,26,2025-07-11,Store,8.0,Completed
280,435,10,66,2024-09-30,Store,17.0,Completed
281,875,11,7,2025-01-28,Store,11.0,Completed
282,610,2,77,2025-06-29,Store,13.0,Cancelled
283,68,1,85,2025-03-01,Store,1.0,Completed
284,70,11,52,2024-05-01,Online,10.0,Completed
285,1082,5,25,2025-09-27,Store,3.0,Completed
286,148,3,82,2024-08-10,Online,16.0,Completed
287,1132,9,19,2025-08-22,Store,9.0,Completed
288,354,7,18,2024-09-19,Online,15.0,Cancelled
289,118,1,21,2025-04-27,Store,14.0,Completed
290,91,3,88,2025-06-03,Online,9.0,Cancelled
291,820,4,89,2024-09-25,Store,,Completed
292,986,6,16,2024-02-13,Mobile,14.0,Completed
293,853,10,78,2024-12-28,Store,8.0,Completed
294,1040,4,10,2025-02-01,Store,11.0,Cancelled
295,655,9,19,2025-10-14,Online,12.0,Completed
296,1064,4,45,2025-05-14,Online,1.0,Completed
297,916,5,47,2024-07-08,Online,9.0,Completed
298,891,9,20,2024-05-09,Online,8.0,Completed
299,202,10,71,2024-04-01,Online,8.0,Completed
300,871,12,11,2024-07-08,Online,15.0,Cancelled
301,1067,8,26,2025-08-27,Mobile,7.0,Completed
302,575,7,55,2024-10-12,Mobile,8.0,Completed
303,1084,8,34,2024-01-20,Store,8.0,Completed
304,209,4,57,2025-04-19,Online,4.0,Completed
305,432,5,67,2024-07-02,Store,1.0,Cancelled
306,462,11,56,2025-04-18,Store,18.0,Cancelled
307,1129,10,90,2024-12-18,Store,,Cancelled
308,749,7,51,2025-11-09,Online,8.0,Completed
309,1075,11,63,2025-06-10,Online,13.0,Completed
310,820,10,90,2025-04-15,Store,15.0,Cancelled
311,360,7,55,2024-10-31,Store,,Completed
312,951,9,37,2024-08-20,Store,9.0,Completed
313,321,9,33,2025-09-27,Online,8.0,Cancelled
314,124,2,77,2024-12-17,Store,16.0,Completed
315,883,4,6,2024-09-08,Online,14.0,Completed
316,284,5,67,2025-04-06,Online,12.0,Completed
317,113,3,87,2024-09-07,Store,7.0,Cancelled
318,1060,8,84,2024-09-27,Mobile,5.0,Completed
319,163,8,84,2024-09-03,Store,,Completed
320,111,1,22,2024-07-30,Store,11.0,Cancelled
321,210,10,66,2024-09-30,Store,1.0,Cancelled
322,1175,12,11,2025-03-15,Online,,Completed
323,625,5,39,2025-03-20,Online,5.0,Completed
324,1084,9,8,2024-08-26,Store,6.0,Completed
325,753,6,23,2025-12-06,Online,,Completed
326,625,8,26,2024-07-23,Online,17.0,Completed
327,850,8,34,2025-02-08,Store,2.0,Completed
328,306,6,64,2025-03-24,Store,17.0,Completed
329,938,3,82,2024-04-13,Online,3.0,Completed
330,265,10,66,2025-05-23,Store,2.0,Completed
331,336,8,26,2025-08-19,Store,1.0,Completed
332,659,3,50,2025-05-10,Online,18.0,Completed
333,573,9,33,2025-09-26,Store,2.0,Completed
334,543,11,7,2025-08-17,Online,8.0,Completed
335,1014,9,28,2025-02-14,Online,18.0,Completed
336,432,8,14,2025-01-16,Online,2.0,Completed
337,843,6,16,2025-08-24,Store,2.0,Completed
338,370,12,58,2024-07-28,Online,12.0,Completed
339,294,5,25,2025-11-10,Online,8.0,Completed
340,674,5,67,2024-12-27,Store,7.0,Completed
341,257,12,58,2024-10-08,Store,11.0,Completed
342,1157,11,63,2025-11-05,Store,12.0,Completed
343,122,4,10,2024-02-19,Mobile,2.0,Cancelled
344,1091,10,46,2025-09-03,Store,,Completed
345,847,7,31,2025-12-06,Online,4.0,Completed
346,1126,3,50,2025-09-03,Mobile,,Completed
347,1194,3,49,2025-04-07,Store,15.0,Completed
348,365,5,25,2024-05-20,Store,11.0,Cancelled
349,1181,10,46,2025-08-20,Online,,Completed
350,1189,7,51,2024-02-19,Online,2.0,Completed
351,1089,3,87,2024-08-29,Online,15.0,Completed
352,452,4,83,2024-01-08,Online,16.0,Completed
353,424,6,1,2024-12-19,Store,4.0,Cancelled
354,636,2,44,2024-09-08,Mobile,,Completed
355,1028,8,26,2025-11-04,Store,11.0,Completed
356,991,9,19,2025-06-26,Online,17.0,Cancelled
357,1068,3,82,2025-11-11,Mobile,11.0,Cancelled
358,716,4,10,2024-11-06,Store,3.0,Completed
359,1027,1,22,2024-12-02,Online,16.0,Completed
360,510,10,78,2025-02-19,Store,1.0,Completed
361,1171,5,53,2024-08-19,Store,3.0,Cancelled
362,536,3,15,2025-07-25,Store,,Completed
363,809,12,58,2024-05-17,Mobile,18.0,Cancelled
364,341,4,86,2024-09-19,Store,11.0,Cancelled
365,44,1,85,2025-08-13,Store,8.0,Completed
366,115,9,20,2025-05-14,Online,8.0,Completed
367,1083,1,13,2025-01-24,Store,,Completed
368,509,4,89,2025-06-30,Store,3.0,Cancelled
369,74,4,6,2025-11-09,Store,13.0,Completed
370,633,8,69,2025-09-21,Online,10.0,Cancelled
371,798,2,48,2024-06-18,Store,14.0,Completed
372,172,4,24,2025-09-04,Mobile,13.0,Completed
373,463,3,70,2024-08-30,Store,12.0,Completed
374,831,5,67,2024-07-02,Online,5.0,Completed
375,447,4,10,2025-01-01,Online,7.0,Completed
376,420,5,81,2025-07-09,Store,1.0,Completed
377,820,12,58,2025-07-16,Mobile,7.0,Completed
378,600,2,77,2024-07-12,Store,13.0,Cancelled
379,31,5,67,2024-10-28,Mobile,18.0,Completed
380,380,7,51,2025-10-29,Online,6.0,Completed
381,700,4,80,2024-11-09,Store,7.0,Completed
382,135,9,2,2024-11-08,Store,8.0,Completed
383,587,1,65,2025-04-10,Store,17.0,Cancelled
384,358,2,27,2024-07-29,Mobile,15.0,Completed
385,894,9,8,2024-12-11,Store,13.0,Completed
386,183,12,79,2024-04-09,Store,4.0,Completed
387,30,11,7,2025-08-13,Store,4.0,Completed
388,394,3,49,2025-09-11,Online,2.0,Cancelled
389,249,4,10,2024-11-22,Store,4.0,Completed
390,11,7,31,2024-10-23,Online,,Completed
391,1138,10,71,2025-02-17,Store,3.0,Completed
392,987,10,78,2025-07-03,Store,12.0,Completed
393,111,6,17,2024-12-22,Mobile,2.0,Cancelled
394,1020,6,54,2025-02-14,Online,5.0,Completed
395,875,10,66,2025-06-02,Online,7.0,Completed
396,950,1,9,2024-09-09,Store,16.0,Completed
397,1042,10,46,2024-09-11,Online,18.0,Completed
398,257,5,60,2025-02-20,Online,6.0,Cancelled
399,459,8,84,2025-02-03,Mobile,8.0,Completed
400,424,6,32,2024-12-08,Store,10.0,Completed
401,431,10,46,2025-04-21,Mobile,18.0,Completed
402,1124,7,55,2025-12-22,Store,,Completed
403,772,10,90,2024-01-13,Store,15.0,Completed
404,1061,12,79,2024-04-26,Store,13.0,Cancelled
405,1076,6,16,2025-10-23,Store,14.0,Completed
406,428,10,90,2024-09-19,Store,6.0,Completed
407,786,2,48,2025-09-12,Store,9.0,Completed
408,882,1,76,2024-09-24,Store,10.0,Completed
409,1143,7,31,2025-07-06,Mobile,5.0,Completed
410,635,2,48,2025-06-21,Online,14.0,Completed
411,59,8,26,2024-04-28,Online,17.0,Completed
412,1020,12,79,2025-04-18,Store,,Completed
413,414,5,81,2025-11-28,Store,18.0,Completed
414,217,11,52,2025-04-27,Online,8.0,Completed
415,857,3,15,2025-05-02,Online,5.0,Cancelled
416,780,9,28,2025-07-05,Store,7.0,Cancelled
417,961,10,66,2025-08-29,Store,15.0,Cancelled
418,395,6,32,2025-05-09,Online,12.0,Completed
419,514,9,37,2024-08-15,Online,13.0,Completed
420,389,8,29,2025-03-10,Mobile,17.0,Cancelled
421,573,5,3,2024-08-10,Mobile,4.0,Completed
422,451,11,52,2024-12-24,Store,14.0,Completed
423,1084,3,88,2025-05-16,Store,5.0,Completed
424,195,6,32,2025-07-18,Store,6.0,Completed
425,654,5,3,2024-08-28,Online,,Completed
426,1029,9,33,2024-06-11,Store,4.0,Completed
427,194,3,15,2024-07-28,Online,8.0,Cancelled
428,1049,3,87,2025-04-04,Mobile,10.0,Completed
429,202,1,65,2025-09-21,Mobile,4.0,Completed
430,195,4,36,2025-11-24,Online,7.0,Completed
431,478,9,33,2024-11-02,Store,9.0,Completed
432,179,12,61,2025-01-21,Store,,Completed
433,260,12,79,2024-06-28,Store,2.0,Completed
434,245,5,47,2024-09-27,Online,13.0,Completed
435,108,7,55,2024-07-02,Online,9.0,Completed
436,133,7,18,2025-11-23,Online,11.0,Completed
437,947,9,33,2024-01-20,Store,,Cancelled
438,511,11,56,2025-11-14,Store,15.0,Completed
439,950,3,50,2025-05-22,Store,15.0,Cancelled
440,966,12,59,2024-12-16,Mobile,15.0,Completed
441,208,6,32,2024-12-15,Online,9.0,Completed
442,1130,6,64,2025-08-17,Store,11.0,Cancelled
443,780,4,83,2024-05-29,Online,16.0,Completed
444,1097,8,29,2024-04-27,Mobile,,Cancelled
445,1033,5,81,2025-10-23,Store,4.0,Completed
446,1131,11,56,2025-12-27,Online,14.0,Completed
447,1100,5,62,2025-11-20,Store,4.0,Completed
448,564,12,11,2024-02-06,Online,14.0,Completed
449,1194,5,25,2024-05-08,Online,4.0,Completed
450,218,5,81,2024-10-06,Store,16.0,Cancelled
451,410,4,36,2025-09-20,Online,,Completed
452,200,9,19,2024-02-12,Online,17.0,Completed
453,711,12,11,2025-01-10,Store,7.0,Completed
454,109,3,82,2025-11-25,Online,,Completed
455,5,1,76,2024-06-02,Store,11.0,Completed
456,404,12,4,2024-09-29,Mobile,2.0,Completed
457,1012,7,31,2024-03-05,Online,12.0,Completed
458,126,4,57,2024-08-22,Store,14.0,Cancelled
459,20,2,40,2025-02-18,Online,12.0,Cancelled
460,1175,9,8,2025-01-15,Online,,Completed
461,756,11,63,2024-11-20,Online,13.0,Cancelled
462,460,7,18,2025-10-21,Store,3.0,Completed
463,958,10,90,2024-09-12,Store,11.0,Completed
464,818,8,69,2024-05-12,Store,5.0,Completed
465,748,12,11,2024-01-22,Online,1.0,Completed
466,551,11,56,2024-07-14,Online,14.0,Completed
467,78,5,53,2025-05-16,Store,13.0,Completed
468,1011,4,10,2025-07-26,Store,15.0,Completed
469,52,5,67,2025-09-21,Online,17.0,Completed
470,613,3,87,2025-06-04,Mobile,4.0,Completed
471,1012,9,28,2024-07-06,Store,4.0,Completed
472,617,3,88,2025-05-15,Mobile,4.0,Cancelled
473,407,2,12,2025-11-17,Online,11.0,Completed
474,28,5,47,2025-08-18,Store,15.0,Completed
475,1110,2,48,2024-01-09,Store,9.0,Cancelled
476,865,11,52,2025-03-27,Mobile,12.0,Completed
477,810,6,1,2024-03-19,Online,15.0,Completed
478,660,6,17,2024-09-29,Online,18.0,Completed
479,482,3,15,2024-04-28,Store,3.0,Completed
480,1043,1,22,2025-11-04,Store,15.0,Completed
481,208,3,87,2025-08-13,Store,4.0,Completed
482,953,10,78,2024-11-11,Store,5.0,Completed
483,235,12,43,2024-02-25,Store,5.0,Cancelled
484,1054,12,61,2025-01-19,Online,,Completed
485,1094,12,59,2024-07-26,Store,1.0,Cancelled
486,707,4,24,2025-05-06,Online,17.0,Completed
487,1058,2,27,2024-01-06,Mobile,12.0,Completed
488,634,6,41,2024-01-14,Store,6.0,Completed
489,944,4,86,2024-11-23,Store,1.0,Cancelled
490,474,1,85,2024-10-29,Online,13.0,Completed
491,492,8,75,2025-05-10,Store,13.0,Completed
492,653,2,77,2024-11-04,Store,4.0,Completed
493,327,10,78,2024-01-19,Online,,Cancelled
494,868,12,61,2024-05-29,Store,8.0,Completed
495,176,2,77,2024-07-08,Online,17.0,Completed
496,300,8,26,2024-10-04,Store,11.0,Completed
497,320,8,84,2024-04-03,Store,15.0,Completed
498,266,5,39,2025-09-10,Store,13.0,Cancelled
499,74,1,22,2025-03-12,Store,14.0,Completed
500,889,10,46,2024-06-26,Mobile,14.0,Completed
501,713,11,7,2025-10-06,Store,2.0,Completed
502,664,9,33,2024-04-21,Store,5.0,Completed
503,94,1,22,2024-05-29,Store,5.0,Completed
504,657,8,84,2024-08-24,Mobile,18.0,Cancelled
505,175,2,27,2025-11-14,Online,11.0,Completed
506,803,3,70,2024-10-16,Mobile,3.0,Completed
507,952,6,17,2024-03-09,Store,12.0,Completed
508,888,3,70,2025-07-25,Online,17.0,Completed
509,535,1,30,2025-02-06,Store,7.0,Completed
510,1139,10,66,2025-11-08,Store,3.0,Completed
511,41,9,8,2024-10-11,Online,7.0,Completed
512,863,1,35,2024-09-25,Store,11.0,Completed
513,745,1,21,2025-12-16,Online,12.0,Completed
514,410,5,38,2024-12-04,Store,,Completed
515,964,8,5,2025-03-19,Online,7.0,Completed
516,36,1,9,2024-06-07,Store,14.0,Cancelled
517,890,12,79,2024-06-09,Store,,Completed
518,1153,6,17,2024-11-16,Store,14.0,Cancelled
519,74,4,24,2024-07-31,Online,6.0,Completed
520,932,2,72,2024-06-04,Store,16.0,Completed
521,842,11,56,2024-05-24,Store,16.0,Completed
522,945,12,4,2024-03-28,Mobile,5.0,Cancelled
523,907,2,48,2025-04-21,Online,9.0,Completed
524,992,2,72,2025-08-11,Store,9.0,Completed
525,79,10,90,2025-06-11,Online,4.0,Completed
526,798,7,31,2025-03-05,Store,9.0,Completed
527,1193,7,31,2025-09-13,Online,,Completed
528,299,2,44,2024-02-20,Mobile,15.0,Completed
529,25,7,18,2025-08-09,Store,7.0,Completed
530,1127,7,55,2025-02-17,Online,6.0,Completed
531,920,2,12,2024-12-24,Store,18.0,Cancelled
532,501,4,10,2024-10-20,Online,5.0,Completed
533,1069,10,46,2024-06-08,Online,15.0,Completed
534,338,11,52,2025-02-19,Online,,Completed
535,605,4,6,2024-05-03,Mobile,15.0,Cancelled
536,27,4,80,2025-08-05,Online,14.0,Completed
537,945,6,16,2024-11-30,Online,5.0,Completed
538,822,2,44,2025-08-12,Store,10.0,Completed
539,167,3,50,2025-05-12,Online,18.0,Completed
540,95,2,27,2025-07-03,Store,13.0,Completed
541,635,12,79,2024-08-28,Online,11.0,Completed
542,424,9,20,2025-06-27,Store,8.0,Completed
543,567,8,84,2024-06-03,Store,10.0,Cancelled
544,605,5,74,2024-10-10,Store,13.0,Completed
545,264,8,34,2024-01-30,Store,3.0,Completed
546,823,1,76,2025-09-07,Mobile,,Completed
547,122,12,11,2024-02-20,Online,,Completed
548,651,5,38,2025-09-09,Online,17.0,Completed
549,15,8,14,2024-07-01,Mobile,5.0,Completed
550,752,3,15,2025-11-16,Store,7.0,Completed
551,1069,4,10,2024-03-25,Mobile,5.0,Completed
552,499,11,56,2025-09-20,Online,6.0,Completed
553,742,10,66,2024-09-24,Store,13.0,Completed
554,932,9,2,2024-10-02,Store,2.0,Completed
555,881,3,50,2025-02-09,Online,10.0,Completed
556,1098,1,85,2025-09-18,Mobile,8.0,Completed
557,1056,11,56,2024-02-11,Online,11.0,Completed
558,999,5,25,2025-06-25,Store,3.0,Cancelled
559,356,8,29,2025-12-02,Store,7.0,Completed
560,620,3,82,2024-04-17,Store,11.0,Cancelled
561,1117,8,34,2024-10-17,Mobile,7.0,Cancelled
562,828,1,65,2025-08-24,Store,13.0,Completed
563,868,11,63,2024-07-09,Online,5.0,Completed
564,530,9,33,2024-07-21,Store,6.0,Completed
565,160,4,36,2024-12-01,Store,16.0,Completed
566,959,1,73,2024-01-17,Store,9.0,Cancelled
567,401,8,84,2024-05-20,Store,1.0,Completed
568,638,7,31,2024-03-04,Mobile,10.0,Cancelled
569,121,11,7,2025-10-24,Online,2.0,Cancelled
570,511,11,63,2024-03-15,Store,7.0,Completed
571,726,10,46,2024-08-23,Store,9.0,Completed
572,443,6,54,2025-01-15,Store,,Completed
573,573,3,49,2024-06-13,Store,5.0,Completed
574,641,9,33,2024-12-11,Store,17.0,Cancelled
575,870,3,50,2025-05-22,Store,,Cancelled
576,536,6,1,2024-10-30,Store,5.0,Completed
577,572,3,87,2025-05-27,Store,3.0,Cancelled
578,1122,7,18,2024-09-24,Store,4.0,Completed
579,457,4,10,2025-04-30,Online,8.0,Completed
580,508,12,11,2024-07-02,Store,8.0,Completed
581,517,2,77,2025-01-31,Online,8.0,Completed
582,436,7,31,2025-01-14,Store,4.0,Cancelled
583,1175,1,21,2024-04-13,Store,7.0,Completed
584,1179,3,82,2024-03-07,Store,,Completed
585,390,7,18,2024-11-16,Store,3.0,Completed
586,358,5,53,2025-02-22,Store,9.0,Cancelled
587,149,6,54,2024-05-16,Store,,Completed
588,898,1,73,2025-07-10,Store,5.0,Cancelled
589,990,4,80,2024-01-20,Online,5.0,Completed
590,677,12,4,2025-03-27,Online,11.0,Completed
591,507,3,82,2024-07-24,Mobile,11.0,Completed
592,865,3,49,2025-09-22,Store,,Completed
593,701,9,2,2025-10-22,Store,2.0,Cancelled
594,368,2,12,2024-06-29,Store,13.0,Completed
595,59,3,49,2025-12-20,Mobile,2.0,Completed
596,155,9,8,2025-08-05,Store,7.0,Cancelled
597,850,8,84,2024-11-28,Mobile,3.0,Completed
598,891,3,87,2024-07-22,Store,9.0,Completed
599,912,2,40,2025-03-23,Online,5.0,Cancelled
600,751,9,28,2025-03-04,Online,,Completed
601,536,10,90,2025-02-12,Store,6.0,Completed
602,930,8,14,2024-05-22,Store,1.0,Completed
603,474,12,43,2025-09-29,Store,13.0,Completed
604,310,9,33,2025-04-08,Store,8.0,Completed
605,743,9,19,2024-09-14,Store,,Completed
606,970,12,4,2025-03-14,Store,,Completed
607,378,3,49,2024-05-19,Store,10.0,Completed
608,973,9,33,2025-07-29,Mobile,11.0,Cancelled
609,698,5,74,2024-12-06,Mobile,12.0,Cancelled
610,630,1,35,2025-07-03,Store,16.0,Cancelled
611,100,11,63,2024-09-24,Store,18.0,Completed
612,872,11,52,2025-01-11,Store,8.0,Completed
613,440,11,52,2024-10-05,Mobile,,Completed
614,713,9,33,2025-08-13,Store,13.0,Completed
615,607,12,11,2024-08-05,Store,12.0,Cancelled
616,40,3,50,2024-07-18,Online,14.0,Completed
617,197,11,7,2025-12-19,Online,10.0,Completed
618,1074,9,8,2025-07-05,Online,,Completed
619,73,4,36,2025-03-02,Store,5.0,Completed
620,775,8,69,2024-04-18,Store,18.0,Cancelled
621,560,2,12,2025-05-28,Mobile,9.0,Completed
622,910,1,30,2024-03-04,Store,16.0,Completed
623,1140,7,18,2024-12-16,Store,5.0,Cancelled
624,1096,3,87,2025-12-07,Store,11.0,Completed
625,605,1,76,2025-04-18,Mobile,6.0,Completed
626,776,11,56,2024-01-04,Store,1.0,Cancelled
627,1033,2,27,2025-11-14,Online,5.0,Completed
628,485,7,18,2025-03-19,Store,15.0,Completed
629,632,6,1,2024-07-04,Store,12.0,Completed
630,329,8,69,2025-09-07,Store,17.0,Completed
631,577,12,79,2025-02-23,Store,,Completed
632,369,6,16,2024-08-11,Online,5.0,Completed
633,879,5,3,2024-06-30,Online,15.0,Cancelled
634,1077,1,73,2025-05-29,Store,18.0,Completed
635,321,6,17,2024-10-21,Online,11.0,Completed
636,752,7,51,2025-10-08,Online,15.0,Completed
637,789,10,71,2025-04-30,Online,17.0,Completed
638,879,1,9,2024-04-11,Online,12.0,Completed
639,1100,3,50,2025-07-13,Online,14.0,Completed
640,564,7,51,2025-12-03,Store,6.0,Completed
641,1135,8,5,2024-01-19,Store,1.0,Completed
642,301,11,52,2025-03-19,Online,6.0,Completed
643,1002,11,52,2025-06-20,Store,16.0,Cancelled
644,645,3,15,2025-09-10,Online,4.0,Completed
645,7,10,71,2024-08-17,Mobile,17.0,Completed
646,561,2,77,2025-11-24,Store,7.0,Completed
647,168,2,48,2025-05-29,Mobile,12.0,Completed
648,795,6,54,2025-06-29,Store,9.0,Completed
649,617,8,14,2025-08-14,Mobile,,Completed
650,746,4,45,2024-05-29,Store,7.0,Cancelled
651,897,5,25,2025-12-02,Store,3.0,Completed
652,162,2,72,2024-03-01,Online,1.0,Completed
653,902,5,3,2025-02-25,Online,5.0,Completed
654,482,1,9,2024-12-16,Store,11.0,Completed
655,974,7,55,2025-09-15,Online,8.0,Cancelled
656,388,1,22,2025-06-26,Store,3.0,Cancelled
657,55,4,45,2024-10-01,Online,,Completed
658,515,8,75,2024-01-13,Online,11.0,Completed
659,569,8,14,2025-07-04,Store,16.0,Completed
660,311,3,87,2024-02-05,Mobile,4.0,Completed
661,1021,12,11,2024-05-26,Store,16.0,Completed
662,402,3,82,2025-07-17,Online,13.0,Cancelled
663,683,12,79,2024-06-06,Store,7.0,Cancelled
664,877,8,29,2025-01-20,Online,6.0,Completed
665,596,1,9,2024-01-14,Online,17.0,Completed
666,444,1,9,2025-11-10,Online,,Completed
667,565,11,7,2024-05-16,Store,18.0,Completed
668,452,12,58,2024-04-18,Store,16.0,Completed
669,615,7,55,2025-03-22,Store,9.0,Completed
670,442,7,18,2024-05-22,Online,7.0,Completed
671,87,3,87,2025-04-15,Online,7.0,Completed
672,839,4,6,2025-05-14,Store,7.0,Cancelled
673,928,9,19,2024-04-06,Online,14.0,Completed
674,759,11,63,2024-08-10,Store,16.0,Completed
675,863,7,18,2024-11-01,Store,8.0,Completed
676,600,6,17,2024-12-23,Store,15.0,Completed
677,515,2,12,2025-10-28,Mobile,,Completed
678,146,3,70,2024-07-06,Online,17.0,Completed
679,1163,12,43,2025-11-20,Online,,Cancelled
680,137,4,80,2024-01-28,Online,4.0,Completed
681,268,3,49,2024-08-17,Store,11.0,Completed
682,102,4,45,2025-12-14,Mobile,9.0,Completed
683,488,2,77,2025-11-17,Online,9.0,Cancelled
684,737,2,40,2025-10-24,Online,13.0,Completed
685,941,4,36,2024-06-18,Store,11.0,Completed
686,656,10,66,2025-11-09,Online,12.0,Completed
687,955,3,70,2025-08-09,Store,15.0,Cancelled
688,447,5,47,2025-07-28,Store,5.0,Completed
689,618,4,45,2024-04-04,Online,,Completed
690,153,10,90,2024-01-06,Store,14.0,Completed
691,638,6,16,2024-08-20,Mobile,8.0,Completed
692,308,1,22,2024-10-24,Mobile,6.0,Cancelled
693,49,3,87,2025-12-09,Store,14.0,Cancelled
694,548,2,12,2024-04-26,Store,2.0,Completed
695,791,12,61,2024-03-11,Store,,Completed
696,656,6,23,2025-05-29,Online,15.0,Completed
697,840,9,19,2024-11-25,Online,10.0,Completed
698,441,11,52,2025-01-11,Online,18.0,Completed
699,563,8,75,2024-03-29,Online,8.0,Completed
700,611,6,54,2025-03-09,Online,13.0,Completed
701,1095,5,25,2025-06-14,Online,5.0,Completed
702,431,7,55,2024-04-04,Store,16.0,Cancelled
703,713,2,40,2024-11-24,Store,3.0,Completed
704,1087,5,60,2024-08-24,Store,4.0,Completed
705,743,12,11,2025-02-13,Online,13.0,Completed
706,767,11,63,2025-04-16,Online,15.0,Completed
707,53,4,45,2025-04-23,Mobile,5.0,Completed
708,1075,3,82,2025-10-23,Mobile,6.0,Completed
709,1189,6,32,2025-06-05,Online,6.0,Cancelled
710,130,4,6,2024-12-11,Online,13.0,Completed
711,458,12,79,2025-11-21,Online,6.0,Completed
712,88,4,86,2024-12-10,Store,12.0,Completed
713,831,5,67,2025-09-23,Store,14.0,Completed
714,699,8,69,2024-11-11,Store,15.0,Completed
715,1119,6,16,2025-05-26,Store,11.0,Completed
716,1077,8,69,2024-07-06,Online,3.0,Completed
717,534,1,76,2025-01-20,Store,9.0,Completed
718,86,11,7,2024-11-23,Mobile,17.0,Cancelled
719,451,5,47,2024-01-12,Store,5.0,Completed
720,5,6,32,2024-07-13,Online,10.0,Completed
721,357,1,65,2025-04-06,Store,,Completed
722,879,8,29,2025-11-21,Store,18.0,Cancelled
723,1057,5,42,2024-09-21,Store,5.0,Cancelled
724,717,1,22,2024-03-22,Online,13.0,Completed
725,607,8,34,2025-07-20,Store,15.0,Completed
726,1008,2,44,2024-10-30,Mobile,16.0,Completed
727,459,3,88,2024-07-18,Store,5.0,Cancelled
728,1130,7,55,2024-04-01,Store,5.0,Completed
729,474,4,57,2024-08-13,Online,7.0,Completed
730,465,10,66,2024-08-17,Store,14.0,Completed
731,248,11,7,2024-09-20,Store,9.0,Completed
732,288,4,86,2024-11-12,Store,15.0,Cancelled
733,1181,1,35,2024-12-06,Online,14.0,Completed
734,609,5,38,2025-04-15,Online,18.0,Completed
735,805,8,26,2024-05-06,Store,13.0,Completed
736,272,4,80,2024-12-22,Store,3.0,Completed
737,1049,1,65,2025-01-29,Online,15.0,Completed
738,873,10,66,2024-06-22,Online,15.0,Completed
739,478,7,51,2025-11-11,Online,18.0,Cancelled
740,33,4,86,2024-07-16,Online,18.0,Cancelled
741,300,10,66,2024-09-30,Online,3.0,Completed
742,240,12,79,2025-12-03,Mobile,12.0,Completed
743,141,11,7,2025-02-01,Store,,Completed
744,158,11,52,2025-09-11,Store,7.0,Completed
745,382,1,21,2025-05-30,Online,12.0,Cancelled
746,474,7,51,2025-11-03,Store,17.0,Completed
747,1022,8,75,2024-01-23,Store,9.0,Completed
748,565,4,86,2024-10-13,Online,5.0,Completed
749,465,3,15,2025-11-20,Store,16.0,Completed
750,35,9,8,2025-01-03,Mobile,,Completed
751,1068,9,37,2024-08-10,Store,14.0,Completed
752,799,5,25,2024-09-16,Store,5.0,Cancelled
753,147,7,55,2024-02-19,Online,8.0,Completed
754,130,4,24,2024-06-14,Online,3.0,Completed
755,774,10,71,2025-02-07,Store,13.0,Completed
756,806,10,71,2024-11-10,Mobile,3.0,Cancelled
757,986,4,10,2025-05-25,Mobile,3.0,Cancelled
758,515,11,63,2025-04-16,Online,9.0,Completed
759,1100,12,58,2024-12-12,Online,14.0,Completed
760,505,2,40,2025-12-18,Online,6.0,Completed
761,719,8,29,2024-11-13,Store,9.0,Completed
762,796,10,46,2025-11-27,Store,14.0,Completed
763,522,12,4,2025-12-20,Store,1.0,Cancelled
764,1123,2,48,2024-09-09,Online,18.0,Completed
765,573,5,25,2024-01-12,Store,12.0,Completed
766,404,2,77,2024-11-07,Online,2.0,Completed
767,479,10,71,2024-10-08,Store,6.0,Completed
768,348,12,79,2024-12-19,Store,18.0,Completed
769,632,5,62,2024-10-08,Online,11.0,Completed
770,843,8,26,2025-12-01,Online,,Completed
771,355,12,11,2025-07-24,Store,10.0,Completed
772,103,5,38,2024-06-24,Store,,Cancelled
773,1124,8,75,2024-12-27,Online,13.0,Completed
774,374,9,37,2025-04-10,Mobile,17.0,Completed
775,62,9,19,2024-11-29,Store,11.0,Completed
776,1182,10,90,2025-04-17,Online,13.0,Completed
777,1010,11,7,2025-07-26,Online,,Completed
778,1126,1,85,2024-01-30,Store,15.0,Completed
779,484,4,86,2025-09-03,Mobile,1.0,Cancelled
780,81,12,61,2025-05-03,Store,,Completed
781,92,2,48,2025-12-09,Online,1.0,Completed
782,455,5,81,2025-10-21,Store,10.0,Completed
783,1140,4,83,2025-07-04,Store,1.0,Completed
784,46,2,12,2025-06-07,Online,15.0,Cancelled
785,967,9,68,2025-11-08,Store,10.0,Completed
786,366,7,55,2025-09-11,Online,4.0,Completed
787,838,3,88,2024-12-12,Online,,Cancelled
788,1137,2,40,2024-02-14,Online,14.0,Completed
789,95,9,19,2025-06-04,Online,1.0,Completed
790,881,6,32,2024-11-08,Store,11.0,Cancelled
791,736,7,55,2025-12-24,Online,10.0,Cancelled
792,791,9,8,2025-03-06,Store,14.0,Completed
793,1021,2,77,2025-03-17,Store,8.0,Completed
794,153,12,58,2025-12-04,Online,4.0,Completed
795,739,9,68,2025-12-26,Online,4.0,Completed
796,1023,12,59,2024-10-19,Online,14.0,Cancelled
797,439,11,63,2025-10-15,Online,15.0,Completed
798,802,8,14,2025-02-16,Store,,Cancelled
799,861,2,40,2024-09-28,Store,15.0,Completed
800,112,10,71,2024-06-17,Online,,Completed
801,963,10,66,2024-12-12,Store,,Completed
802,635,3,88,2025-08-13,Store,,Completed
803,625,4,10,2025-04-16,Online,16.0,Completed
804,420,2,44,2025-07-28,Online,,Completed
805,1062,5,74,2025-01-19,Mobile,16.0,Completed
806,132,12,11,2025-10-06,Online,,Completed
807,551,6,1,2025-01-09,Store,5.0,Completed
808,982,11,63,2025-12-20,Store,12.0,Cancelled
809,723,1,76,2025-06-12,Store,13.0,Completed
810,383,3,82,2024-11-11,Online,1.0,Completed
811,926,8,26,2024-07-05,Mobile,12.0,Completed
812,1146,3,88,2025-09-25,Mobile,,Completed
813,620,5,39,2024-08-05,Online,2.0,Completed
814,604,4,6,2024-09-17,Online,,Completed
815,268,1,9,2025-01-09,Online,11.0,Completed
816,1126,7,31,2025-05-10,Store,14.0,Completed
817,887,6,32,2025-11-26,Online,11.0,Completed
818,812,5,74,2024-08-30,Mobile,7.0,Completed
819,326,3,49,2024-10-14,Online,11.0,Completed
820,769,9,28,2024-11-20,Store,8.0,Completed
821,389,5,81,2025-04-15,Online,12.0,Completed
822,202,7,55,2024-03-05,Store,3.0,Completed
823,256,12,61,2025-03-18,Store,2.0,Completed
824,826,3,70,2025-02-01,Online,7.0,Completed
825,70,1,13,2024-11-05,Online,8.0,Cancelled
826,1159,9,8,2024-05-30,Online,7.0,Cancelled
827,1073,10,66,2025-01-11,Online,13.0,Completed
828,779,4,89,2024-03-21,Store,14.0,Completed
829,837,1,30,2025-04-04,Store,10.0,Completed
830,554,2,77,2025-02-14,Store,13.0,Cancelled
831,347,10,78,2025-08-10,Store,14.0,Completed
832,704,9,68,2024-10-20,Store,5.0,Completed
833,811,4,86,2025-02-24,Online,18.0,Completed
834,280,8,84,2025-03-07,Online,12.0,Completed
835,989,6,64,2025-03-02,Online,1.0,Completed
836,710,1,76,2024-01-03,Store,12.0,Completed
837,722,3,15,2025-11-04,Online,15.0,Completed
838,186,11,7,2024-08-09,Store,,Cancelled
839,1137,10,90,2024-05-02,Online,17.0,Completed
840,380,2,40,2025-12-26,Online,14.0,Cancelled
841,549,3,82,2025-03-27,Store,9.0,Cancelled
842,1130,11,52,2025-04-08,Online,18.0,Cancelled
843,4,9,28,2024-02-25,Store,5.0,Completed
844,382,7,18,2024-03-31,Online,8.0,Completed
845,554,9,68,2024-01-03,Store,7.0,Completed
846,65,11,52,2024-10-11,Store,,Cancelled
847,948,6,64,2025-05-11,Store,18.0,Cancelled
848,457,3,15,2024-07-13,Store,8.0,Completed
849,605,6,23,2025-01-18,Mobile,17.0,Completed
850,196,7,51,2025-01-28,Online,6.0,Completed
851,352,4,10,2024-11-19,Mobile,6.0,Completed
852,405,11,52,2025-08-10,Online,15.0,Completed
853,164,5,62,2025-06-14,Online,13.0,Completed
854,1162,8,84,2024-11-16,Online,17.0,Completed
855,1005,5,74,2024-04-08,Store,4.0,Completed
856,22,8,14,2024-12-02,Mobile,6.0,Completed
857,994,1,35,2025-01-20,Store,15.0,Completed
858,639,5,47,2024-12-02,Online,16.0,Completed
859,1007,6,32,2024-11-29,Mobile,11.0,Completed
860,780,8,34,2024-05-13,Online,17.0,Completed
861,1136,11,52,2024-12-17,Mobile,16.0,Completed
862,1025,11,7,2024-02-09,Store,12.0,Completed
863,644,5,3,2024-06-10,Online,11.0,Cancelled
864,517,1,76,2025-04-30,Online,1.0,Completed
865,329,3,82,2025-12-22,Online,6.0,Completed
866,936,12,61,2024-03-14,Online,4.0,Cancelled
867,906,8,84,2024-04-28,Store,12.0,Completed
868,74,11,52,2025-06-29,Online,2.0,Completed
869,64,11,7,2024-04-06,Store,18.0,Completed
870,735,12,79,2025-09-08,Store,10.0,Completed
871,977,12,79,2025-06-15,Mobile,2.0,Completed
872,507,12,79,2025-03-05,Online,5.0,Cancelled
873,947,8,69,2024-10-09,Mobile,7.0,Completed
874,258,7,18,2025-02-28,Store,13.0,Completed
875,1097,5,47,2025-09-19,Mobile,11.0,Completed
876,1197,6,64,2024-04-23,Store,,Completed
877,764,12,4,2025-04-15,Store,1.0,Cancelled
878,249,9,33,2025-09-15,Online,3.0,Cancelled
879,348,2,77,2025-04-29,Store,16.0,Completed
880,753,2,77,2024-12-14,Store,3.0,Cancelled
881,456,11,52,2025-04-05,Mobile,,Completed
882,172,9,8,2024-03-26,Store,2.0,Completed
883,674,11,52,2024-05-21,Store,6.0,Completed
884,292,9,33,2024-09-22,Store,10.0,Completed
885,78,2,48,2025-08-02,Store,1.0,Completed
886,808,1,35,2024-12-27,Online,7.0,Completed
887,747,3,87,2025-08-08,Mobile,5.0,Completed
888,1035,1,73,2024-11-02,Online,6.0,Completed
889,882,1,65,2024-11-11,Store,,Completed
890,770,7,18,2024-03-19,Store,,Completed
891,1088,7,18,2025-12-30,Mobile,15.0,Cancelled
892,291,5,74,2025-09-08,Store,,Cancelled
893,949,11,7,2025-08-12,Mobile,9.0,Completed
894,1099,1,76,2025-08-21,Mobile,12.0,Completed
895,774,11,56,2024-04-20,Store,9.0,Completed
896,789,1,22,2024-02-10,Store,,Completed
897,894,6,1,2025-07-12,Online,,Completed
898,663,4,83,2025-08-24,Online,14.0,Completed
899,525,11,7,2025-05-23,Store,,Completed
900,54,7,18,2025-05-22,Online,15.0,Completed
901,1066,6,23,2025-12-23,Online,14.0,Completed
902,828,6,41,2025-06-05,Online,,Cancelled
903,259,2,72,2025-08-29,Online,,Completed
904,470,9,2,2025-06-22,Store,10.0,Completed
905,1023,1,85,2025-08-24,Store,13.0,Completed
906,1088,11,63,2025-05-06,Mobile,,Completed
907,368,10,90,2024-07-25,Store,14.0,Cancelled
908,28,1,35,2025-03-11,Store,,Completed
909,888,10,66,2025-03-08,Online,13.0,Completed
910,343,7,18,2025-08-30,Store,17.0,Completed
911,503,2,12,2025-11-27,Online,12.0,Completed
912,147,3,50,2025-06-20,Store,10.0,Cancelled
913,204,8,84,2024-01-26,Store,13.0,Completed
914,176,1,9,2025-02-11,Mobile,9.0,Completed
915,586,5,47,2025-05-02,Store,2.0,Completed
916,580,1,21,2024-07-14,Store,5.0,Completed
917,602,3,82,2024-02-02,Store,9.0,Completed
918,1165,1,76,2024-12-07,Online,5.0,Completed
919,827,4,45,2024-12-20,Store,14.0,Completed
920,523,8,26,2024-08-21,Mobile,13.0,Completed
921,61,10,66,2025-04-21,Online,8.0,Completed
922,885,3,15,2025-12-21,Store,17.0,Completed
923,918,10,78,2024-02-25,Mobile,,Completed
924,359,9,20,2025-05-26,Online,12.0,Completed
925,1195,2,77,2025-03-02,Online,15.0,Completed
926,896,3,70,2025-08-13,Online,13.0,Completed
927,1132,4,45,2024-04-29,Store,,Completed
928,593,12,61,2025-06-06,Store,1.0,Completed
929,955,10,78,2025-04-22,Online,8.0,Cancelled
930,177,8,29,2024-08-07,Online,4.0,Completed
931,58,8,5,2024-03-11,Store,12.0,Completed
932,1104,3,50,2024-02-05,Online,7.0,Completed
933,465,9,37,2025-10-20,Online,2.0,Completed
934,159,4,45,2024-09-16,Online,,Cancelled
935,1077,2,27,2024-07-25,Online,1.0,Completed
936,917,11,56,2024-06-26,Online,4.0,Completed
937,299,3,15,2024-04-01,Mobile,,Completed
938,818,7,31,2025-04-12,Online,14.0,Completed
939,864,8,84,2025-05-29,Online,10.0,Completed
940,206,11,63,2025-10-04,Store,10.0,Completed
941,9,2,77,2025-08-17,Online,,Completed
942,541,10,46,2024-12-20,Online,7.0,Completed
943,175,8,75,2024-12-08,Mobile,,Completed
944,1056,9,33,2024-10-13,Online,14.0,Completed
945,373,8,34,2024-09-03,Mobile,13.0,Completed
946,805,10,90,2024-06-29,Store,,Completed
947,74,10,66,2025-06-22,Online,9.0,Completed
948,1026,9,20,2025-03-26,Online,12.0,Completed
949,867,1,73,2025-05-14,Online,,Completed
950,649,3,49,2024-02-14,Store,7.0,Cancelled
951,376,7,31,2024-04-09,Store,13.0,Completed
952,950,7,51,2024-12-12,Online,11.0,Completed
953,749,1,76,2024-04-30,Store,1.0,Completed
954,1095,8,84,2024-08-19,Online,14.0,Cancelled
955,795,3,50,2024-01-27,Online,11.0,Completed
956,749,9,33,2025-05-05,Online,10.0,Completed
957,175,7,18,2025-12-13,Online,6.0,Cancelled
958,318,2,48,2024-05-31,Store,,Cancelled
959,9,5,47,2024-10-21,Store,11.0,Completed
960,950,12,61,2025-10-14,Mobile,13.0,Cancelled
961,606,12,4,2024-12-26,Store,,Completed
962,916,1,73,2025-05-28,Store,13.0,Completed
963,287,9,19,2025-09-23,Online,7.0,Completed
964,801,5,53,2024-03-31,Online,,Completed
965,906,9,33,2025-03-03,Store,4.0,Cancelled
966,787,3,15,2024-08-21,Store,18.0,Cancelled
967,554,7,31,2025-01-19,Online,5.0,Completed
968,721,5,25,2024-09-22,Store,18.0,Completed
969,938,12,43,2024-02-20,Online,8.0,Completed
970,919,1,73,2025-01-18,Store,,Completed
971,857,10,90,2024-09-17,Store,18.0,Completed
972,717,10,90,2024-03-21,Store,14.0,Cancelled
973,447,12,59,2025-04-25,Mobile,,Completed
974,1132,8,26,2025-01-13,Online,1.0,Completed
975,538,3,49,2025-09-26,Online,1.0,Completed
976,457,1,76,2024-11-23,Store,7.0,Cancelled
977,687,7,55,2024-08-12,Online,8.0,Completed
978,791,8,5,2025-10-19,Online,1.0,Completed
979,792,12,58,2024-09-15,Online,13.0,Completed
980,267,6,54,2025-02-21,Online,10.0,Cancelled
981,341,7,55,2025-02-20,Online,9.0,Completed
982,894,6,32,2025-10-29,Mobile,12.0,Completed
983,97,11,52,2025-09-11,Store,8.0,Cancelled
984,260,1,35,2024-12-29,Online,16.0,Completed
985,984,1,85,2024-11-02,Store,3.0,Cancelled
986,913,11,63,2025-10-23,Online,2.0,Completed
987,216,4,89,2025-02-14,Store,17.0,Completed
988,984,11,56,2024-09-06,Mobile,18.0,Completed
989,845,11,63,2025-11-04,Store,12.0,Cancelled
990,948,8,75,2024-12-07,Store,13.0,Cancelled
991,618,4,6,2025-12-28,Online,,Cancelled
992,145,10,46,2024-10-29,Online,,Completed
993,860,5,25,2025-12-15,Online,11.0,Completed
994,376,8,69,2025-01-24,Store,10.0,Completed
995,1112,10,66,2024-04-05,Store,11.0,Completed
996,227,3,87,2025-07-02,Store,17.0,Completed
997,1144,4,80,2024-04-29,Store,6.0,Completed
998,639,5,47,2024-04-24,Mobile,12.0,Completed
999,410,8,69,2024-04-10,Online,18.0,Cancelled
1000,620,7,55,2024-11-17,Online,,Completed
1001,957,9,19,2025-03-21,Store,,Cancelled
1002,506,8,34,2024-10-11,Store,10.0,Cancelled
1003,1058,8,34,2024-12-13,Store,16.0,Completed
1004,572,8,34,2024-09-02,Online,4.0,Completed
1005,117,4,24,2024-12-25,Store,,Completed
1006,772,10,66,2025-08-21,Online,,Cancelled
1007,1187,3,82,2025-05-29,Online,12.0,Completed
1008,970,10,46,2024-12-24,Mobile,4.0,Cancelled
1009,212,5,62,2025-02-01,Store,17.0,Completed
1010,152,12,11,2024-03-07,Online,14.0,Cancelled
1011,135,1,30,2024-12-26,Mobile,18.0,Cancelled
1012,214,2,12,2025-04-07,Store,15.0,Completed
1013,939,5,62,2025-02-28,Online,18.0,Completed
1014,329,2,44,2025-12-30,Mobile,13.0,Completed
1015,493,2,40,2025-08-21,Mobile,12.0,Cancelled
1016,966,11,52,2025-04-02,Store,11.0,Cancelled
1017,1193,10,46,2025-09-08,Online,1.0,Completed
1018,115,5,81,2025-03-25,Store,10.0,Completed
1019,40,12,11,2025-04-24,Online,14.0,Cancelled
1020,252,1,13,2025-10-12,Online,13.0,Completed
1021,414,11,7,2025-06-23,Online,3.0,Completed
1022,788,5,67,2024-11-04,Mobile,1.0,Cancelled
1023,435,5,47,2025-10-10,Store,,Completed
1024,556,7,18,2024-08-21,Store,4.0,Completed
1025,552,3,70,2025-11-25,Online,9.0,Completed
1026,1174,12,59,2024-10-15,Online,17.0,Completed
1027,600,5,74,2025-02-12,Store,,Cancelled
1028,442,7,31,2025-08-19,Store,14.0,Cancelled
1029,480,9,19,2024-01-20,Online,,Completed
1030,1054,8,84,2025-09-01,Store,2.0,Cancelled
1031,654,2,12,2025-04-27,Online,12.0,Completed
1032,1032,10,71,2025-07-02,Online,17.0,Completed
1033,731,9,37,2025-08-11,Online,18.0,Completed
1034,725,11,7,2025-09-05,Store,1.0,Completed
1035,547,1,85,2024-06-09,Store,5.0,Completed
1036,127,1,85,2025-09-07,Store,4.0,Completed
1037,1032,12,58,2024-11-05,Store,,Cancelled
1038,571,10,71,2024-10-21,Store,15.0,Completed
1039,220,8,29,2025-01-07,Online,11.0,Cancelled
1040,795,1,21,2024-05-17,Online,18.0,Completed
1041,566,1,76,2024-07-17,Store,12.0,Completed
1042,730,2,40,2025-04-07,Store,,Completed
1043,715,1,30,2025-11-30,Store,17.0,Completed
1044,345,5,67,2024-12-21,Online,,Cancelled
1045,644,10,66,2025-01-27,Mobile,1.0,Cancelled
1046,529,2,12,2025-04-13,Store,3.0,Completed
1047,73,12,43,2025-12-03,Mobile,16.0,Cancelled
1048,516,3,82,2025-10-14,Online,7.0,Completed
1049,422,11,52,2024-10-20,Store,16.0,Completed
1050,617,2,77,2025-12-29,Online,,Completed
1051,252,12,59,2024-01-28,Store,2.0,Completed
1052,766,10,46,2025-11-07,Store,15.0,Completed
1053,260,2,72,2025-06-18,Store,9.0,Completed
1054,922,2,77,2025-04-02,Store,,Completed
1055,75,8,14,2024-03-24,Store,2.0,Completed
1056,828,6,17,2025-04-25,Store,,Completed
1057,618,1,76,2024-06-06,Store,2.0,Completed
1058,453,12,11,2024-03-26,Store,9.0,Completed
1059,309,5,67,2025-04-17,Online,16.0,Completed
1060,199,7,51,2025-06-04,Online,8.0,Cancelled
1061,12,5,47,2024-02-16,Store,4.0,Completed
1062,836,12,59,2025-12-21,Store,,Cancelled
1063,1197,8,5,2025-02-06,Mobile,12.0,Completed
1064,1136,9,2,2024-06-06,Online,,Completed
1065,358,12,4,2025-06-07,Online,15.0,Cancelled
1066,521,8,84,2024-03-06,Online,5.0,Completed
1067,175,7,51,2024-01-09,Store,6.0,Completed
1068,290,12,43,2024-10-07,Store,17.0,Completed
1069,216,3,82,2024-09-07,Online,4.0,Completed
1070,197,1,76,2024-08-30,Online,6.0,Cancelled
1071,487,11,63,2025-10-18,Online,9.0,Cancelled
1072,310,10,78,2024-01-04,Store,8.0,Completed
1073,180,9,28,2025-07-08,Store,11.0,Completed
1074,755,12,79,2024-03-23,Online,6.0,Completed
1075,1094,9,2,2025-03-15,Store,14.0,Completed
1076,180,12,58,2024-01-02,Mobile,7.0,Completed
1077,495,7,55,2024-12-06,Online,4.0,Cancelled
1078,861,3,50,2025-02-06,Mobile,,Cancelled
1079,1035,6,32,2024-12-06,Store,11.0,Completed
1080,557,1,9,2024-10-11,Store,15.0,Cancelled
1081,27,2,44,2024-06-13,Store,,Completed
1082,334,9,8,2025-06-18,Mobile,5.0,Completed
1083,485,1,76,2024-07-28,Mobile,2.0,Cancelled
1084,918,7,18,2024-12-29,Mobile,1.0,Completed
1085,547,12,58,2025-08-24,Online,17.0,Completed
1086,1174,3,49,2025-07-19,Online,7.0,Completed
1087,491,7,51,2025-10-28,Store,,Completed
1088,805,10,90,2024-09-02,Store,6.0,Completed
1089,439,8,29,2025-06-21,Online,15.0,Completed
1090,925,3,49,2024-02-28,Online,1.0,Completed
1091,1175,12,79,2025-12-19,Store,14.0,Cancelled
1092,379,8,75,2024-04-17,Mobile,15.0,Completed
1093,965,10,46,2024-09-14,Online,5.0,Completed
1094,575,8,14,2024-09-14,Store,18.0,Cancelled
1095,372,11,52,2024-07-24,Store,14.0,Completed
1096,620,6,16,2024-02-11,Mobile,11.0,Completed
1097,273,6,54,2025-09-01,Online,,Cancelled
1098,37,11,63,2024-08-27,Online,15.0,Cancelled
1099,574,5,67,2025-08-15,Store,12.0,Cancelled
1100,793,4,89,2024-08-18,Store,,Completed
1101,184,8,5,2025-11-11,Store,3.0,Completed
1102,878,3,87,2024-10-11,Store,13.0,Completed
1103,1166,11,7,2024-08-07,Mobile,17.0,Completed
1104,1175,9,8,2024-09-27,Online,15.0,Completed
1105,562,6,16,2025-06-04,Online,12.0,Completed
1106,726,12,59,2025-11-20,Store,6.0,Completed
1107,862,7,31,2024-10-14,Store,18.0,Completed
1108,1059,12,61,2024-10-03,Mobile,6.0,Completed
1109,1147,9,33,2025-10-29,Store,10.0,Completed
1110,1160,4,89,2024-02-10,Mobile,18.0,Completed
1111,802,2,27,2024-04-17,Online,18.0,Completed
1112,822,7,18,2025-02-04,Store,1.0,Completed
1113,1123,3,50,2025-09-06,Store,15.0,Completed
1114,601,2,40,2025-10-24,Store,12.0,Completed
1115,603,6,64,2024-12-27,Store,11.0,Completed
1116,1164,8,26,2025-02-07,Online,13.0,Completed
1117,414,1,65,2024-12-10,Store,8.0,Completed
1118,239,9,68,2024-06-15,Online,,Completed
1119,55,12,58,2024-09-04,Store,8.0,Completed
1120,1194,11,63,2024-06-15,Store,7.0,Completed
1121,503,10,78,2025-02-14,Online,4.0,Cancelled
1122,124,4,89,2024-08-13,Store,18.0,Completed
1123,1074,10,71,2025-12-03,Mobile,1.0,Completed
1124,670,8,84,2024-12-20,Store,18.0,Completed
1125,992,3,70,2024-06-22,Online,8.0,Completed
1126,546,2,48,2024-06-17,Store,,Completed
1127,747,6,32,2024-08-11,Store,4.0,Completed
1128,385,1,76,2024-05-13,Store,,Cancelled
1129,819,11,52,2025-07-21,Mobile,8.0,Cancelled
1130,162,6,32,2025-09-15,Online,5.0,Completed
1131,559,12,11,2024-09-16,Mobile,10.0,Completed
1132,1056,12,58,2024-12-14,Mobile,4.0,Completed
1133,288,12,61,2024-10-15,Store,17.0,Completed
1134,344,5,3,2024-08-12,Online,2.0,Completed
1135,148,7,18,2025-05-25,Online,4.0,Completed
1136,1074,11,52,2024-03-14,Mobile,10.0,Completed
1137,163,12,59,2025-07-12,Store,7.0,Completed
1138,483,8,14,2024-04-10,Store,15.0,Completed
1139,48,3,15,2024-06-18,Store,10.0,Completed
1140,155,10,46,2025-02-06,Online,9.0,Cancelled
1141,830,3,50,2024-06-10,Online,7.0,Completed
1142,44,5,60,2024-01-01,Store,10.0,Completed
1143,960,2,12,2024-02-05,Store,10.0,Completed
1144,970,6,64,2025-02-28,Online,17.0,Completed
1145,578,8,34,2024-08-19,Online,15.0,Completed
1146,290,10,71,2024-02-18,Mobile,,Completed
1147,382,4,6,2024-07-10,Online,8.0,Completed
1148,842,2,27,2025-04-13,Store,18.0,Completed
1149,104,9,37,2025-09-29,Online,,Completed
1150,885,9,20,2025-08-09,Store,11.0,Completed
1151,231,10,90,2024-06-09,Mobile,10.0,Completed
1152,280,11,63,2025-09-11,Mobile,18.0,Completed
1153,1015,4,45,2025-11-11,Store,13.0,Completed
1154,51,1,73,2025-09-10,Online,2.0,Completed
1155,664,10,90,2025-04-23,Store,,Completed
1156,668,7,51,2025-06-01,Online,2.0,Completed
1157,1151,5,47,2025-10-15,Store,3.0,Completed
1158,453,10,71,2024-02-20,Online,13.0,Completed
1159,1154,6,64,2025-02-13,Mobile,16.0,Completed
1160,1028,6,17,2024-08-04,Store,2.0,Completed
1161,597,10,90,2024-02-17,Mobile,6.0,Completed
1162,379,12,59,2024-04-24,Online,,Completed
1163,442,11,56,2024-11-12,Store,5.0,Completed
1164,451,12,79,2025-02-09,Store,,Cancelled
1165,876,8,29,2025-08-16,Online,18.0,Completed
1166,418,8,84,2024-02-27,Store,6.0,Cancelled
1167,677,2,44,2024-07-07,Mobile,14.0,Cancelled
1168,640,10,66,2025-07-14,Store,3.0,Cancelled
1169,478,6,23,2025-10-12,Store,13.0,Cancelled
1170,568,3,70,2024-04-02,Online,15.0,Completed
1171,93,4,89,2024-06-25,Store,16.0,Completed
1172,22,6,64,2025-07-28,Store,12.0,Completed
1173,478,5,47,2024-07-26,Store,6.0,Completed
1174,614,5,39,2025-05-03,Online,1.0,Completed
1175,857,11,63,2025-05-02,Store,16.0,Cancelled
1176,470,4,80,2024-05-25,Online,10.0,Cancelled
1177,123,1,65,2025-07-02,Mobile,,Cancelled
1178,708,2,40,2024-04-17,Store,15.0,Completed
1179,486,2,77,2025-11-03,Online,17.0,Completed
1180,1098,6,16,2024-11-09,Online,2.0,Completed
1181,658,4,89,2025-02-19,Mobile,17.0,Completed
1182,376,9,33,2025-03-25,Online,6.0,Completed
1183,823,11,7,2024-05-16,Online,9.0,Completed
1184,27,9,33,2025-12-28,Store,9.0,Completed
1185,945,12,79,2024-08-13,Store,,Cancelled
1186,21,12,11,2025-08-22,Mobile,16.0,Completed
1187,957,5,39,2024-12-30,Store,17.0,Cancelled
1188,826,7,31,2024-12-09,Store,,Cancelled
1189,233,5,60,2025-12-13,Online,10.0,Completed
1190,353,6,16,2025-03-13,Mobile,8.0,Completed
1191,652,10,46,2025-06-22,Store,7.0,Completed
1192,491,12,61,2024-02-18,Online,1.0,Cancelled
1193,483,12,11,2024-12-11,Mobile,3.0,Completed
1194,738,11,56,2025-02-15,Store,12.0,Completed
1195,346,7,18,2025-08-24,Store,12.0,Completed
1196,1107,2,40,2024-07-01,Mobile,3.0,Cancelled
1197,128,7,55,2025-11-01,Store,,Cancelled
1198,236,11,52,2025-03-01,Online,,Completed
1199,199,9,2,2025-12-02,Store,18.0,Completed
1200,470,6,17,2024-05-10,Store,13.0,Completed
1201,566,12,58,2024-06-28,Store,,Completed
1202,978,11,56,2025-10-27,Online,2.0,Completed
1203,845,4,36,2024-05-16,Store,9.0,Completed
1204,194,6,64,2025-11-11,Store,,Cancelled
1205,637,9,28,2024-05-18,Store,17.0,Completed
1206,1147,6,17,2024-12-16,Online,6.0,Cancelled
1207,832,9,28,2024-08-09,Online,11.0,Cancelled
1208,955,1,35,2025-07-13,Online,6.0,Cancelled
1209,454,4,24,2025-12-29,Online,18.0,Completed
1210,60,4,24,2025-11-01,Store,4.0,Completed
1211,787,10,71,2024-10-08,Store,18.0,Completed
1212,691,2,44,2025-06-28,Store,5.0,Completed
1213,791,5,42,2025-10-17,Store,1.0,Completed
1214,673,3,87,2024-04-17,Store,5.0,Completed
1215,895,10,71,2025-03-26,Store,,Completed
1216,322,4,6,2025-05-11,Store,8.0,Cancelled
1217,204,3,49,2025-10-24,Store,5.0,Completed
1218,903,8,34,2024-03-31,Online,,Completed
1219,574,1,73,2024-09-01,Online,13.0,Completed
1220,263,3,87,2024-01-09,Store,,Completed
1221,576,7,51,2025-10-03,Online,14.0,Completed
1222,953,2,77,2025-06-11,Store,13.0,Completed
1223,243,6,41,2025-05-06,Online,,Cancelled
1224,1199,12,79,2025-08-23,Store,4.0,Cancelled
1225,512,3,82,2024-09-13,Online,1.0,Cancelled
1226,158,6,54,2024-08-04,Store,14.0,Completed
1227,318,4,57,2025-03-25,Store,15.0,Completed
1228,512,8,75,2024-12-19,Store,1.0,Completed
1229,46,11,63,2025-01-18,Mobile,6.0,Completed
1230,192,1,21,2025-10-22,Store,17.0,Completed
1231,1095,2,77,2025-09-18,Online,3.0,Cancelled
1232,1033,4,57,2024-06-14,Online,12.0,Completed
1233,558,12,11,2025-01-09,Online,12.0,Completed
1234,453,12,79,2025-05-01,Online,,Completed
1235,950,11,52,2024-12-04,Store,5.0,Completed
1236,748,8,75,2025-05-13,Store,,Cancelled
1237,1095,6,64,2025-09-18,Mobile,10.0,Completed
1238,767,3,49,2024-12-22,Online,16.0,Completed
1239,686,12,58,2024-07-02,Online,8.0,Completed
1240,1060,9,8,2025-04-23,Online,,Cancelled
1241,642,2,27,2024-09-15,Store,18.0,Completed
1242,74,6,54,2024-10-05,Online,,Completed
1243,450,5,39,2024-04-07,Store,16.0,Completed
1244,954,2,77,2025-12-05,Mobile,15.0,Completed
1245,608,6,32,2025-06-18,Online,9.0,Completed
1246,704,1,76,2024-03-25,Online,12.0,Completed
1247,744,7,55,2025-07-06,Store,5.0,Completed
1248,227,11,7,2025-09-23,Online,16.0,Cancelled
1249,115,2,12,2025-03-19,Online,13.0,Cancelled
1250,946,8,84,2024-09-07,Store,5.0,Completed
1251,241,7,51,2024-09-11,Online,18.0,Completed
1252,254,1,22,2024-06-02,Store,16.0,Completed
1253,1048,7,31,2024-11-23,Store,,Completed
1254,305,8,26,2025-08-13,Store,,Completed
1255,114,12,79,2025-09-07,Store,16.0,Completed
1256,364,11,63,2025-08-20,Online,5.0,Cancelled
1257,622,2,72,2025-09-09,Online,2.0,Completed
1258,804,5,25,2025-10-13,Online,4.0,Completed
1259,1167,8,5,2025-08-10,Store,14.0,Completed
1260,766,5,42,2024-11-27,Store,3.0,Completed
1261,142,5,53,2024-12-27,Mobile,14.0,Completed
1262,1165,7,18,2024-12-20,Store,10.0,Cancelled
1263,134,9,20,2025-08-25,Online,,Completed
1264,1010,8,84,2024-04-25,Store,1.0,Completed
1265,1081,1,35,2024-11-16,Store,14.0,Completed
1266,675,10,66,2025-11-29,Mobile,16.0,Completed
1267,1112,3,87,2024-03-20,Mobile,7.0,Completed
1268,707,3,70,2025-01-02,Online,3.0,Completed
1269,112,7,51,2024-04-17,Online,11.0,Completed
1270,648,1,30,2024-05-15,Store,8.0,Completed
1271,717,10,71,2024-12-21,Online,6.0,Completed
1272,228,3,88,2024-12-12,Store,8.0,Completed
1273,18,4,89,2024-12-30,Online,,Completed
1274,897,7,31,2025-11-04,Online,8.0,Cancelled
1275,1192,8,69,2024-01-01,Online,14.0,Cancelled
1276,162,3,82,2025-11-02,Online,12.0,Completed
1277,117,6,54,2024-01-27,Store,16.0,Completed
1278,319,7,18,2024-06-01,Online,9.0,Cancelled
1279,1147,8,75,2024-01-14,Mobile,16.0,Completed
1280,229,7,18,2024-02-09,Mobile,17.0,Completed
1281,152,5,3,2024-09-25,Store,12.0,Completed
1282,1008,12,43,2024-10-29,Online,13.0,Cancelled
1283,23,2,77,2024-05-03,Online,,Completed
1284,550,9,20,2025-01-26,Store,15.0,Cancelled
1285,425,3,82,2024-01-14,Store,7.0,Completed
1286,1183,10,90,2024-09-13,Online,2.0,Completed
1287,1044,2,27,2024-11-04,Store,2.0,Completed
1288,200,5,62,2024-01-03,Store,3.0,Completed
1289,1181,8,26,2024-11-06,Store,16.0,Completed
1290,980,6,1,2024-05-05,Mobile,6.0,Cancelled
1291,71,2,12,2025-09-20,Store,16.0,Completed
1292,130,4,45,2025-06-22,Mobile,2.0,Completed
1293,331,1,22,2024-10-07,Mobile,,Completed
1294,1043,5,3,2024-11-28,Store,9.0,Completed
1295,927,12,61,2025-04-11,Online,4.0,Cancelled
1296,546,10,66,2024-09-22,Online,,Completed
1297,306,6,23,2025-10-22,Online,14.0,Completed
1298,755,4,36,2024-01-24,Online,5.0,Completed
1299,20,9,28,2025-01-09,Online,9.0,Completed
1300,313,5,62,2025-07-01,Online,8.0,Cancelled
1301,330,4,57,2025-05-08,Mobile,,Completed
1302,1057,2,27,2025-08-25,Online,10.0,Completed
1303,632,12,61,2025-05-09,Store,7.0,Completed
1304,525,2,77,2025-12-30,Store,5.0,Cancelled
1305,502,11,7,2024-09-29,Online,18.0,Completed
1306,398,8,84,2025-05-24,Store,10.0,Cancelled
1307,26,8,29,2024-04-21,Mobile,15.0,Cancelled
1308,194,2,27,2024-03-25,Online,8.0,Completed
1309,3,11,63,2025-02-14,Online,18.0,Completed
1310,327,11,56,2025-02-21,Store,16.0,Completed
1311,114,8,5,2024-12-24,Store,8.0,Cancelled
1312,131,6,54,2025-06-06,Online,6.0,Completed
1313,923,11,52,2025-04-01,Online,2.0,Completed
1314,676,1,65,2025-05-10,Online,11.0,Cancelled
1315,1099,1,13,2024-12-01,Online,,Completed
1316,996,11,63,2024-07-12,Online,,Completed
1317,86,1,13,2025-03-19,Store,,Completed
1318,507,12,58,2024-12-13,Store,6.0,Cancelled
1319,905,12,4,2025-11-17,Store,5.0,Completed
1320,1051,3,15,2024-12-29,Store,8.0,Completed
1321,843,12,4,2024-12-07,Online,14.0,Completed
1322,513,8,14,2025-11-05,Store,4.0,Completed
1323,892,3,82,2025-08-25,Online,6.0,Completed
1324,1080,4,36,2024-06-30,Store,1.0,Completed
1325,1002,2,77,2024-11-06,Online,12.0,Cancelled
1326,266,4,83,2024-08-31,Online,18.0,Completed
1327,330,8,34,2024-03-28,Online,4.0,Completed
1328,1053,9,37,2025-03-03,Store,13.0,Completed
1329,853,8,5,2024-07-14,Store,12.0,Completed
1330,422,12,11,2024-05-07,Store,17.0,Cancelled
1331,19,6,1,2025-09-22,Store,9.0,Cancelled
1332,1084,3,82,2025-04-25,Store,13.0,Completed
1333,1072,3,70,2024-09-23,Online,10.0,Completed
1334,71,6,32,2024-11-24,Online,12.0,Completed
1335,867,10,66,2024-10-03,Online,3.0,Completed
1336,169,2,72,2025-12-13,Online,14.0,Completed
1337,526,7,18,2024-09-15,Online,10.0,Completed
1338,210,8,26,2025-10-17,Mobile,15.0,Cancelled
1339,864,9,37,2025-02-10,Store,2.0,Completed
1340,720,2,27,2025-04-11,Store,,Cancelled
1341,657,4,57,2024-01-29,Store,,Completed
1342,1052,8,69,2024-10-19,Store,3.0,Completed
1343,829,12,11,2024-05-22,Mobile,13.0,Cancelled
1344,783,12,58,2025-10-29,Store,15.0,Completed
1345,518,1,22,2024-07-24,Store,12.0,Completed
1346,378,7,55,2025-09-10,Store,14.0,Completed
1347,1183,3,82,2025-01-11,Online,16.0,Completed
1348,383,12,43,2024-01-20,Mobile,,Completed
1349,1131,8,75,2025-07-02,Online,,Completed
1350,652,1,22,2024-05-23,Store,5.0,Completed
1351,1161,2,72,2025-02-24,Store,10.0,Completed
1352,539,4,89,2024-10-01,Mobile,14.0,Cancelled
1353,916,12,11,2024-06-20,Store,16.0,Completed
1354,1037,6,17,2025-01-07,Online,4.0,Completed
1355,795,11,7,2024-08-15,Online,,Completed
1356,599,1,22,2025-07-16,Mobile,18.0,Completed
1357,271,9,37,2024-08-17,Mobile,,Completed
1358,632,9,33,2024-07-07,Mobile,9.0,Completed
1359,291,9,37,2024-08-24,Online,,Completed
1360,997,12,58,2025-10-08,Store,11.0,Completed
1361,748,10,66,2025-10-27,Store,7.0,Cancelled
1362,404,8,26,2024-02-28,Store,3.0,Completed
1363,750,10,90,2024-01-01,Store,16.0,Completed
1364,304,1,76,2025-07-21,Store,,Completed
1365,7,8,29,2024-05-21,Online,6.0,Completed
1366,835,4,6,2025-10-31,Online,14.0,Cancelled
1367,931,4,89,2024-04-16,Online,9.0,Completed
1368,1122,6,54,2024-09-27,Online,3.0,Completed
1369,671,2,12,2024-05-21,Store,5.0,Cancelled
1370,1045,8,14,2024-07-14,Online,13.0,Completed
1371,1145,2,77,2024-07-24,Mobile,3.0,Completed
1372,1037,9,8,2025-11-05,Store,17.0,Completed
1373,514,9,33,2024-10-02,Online,8.0,Completed
1374,642,2,44,2025-08-08,Store,5.0,Completed
1375,961,2,72,2024-10-03,Online,10.0,Completed
1376,461,3,82,2025-08-28,Online,12.0,Completed
1377,556,12,58,2024-06-20,Store,4.0,Completed
1378,560,9,8,2025-12-14,Store,17.0,Cancelled
1379,140,3,49,2025-08-01,Online,,Cancelled
1380,472,11,52,2024-03-23,Online,17.0,Completed
1381,609,12,61,2025-04-28,Store,9.0,Completed
1382,236,11,56,2025-08-26,Store,1.0,Cancelled
1383,46,12,4,2025-02-19,Store,1.0,Completed
1384,78,2,40,2025-07-21,Online,6.0,Completed
1385,965,7,51,2024-11-19,Store,10.0,Completed
1386,732,5,53,2025-01-24,Online,6.0,Completed
1387,143,5,38,2025-01-23,Store,12.0,Completed
1388,160,7,18,2024-08-31,Online,5.0,Completed
1389,982,3,70,2025-10-30,Online,8.0,Completed
1390,311,7,55,2024-03-24,Online,2.0,Completed
1391,431,2,44,2024-05-03,Store,18.0,Cancelled
1392,1041,2,12,2024-06-09,Store,1.0,Completed
1393,180,12,59,2025-08-07,Store,6.0,Completed
1394,674,1,35,2025-04-24,Store,,Completed
1395,1196,5,53,2024-01-05,Online,6.0,Completed
1396,1069,1,9,2025-03-15,Store,14.0,Cancelled
1397,470,5,3,2025-11-12,Store,5.0,Completed
1398,411,2,48,2024-06-23,Mobile,7.0,Completed
1399,977,3,15,2024-10-28,Online,18.0,Completed
1400,224,1,30,2024-01-21,Store,18.0,Completed
1401,637,9,2,2024-05-15,Store,5.0,Completed
1402,1067,11,52,2025-08-12,Online,7.0,Completed
1403,593,3,87,2025-06-02,Mobile,,Completed
1404,939,12,61,2025-02-16,Online,,Cancelled
1405,194,9,20,2024-07-11,Store,2.0,Completed
1406,1148,3,50,2024-04-11,Store,3.0,Completed
1407,696,8,26,2024-08-28,Store,,Completed
1408,1043,11,63,2024-10-04,Online,10.0,Completed
1409,535,2,12,2024-09-13,Online,,Completed
1410,961,6,16,2024-06-16,Store,,Cancelled
1411,693,10,46,2025-03-13,Online,6.0,Cancelled
1412,1014,11,7,2024-12-25,Store,9.0,Cancelled
1413,437,5,62,2024-08-04,Online,,Completed
1414,677,9,68,2025-09-26,Online,,Completed
1415,958,7,31,2024-10-14,Online,5.0,Completed
1416,308,12,79,2024-11-24,Online,7.0,Completed
1417,1002,1,13,2025-06-20,Store,,Completed
1418,453,2,48,2025-08-17,Online,5.0,Completed
1419,179,6,32,2024-08-26,Online,2.0,Cancelled
1420,746,4,86,2024-11-01,Mobile,13.0,Completed
1421,349,6,1,2024-03-18,Online,17.0,Cancelled
1422,705,6,32,2025-12-20,Store,2.0,Completed
1423,703,8,34,2024-12-06,Online,13.0,Cancelled
1424,117,12,79,2024-01-16,Mobile,9.0,Completed
1425,226,6,23,2025-04-30,Store,18.0,Cancelled
1426,1122,9,28,2025-01-28,Store,,Completed
1427,564,10,71,2025-04-25,Online,2.0,Completed
1428,230,9,20,2024-06-06,Online,16.0,Completed
1429,720,12,79,2024-01-02,Store,18.0,Completed
1430,128,5,42,2024-09-24,Online,9.0,Completed
1431,466,9,20,2024-09-28,Store,18.0,Completed
1432,924,2,72,2025-01-08,Mobile,3.0,Completed
1433,1030,8,34,2024-10-11,Store,16.0,Completed
1434,1045,12,79,2024-10-18,Online,11.0,Completed
1435,569,5,74,2024-03-02,Store,8.0,Completed
1436,135,9,8,2025-04-05,Online,,Completed
1437,281,5,67,2025-02-25,Online,3.0,Completed
1438,594,7,31,2024-06-08,Online,2.0,Completed
1439,716,3,87,2025-07-08,Store,3.0,Cancelled
1440,811,12,58,2025-06-17,Mobile,15.0,Completed
1441,927,8,26,2024-07-25,Store,18.0,Cancelled
1442,668,7,31,2025-08-20,Mobile,6.0,Cancelled
1443,163,5,60,2025-09-30,Online,18.0,Completed
1444,524,6,17,2024-10-16,Online,5.0,Completed
1445,262,7,18,2024-12-01,Store,5.0,Completed
1446,759,7,51,2025-01-25,Store,12.0,Completed
1447,919,6,16,2025-01-14,Online,8.0,Completed
1448,531,7,51,2025-07-26,Store,6.0,Cancelled
1449,760,2,40,2024-10-26,Store,13.0,Cancelled
1450,516,1,21,2024-07-02,Online,8.0,Completed
1451,245,3,88,2024-09-24,Online,8.0,Cancelled
1452,167,2,77,2025-03-28,Store,12.0,Completed
1453,516,12,58,2024-06-05,Online,6.0,Cancelled
1454,471,10,66,2024-03-21,Store,3.0,Cancelled
1455,361,2,44,2024-12-05,Online,16.0,Completed
1456,810,5,81,2024-01-06,Mobile,17.0,Completed
1457,1,12,61,2025-02-11,Online,18.0,Completed
1458,20,12,11,2025-07-12,Online,4.0,Completed
1459,268,4,80,2024-04-16,Store,15.0,Completed
1460,1160,10,71,2024-10-20,Store,13.0,Completed
1461,304,1,73,2025-05-27,Store,8.0,Completed
1462,619,8,84,2025-09-22,Store,3.0,Completed
1463,1021,10,71,2025-10-18,Online,15.0,Completed
1464,47,9,33,2024-06-13,Store,16.0,Cancelled
1465,635,3,88,2024-01-12,Store,,Cancelled
1466,925,5,3,2025-11-04,Online,12.0,Completed
1467,974,10,78,2024-12-23,Online,17.0,Completed
1468,947,6,54,2024-08-25,Online,9.0,Completed
1469,718,8,75,2024-04-22,Mobile,8.0,Cancelled
1470,532,7,55,2025-05-11,Store,16.0,Completed
1471,1048,11,7,2025-03-09,Store,,Completed
1472,47,6,41,2025-06-24,Store,15.0,Completed
1473,650,3,50,2024-11-08,Store,5.0,Completed
1474,472,7,18,2024-06-28,Online,12.0,Completed
1475,305,5,47,2025-08-11,Store,14.0,Completed
1476,381,4,24,2024-08-01,Online,14.0,Cancelled
1477,1,5,25,2024-02-21,Store,1.0,Cancelled
1478,732,10,90,2024-11-03,Online,9.0,Completed
1479,424,11,63,2024-12-31,Store,7.0,Completed
1480,132,4,6,2025-12-15,Online,,Completed
1481,367,8,34,2024-07-10,Online,8.0,Completed
1482,670,12,79,2025-12-14,Store,15.0,Completed
1483,742,4,36,2024-01-18,Mobile,15.0,Completed
1484,1175,9,8,2025-08-02,Mobile,7.0,Completed
1485,1070,4,24,2024-11-22,Online,18.0,Cancelled
1486,1086,1,22,2024-09-08,Online,,Completed
1487,840,6,32,2024-11-16,Mobile,2.0,Completed
1488,451,6,23,2025-12-02,Store,14.0,Completed
1489,1197,9,2,2024-08-26,Store,,Completed
1490,171,2,12,2025-04-06,Online,12.0,Cancelled
1491,353,3,15,2024-01-05,Store,16.0,Completed
1492,875,8,14,2025-07-18,Online,8.0,Completed
1493,374,2,77,2024-11-30,Store,10.0,Completed
1494,109,7,31,2024-08-31,Online,1.0,Completed
1495,474,10,46,2024-08-06,Store,16.0,Cancelled
1496,329,7,18,2025-05-19,Store,7.0,Completed
1497,318,3,15,2024-10-10,Store,10.0,Completed
1498,999,7,51,2025-12-01,Store,10.0,Completed
1499,74,2,77,2025-04-28,Online,,Completed
1500,1193,6,54,2025-09-17,Online,,Completed
1501,129,12,61,2025-05-12,Online,5.0,Completed
1502,320,6,16,2024-03-23,Mobile,7.0,Completed
1503,951,6,32,2024-07-18,Online,10.0,Completed
1504,1147,9,20,2025-01-10,Store,1.0,Cancelled
1505,584,6,41,2024-05-19,Store,,Completed
1506,294,8,26,2025-09-06,Store,18.0,Cancelled
1507,531,7,18,2025-07-20,Store,4.0,Completed
1508,159,2,40,2024-09-21,Online,5.0,Completed
1509,40,5,60,2024-09-20,Store,,Completed
1510,502,6,64,2024-12-03,Store,13.0,Completed
1511,854,4,36,2025-02-05,Online,4.0,Completed
1512,313,4,45,2025-10-05,Store,,Completed
1513,192,6,64,2024-11-05,Online,7.0,Completed
1514,161,2,77,2024-06-16,Store,,Completed
1515,114,12,11,2025-03-24,Store,,Completed
1516,772,10,66,2024-08-29,Online,14.0,Completed
1517,530,5,3,2025-10-22,Store,10.0,Cancelled
1518,402,1,9,2025-01-30,Store,16.0,Completed
1519,382,3,87,2025-04-18,Online,2.0,Cancelled
1520,489,7,55,2024-04-04,Store,13.0,Completed
1521,689,9,33,2025-03-30,Store,13.0,Completed
1522,83,12,11,2024-07-24,Online,2.0,Completed
1523,249,10,46,2025-06-26,Store,12.0,Completed
1524,242,8,5,2025-07-25,Store,15.0,Cancelled
1525,979,9,2,2025-03-21,Store,16.0,Completed
1526,438,8,69,2024-11-10,Store,5.0,Completed
1527,151,6,16,2024-09-13,Mobile,8.0,Cancelled
1528,278,9,20,2024-09-17,Mobile,4.0,Cancelled
1529,539,1,65,2024-01-18,Online,6.0,Completed
1530,881,6,41,2025-11-03,Online,3.0,Completed
1531,176,10,78,2025-01-15,Store,1.0,Completed
1532,190,2,48,2025-03-31,Store,11.0,Completed
1533,510,4,89,2025-03-20,Online,4.0,Completed
1534,952,3,87,2024-02-17,Online,10.0,Completed
1535,16,9,20,2024-12-01,Mobile,15.0,Completed
1536,451,2,48,2024-10-14,Online,1.0,Completed
1537,36,3,82,2025-06-17,Store,18.0,Completed
1538,856,6,64,2024-09-11,Online,4.0,Completed
1539,710,9,68,2025-12-06,Online,2.0,Cancelled
1540,445,2,48,2025-01-06,Store,,Completed
1541,1063,8,29,2025-10-26,Mobile,,Completed
1542,530,6,16,2024-02-01,Mobile,,Cancelled
1543,369,12,4,2025-07-02,Store,16.0,Cancelled
1544,631,12,58,2024-06-16,Store,15.0,Completed
1545,355,1,85,2025-10-16,Store,7.0,Completed
1546,658,8,29,2025-02-24,Store,3.0,Completed
1547,264,1,13,2024-12-14,Online,16.0,Completed
1548,1016,10,66,2024-10-08,Store,12.0,Completed
1549,397,9,20,2024-01-18,Online,1.0,Completed
1550,546,8,69,2025-05-24,Online,,Cancelled
1551,29,4,57,2024-07-29,Online,12.0,Completed
1552,1155,11,52,2024-01-02,Online,13.0,Completed
1553,657,6,54,2025-06-28,Store,4.0,Completed
1554,1122,1,65,2024-09-21,Store,2.0,Completed
1555,576,7,31,2024-04-04,Store,,Cancelled
1556,1154,9,68,2024-01-29,Store,2.0,Completed
1557,580,8,34,2025-05-28,Store,17.0,Completed
1558,756,6,64,2024-03-18,Store,17.0,Completed
1559,289,7,18,2025-05-20,Store,1.0,Completed
1560,1153,12,79,2024-12-10,Store,7.0,Completed
1561,1156,9,19,2024-07-12,Online,6.0,Completed
1562,504,7,18,2024-01-09,Mobile,5.0,Completed
1563,204,6,16,2024-04-21,Store,12.0,Completed
1564,575,6,64,2025-03-22,Store,13.0,Cancelled
1565,864,8,29,2025-03-22,Store,11.0,Completed
1566,465,3,49,2024-09-06,Online,,Completed
1567,328,7,18,2025-05-25,Store,18.0,Completed
1568,912,10,90,2024-11-29,Online,11.0,Cancelled
1569,959,7,55,2024-10-01,Store,17.0,Completed
1570,414,1,76,2024-02-11,Mobile,7.0,Completed
1571,871,3,49,2024-07-06,Mobile,,Cancelled
1572,213,4,89,2025-11-12,Store,14.0,Completed
1573,868,3,82,2025-04-14,Online,4.0,Completed
1574,921,8,84,2024-07-09,Online,4.0,Completed
1575,864,12,59,2024-05-21,Store,13.0,Cancelled
1576,125,3,88,2025-04-15,Store,6.0,Completed
1577,180,10,66,2025-11-08,Online,16.0,Completed
1578,999,11,52,2024-01-29,Store,12.0,Completed
1579,820,4,83,2025-06-04,Online,13.0,Cancelled
1580,1077,2,77,2025-05-25,Store,,Completed
1581,616,11,56,2024-11-23,Online,6.0,Completed
1582,391,1,30,2025-12-17,Store,5.0,Completed
1583,919,1,65,2024-05-04,Mobile,4.0,Completed
1584,127,8,14,2025-07-06,Store,,Completed
1585,300,6,41,2024-04-18,Store,,Cancelled
1586,257,3,87,2024-06-02,Store,6.0,Completed
1587,176,2,77,2025-01-12,Online,13.0,Completed
1588,32,11,52,2024-09-27,Store,14.0,Completed
1589,988,9,19,2025-12-16,Online,3.0,Cancelled
1590,558,2,40,2024-04-13,Store,13.0,Completed
1591,1001,10,78,2025-02-05,Store,9.0,Completed
1592,743,1,21,2024-08-13,Online,8.0,Completed
1593,299,9,28,2024-12-18,Online,9.0,Completed
1594,981,7,55,2024-09-25,Online,7.0,Completed
1595,1108,2,48,2024-01-01,Store,1.0,Cancelled
1596,1139,2,77,2024-10-17,Online,5.0,Completed
1597,45,1,13,2025-07-04,Online,6.0,Completed
1598,146,9,37,2025-01-03,Store,,Completed
1599,854,4,10,2025-10-28,Online,9.0,Completed
1600,1122,10,78,2025-05-16,Store,,Completed
1601,561,12,11,2025-10-29,Store,,Completed
1602,121,10,66,2025-12-15,Online,3.0,Cancelled
1603,84,4,89,2025-10-17,Mobile,18.0,Completed
1604,380,5,74,2024-01-11,Mobile,7.0,Completed
1605,1062,7,18,2025-03-28,Online,18.0,Completed
1606,570,5,38,2024-07-14,Store,12.0,Completed
1607,644,2,48,2025-05-23,Store,15.0,Cancelled
1608,809,7,31,2024-03-26,Store,11.0,Completed
1609,48,10,78,2025-12-18,Store,11.0,Cancelled
1610,170,6,32,2024-05-03,Store,11.0,Cancelled
1611,533,3,49,2025-02-20,Store,9.0,Completed
1612,173,11,52,2025-10-16,Store,12.0,Completed
1613,1101,2,72,2025-08-15,Online,3.0,Completed
1614,270,9,33,2025-02-06,Online,,Completed
1615,687,7,51,2025-11-22,Mobile,8.0,Cancelled
1616,1038,10,71,2024-07-25,Mobile,11.0,Completed
1617,1178,8,29,2024-02-20,Store,15.0,Completed
1618,540,5,81,2025-11-18,Store,,Completed
1619,933,3,49,2024-04-27,Mobile,3.0,Completed
1620,541,11,56,2025-09-26,Store,15.0,Completed
1621,259,12,58,2024-01-20,Store,9.0,Cancelled
1622,355,6,41,2024-06-02,Store,16.0,Completed
1623,1104,2,12,2025-03-03,Online,17.0,Completed
1624,743,12,4,2024-10-24,Store,4.0,Completed
1625,594,12,79,2024-10-25,Store,3.0,Completed
1626,1077,4,24,2025-09-12,Store,,Completed
1627,62,9,20,2024-02-06,Store,16.0,Completed
1628,553,7,51,2025-01-13,Online,6.0,Completed
1629,992,7,51,2024-10-29,Store,11.0,Completed
1630,847,5,38,2025-01-20,Store,15.0,Completed
1631,965,4,83,2024-04-14,Mobile,6.0,Cancelled
1632,255,3,50,2024-12-18,Online,16.0,Completed
1633,78,1,76,2025-10-10,Online,8.0,Completed
1634,368,11,56,2024-11-01,Store,4.0,Completed
1635,11,7,31,2024-08-29,Store,17.0,Completed
1636,933,4,6,2024-03-28,Online,9.0,Cancelled
1637,977,4,86,2024-01-21,Store,,Completed
1638,759,1,73,2025-08-14,Mobile,5.0,Completed
1639,188,11,52,2024-10-16,Store,1.0,Cancelled
1640,133,7,51,2024-06-17,Online,3.0,Completed
1641,1021,7,31,2025-08-30,Mobile,9.0,Cancelled
1642,981,2,27,2025-07-18,Mobile,,Completed
1643,453,8,75,2025-10-26,Mobile,2.0,Cancelled
1644,842,4,83,2024-12-09,Online,4.0,Completed
1645,944,5,67,2025-06-27,Online,1.0,Completed
1646,854,8,84,2025-02-01,Store,9.0,Completed
1647,74,5,47,2024-01-21,Store,5.0,Completed
1648,255,11,7,2024-01-30,Online,14.0,Completed
1649,894,6,1,2025-10-05,Online,,Cancelled
1650,1066,4,36,2025-07-02,Mobile,13.0,Completed
1651,813,4,45,2025-08-12,Mobile,18.0,Completed
1652,1086,5,39,2025-12-17,Mobile,12.0,Completed
1653,678,11,56,2025-06-15,Store,18.0,Completed
1654,177,8,69,2024-03-26,Store,,Completed
1655,927,9,37,2024-07-10,Store,,Completed
1656,1117,5,25,2024-02-23,Mobile,13.0,Completed
1657,669,9,33,2024-09-22,Online,10.0,Completed
1658,718,10,78,2025-08-29,Store,18.0,Cancelled
1659,842,12,43,2024-05-20,Store,6.0,Completed
1660,690,12,4,2025-05-15,Store,16.0,Completed
1661,490,3,82,2025-08-10,Store,3.0,Completed
1662,716,9,37,2025-07-26,Store,1.0,Cancelled
1663,625,2,77,2025-12-27,Online,3.0,Completed
1664,417,4,80,2025-03-29,Store,6.0,Completed
1665,906,6,1,2025-12-30,Online,4.0,Cancelled
1666,1116,12,79,2025-11-25,Store,11.0,Completed
1667,946,8,14,2025-04-10,Online,16.0,Completed
1668,1133,4,10,2024-01-28,Store,1.0,Completed
1669,58,1,65,2024-02-26,Online,10.0,Cancelled
1670,456,6,64,2024-07-24,Online,2.0,Completed
1671,936,4,57,2025-11-07,Mobile,1.0,Completed
1672,30,12,58,2025-03-29,Online,17.0,Completed
1673,480,9,37,2024-06-21,Online,18.0,Completed
1674,52,2,48,2025-09-05,Store,2.0,Completed
1675,1186,5,74,2024-09-04,Online,4.0,Completed
1676,871,6,17,2025-12-05,Store,4.0,Completed
1677,89,12,61,2024-08-23,Mobile,11.0,Cancelled
1678,600,7,18,2024-05-17,Store,,Cancelled
1679,129,1,65,2025-05-26,Store,4.0,Completed
1680,333,1,65,2025-02-12,Online,8.0,Completed
1681,714,1,35,2025-09-08,Store,1.0,Cancelled
1682,51,11,7,2024-09-21,Online,13.0,Completed
1683,248,12,4,2024-01-24,Online,17.0,Cancelled
1684,555,8,26,2024-09-27,Store,4.0,Completed
1685,646,8,84,2024-07-24,Mobile,11.0,Completed
1686,1128,12,61,2024-05-24,Store,2.0,Cancelled
1687,853,8,29,2025-11-25,Mobile,,Completed
1688,369,1,76,2025-05-02,Online,,Completed
1689,78,12,59,2025-04-11,Online,10.0,Completed
1690,889,4,89,2025-04-12,Online,5.0,Cancelled
1691,1039,5,53,2025-10-19,Mobile,6.0,Completed
1692,886,10,66,2025-03-08,Online,2.0,Cancelled
1693,1155,4,6,2025-11-04,Store,14.0,Completed
1694,947,1,35,2025-09-15,Store,14.0,Completed
1695,276,11,52,2025-09-13,Mobile,15.0,Completed
1696,318,11,7,2025-12-02,Store,13.0,Completed
1697,279,6,17,2024-07-08,Online,2.0,Cancelled
1698,903,11,7,2025-09-23,Store,9.0,Completed
1699,219,12,43,2024-01-26,Store,,Completed
1700,510,11,56,2024-08-05,Store,7.0,Completed
1701,297,9,2,2024-08-17,Store,2.0,Completed
1702,1025,1,13,2025-07-31,Store,14.0,Cancelled
1703,698,2,44,2025-02-19,Online,16.0,Completed
1704,106,1,9,2025-04-29,Store,,Completed
1705,916,1,13,2024-01-12,Store,14.0,Completed
1706,176,8,29,2025-01-18,Store,16.0,Completed
1707,157,2,77,2024-11-28,Online,,Completed
1708,513,2,77,2025-05-09,Store,11.0,Completed
1709,487,9,19,2025-02-26,Store,1.0,Completed
1710,1164,8,34,2024-06-28,Mobile,3.0,Cancelled
1711,14,11,56,2025-10-30,Store,11.0,Completed
1712,102,6,32,2024-06-24,Store,,Completed
1713,4,8,69,2025-02-23,Store,7.0,Completed
1714,137,7,18,2025-10-04,Store,,Cancelled
1715,743,7,18,2025-05-12,Online,15.0,Completed
1716,242,1,76,2025-12-15,Online,12.0,Cancelled
1717,114,6,41,2025-12-21,Mobile,2.0,Completed
1718,1040,6,16,2024-09-02,Store,17.0,Completed
1719,472,11,7,2025-08-12,Store,7.0,Completed
1720,846,10,46,2024-05-27,Online,15.0,Completed
1721,487,6,32,2025-04-30,Online,3.0,Completed
1722,553,6,41,2025-10-29,Mobile,,Cancelled
1723,534,9,2,2024-05-04,Online,,Completed
1724,817,11,56,2025-02-08,Online,,Completed
1725,68,1,65,2025-12-07,Store,,Completed
1726,251,5,42,2025-06-02,Store,16.0,Completed
1727,1027,10,46,2024-06-10,Store,,Completed
1728,1105,2,40,2024-01-09,Mobile,,Completed
1729,223,2,44,2024-05-07,Store,8.0,Completed
1730,75,1,22,2024-11-06,Mobile,10.0,Completed
1731,1136,8,69,2024-03-21,Online,18.0,Cancelled
1732,1117,5,81,2025-08-16,Online,2.0,Completed
1733,529,7,51,2025-01-28,Store,12.0,Completed
1734,105,2,44,2025-07-12,Online,12.0,Completed
1735,228,9,37,2025-06-02,Store,10.0,Completed
1736,145,3,87,2025-09-06,Store,,Completed
1737,206,4,83,2025-03-25,Mobile,13.0,Completed
1738,674,1,73,2024-12-19,Online,2.0,Completed
1739,735,12,58,2025-01-06,Store,13.0,Completed
1740,450,12,79,2025-11-13,Store,13.0,Completed
1741,632,9,37,2024-01-21,Store,18.0,Completed
1742,1016,10,90,2024-12-14,Online,17.0,Completed
1743,559,3,70,2025-05-10,Online,6.0,Completed
1744,752,5,60,2025-05-09,Mobile,15.0,Completed
1745,1143,2,44,2024-04-03,Mobile,11.0,Completed
1746,1057,1,35,2024-03-07,Online,6.0,Completed
1747,247,12,43,2025-04-22,Online,16.0,Completed
1748,838,9,68,2025-07-27,Store,4.0,Completed
1749,379,11,56,2024-12-14,Online,17.0,Completed
1750,419,6,1,2025-02-08,Online,7.0,Completed
1751,374,7,31,2024-01-14,Store,6.0,Completed
1752,606,12,58,2025-08-28,Store,3.0,Cancelled
1753,1161,6,1,2025-06-03,Online,5.0,Completed
1754,372,9,20,2025-06-08,Online,2.0,Completed
1755,430,6,16,2025-11-22,Online,8.0,Completed
1756,651,9,37,2025-03-25,Online,1.0,Cancelled
1757,286,3,87,2024-05-30,Store,12.0,Completed
1758,873,12,61,2024-09-01,Online,5.0,Completed
1759,126,12,4,2025-09-06,Online,2.0,Cancelled
1760,906,12,59,2025-01-30,Store,6.0,Cancelled
1761,1030,12,4,2024-04-19,Store,12.0,Completed
1762,563,4,10,2025-01-18,Store,7.0,Completed
1763,940,6,32,2025-10-06,Store,14.0,Completed
1764,465,12,58,2025-06-17,Store,7.0,Completed
1765,682,5,25,2025-11-21,Online,7.0,Completed
1766,1150,1,76,2024-07-09,Store,7.0,Completed
1767,823,4,6,2025-06-04,Store,14.0,Completed
1768,222,2,72,2025-08-01,Mobile,3.0,Completed
1769,179,9,8,2025-03-02,Online,14.0,Completed
1770,352,4,57,2025-01-13,Store,,Completed
1771,289,3,82,2024-07-28,Online,3.0,Cancelled
1772,980,4,89,2024-07-06,Store,,Completed
1773,296,1,85,2024-01-04,Store,18.0,Completed
1774,1108,7,55,2024-03-02,Mobile,16.0,Completed
1775,779,7,55,2025-09-16,Online,1.0,Completed
1776,1053,2,27,2025-09-09,Mobile,16.0,Cancelled
1777,355,2,48,2025-06-16,Online,,Completed
1778,432,8,5,2025-05-25,Store,12.0,Completed
1779,282,6,1,2025-03-23,Store,6.0,Completed
1780,199,5,81,2024-03-26,Mobile,,Completed
1781,289,12,43,2024-12-10,Store,7.0,Cancelled
1782,1165,9,19,2024-10-26,Online,14.0,Completed
1783,991,2,27,2024-08-04,Store,4.0,Completed
1784,1097,4,36,2024-02-04,Store,5.0,Completed
1785,310,7,55,2024-10-04,Mobile,10.0,Completed
1786,826,1,65,2025-03-06,Store,12.0,Completed
1787,1196,8,29,2025-06-22,Online,9.0,Cancelled
1788,509,8,29,2024-09-28,Mobile,,Completed
1789,365,7,18,2025-07-21,Online,12.0,Completed
1790,35,11,52,2025-04-23,Online,11.0,Completed
1791,842,9,28,2024-01-30,Store,,Cancelled
1792,115,2,40,2024-11-15,Online,5.0,Cancelled
1793,1103,5,38,2025-02-07,Online,9.0,Cancelled
1794,898,5,25,2025-02-23,Store,8.0,Completed
1795,1127,6,17,2024-09-26,Store,11.0,Completed
1796,1031,12,43,2025-01-03,Online,,Completed
1797,406,8,29,2024-06-24,Store,12.0,Cancelled
1798,261,4,83,2024-11-26,Online,1.0,Completed
1799,386,8,84,2025-01-25,Store,3.0,Cancelled
1800,911,9,33,2025-01-26,Online,8.0,Completed
1801,190,4,57,2024-06-03,Online,7.0,Cancelled
1802,303,3,15,2025-11-19,Online,9.0,Completed
1803,1041,7,18,2025-05-11,Online,,Completed
1804,333,8,34,2025-08-13,Online,8.0,Completed
1805,829,9,37,2025-02-18,Store,,Completed
1806,574,8,29,2024-05-23,Online,2.0,Cancelled
1807,274,9,2,2024-09-08,Store,2.0,Completed
1808,337,2,72,2025-12-02,Store,12.0,Cancelled
1809,385,8,84,2024-09-21,Online,4.0,Completed
1810,506,7,51,2025-05-29,Store,14.0,Completed
1811,70,9,37,2025-11-21,Store,3.0,Completed
1812,1146,9,33,2024-09-11,Store,5.0,Completed
1813,772,7,31,2025-12-28,Online,,Completed
1814,311,7,31,2024-11-30,Store,3.0,Completed
1815,812,12,79,2025-04-06,Mobile,17.0,Completed
1816,249,3,88,2024-01-03,Store,14.0,Completed
1817,37,9,8,2024-04-30,Store,11.0,Completed
1818,25,5,47,2025-03-05,Store,4.0,Completed
1819,412,3,88,2024-07-08,Online,,Completed
1820,312,1,9,2024-03-27,Mobile,17.0,Cancelled
1821,500,2,44,2024-10-22,Store,11.0,Completed
1822,1095,9,28,2024-08-11,Store,2.0,Completed
1823,179,5,81,2025-01-23,Online,3.0,Completed
1824,61,7,55,2024-04-18,Online,12.0,Completed
1825,1100,1,30,2024-03-29,Online,14.0,Cancelled
1826,482,12,43,2024-07-13,Store,2.0,Completed
1827,200,12,58,2024-09-22,Mobile,2.0,Completed
1828,896,2,44,2025-05-05,Mobile,6.0,Completed
1829,1148,8,84,2025-06-25,Online,1.0,Completed
1830,982,8,5,2025-03-08,Store,7.0,Cancelled
1831,316,11,7,2024-03-14,Store,,Completed
1832,982,9,8,2024-09-08,Online,16.0,Completed
1833,1009,6,1,2024-12-19,Online,,Completed
1834,1061,8,29,2024-10-22,Online,8.0,Cancelled
1835,1119,7,51,2024-03-17,Store,17.0,Cancelled
1836,564,4,86,2025-09-10,Mobile,3.0,Completed
1837,1167,12,59,2024-08-13,Online,10.0,Cancelled
1838,464,7,31,2024-11-22,Mobile,10.0,Completed
1839,811,6,54,2024-11-25,Store,2.0,Completed
1840,660,11,52,2025-10-27,Mobile,6.0,Completed
1841,527,10,71,2025-04-03,Online,7.0,Cancelled
1842,101,9,37,2024-01-23,Online,17.0,Completed
1843,1044,10,90,2025-10-24,Store,,Completed
1844,300,9,28,2024-07-08,Store,5.0,Cancelled
1845,415,2,77,2025-10-13,Store,4.0,Completed
1846,870,5,60,2024-06-12,Online,14.0,Completed
1847,753,7,55,2024-07-16,Online,5.0,Cancelled
1848,394,4,10,2025-03-25,Store,16.0,Completed
1849,923,12,59,2024-05-23,Store,8.0,Cancelled
1850,44,12,11,2024-07-07,Online,,Completed
1851,633,12,61,2024-12-17,Store,3.0,Completed
1852,825,5,42,2024-09-27,Store,7.0,Completed
1853,1064,11,63,2024-10-26,Mobile,7.0,Completed
1854,1184,1,13,2025-12-10,Online,16.0,Completed
1855,684,10,90,2024-02-29,Online,1.0,Completed
1856,854,2,44,2024-05-05,Online,,Completed
1857,330,1,85,2024-02-20,Online,7.0,Completed
1858,1048,3,82,2024-01-31,Mobile,13.0,Completed
1859,187,2,48,2025-11-05,Store,1.0,Cancelled
1860,263,4,45,2024-07-04,Store,7.0,Completed
1861,30,3,82,2025-04-24,Store,10.0,Completed
1862,463,11,52,2025-09-15,Online,16.0,Completed
1863,715,9,37,2025-02-15,Store,7.0,Cancelled
1864,637,2,12,2025-01-05,Store,18.0,Completed
1865,1041,7,31,2025-11-08,Store,10.0,Completed
1866,985,6,1,2024-09-29,Store,14.0,Completed
1867,721,2,77,2025-01-18,Store,,Completed
1868,533,12,79,2024-01-17,Online,6.0,Completed
1869,503,11,7,2024-04-17,Mobile,2.0,Completed
1870,429,10,46,2024-05-24,Store,5.0,Completed
1871,803,5,60,2024-04-04,Online,,Completed
1872,1176,2,12,2024-02-06,Online,11.0,Completed
1873,310,7,31,2024-11-17,Store,,Completed
1874,323,12,11,2025-08-11,Store,,Cancelled
1875,73,11,7,2025-05-29,Store,12.0,Completed
1876,1051,7,31,2025-06-15,Online,7.0,Completed
1877,1172,7,18,2025-11-27,Store,3.0,Completed
1878,1067,10,46,2024-05-04,Online,1.0,Cancelled
1879,991,3,15,2024-07-25,Online,15.0,Completed
1880,679,2,48,2025-05-31,Store,13.0,Completed
1881,233,8,75,2024-10-01,Store,16.0,Cancelled
1882,448,4,80,2024-11-07,Online,13.0,Completed
1883,211,7,55,2024-02-11,Store,12.0,Completed
1884,290,4,89,2025-09-04,Store,10.0,Cancelled
1885,441,5,60,2025-03-27,Mobile,5.0,Completed
1886,882,8,5,2025-04-14,Mobile,16.0,Completed
1887,1015,10,66,2025-08-20,Store,,Completed
1888,416,6,41,2025-01-05,Store,5.0,Completed
1889,992,7,51,2025-07-31,Store,8.0,Completed
1890,933,5,39,2025-04-24,Mobile,18.0,Completed
1891,1066,2,12,2024-03-04,Mobile,14.0,Completed
1892,1047,7,55,2025-11-24,Store,10.0,Completed
1893,111,6,17,2024-09-30,Online,14.0,Completed
1894,1154,2,12,2024-12-01,Store,6.0,Completed
1895,428,5,60,2025-07-08,Online,9.0,Completed
1896,614,9,8,2025-04-09,Online,14.0,Completed
1897,512,12,58,2025-11-21,Online,1.0,Completed
1898,732,5,39,2024-03-03,Store,12.0,Completed
1899,345,1,73,2024-04-03,Mobile,18.0,Cancelled
1900,1061,3,88,2025-04-10,Online,,Completed
1901,322,2,27,2025-11-12,Store,9.0,Cancelled
1902,247,1,21,2024-02-11,Mobile,1.0,Completed
1903,571,1,9,2024-08-24,Online,2.0,Completed
1904,902,2,48,2024-09-21,Online,,Completed
1905,357,2,48,2024-10-01,Store,2.0,Completed
1906,603,8,5,2024-09-20,Store,14.0,Completed
1907,456,12,43,2025-03-31,Store,,Completed
1908,792,6,32,2025-11-24,Online,3.0,Cancelled
1909,203,8,14,2025-06-26,Mobile,14.0,Completed
1910,671,1,22,2025-11-14,Online,,Completed
1911,160,3,49,2025-06-15,Store,18.0,Completed
1912,401,11,56,2024-08-27,Store,3.0,Completed
1913,602,5,3,2024-08-28,Online,15.0,Completed
1914,1037,1,21,2024-02-03,Mobile,5.0,Completed
1915,1178,1,35,2024-10-18,Online,13.0,Completed
1916,78,11,56,2024-11-05,Store,,Completed
1917,958,12,79,2025-04-18,Online,8.0,Completed
1918,540,10,78,2024-02-13,Store,12.0,Completed
1919,648,3,70,2025-06-08,Mobile,,Completed
1920,1108,6,32,2025-02-15,Online,12.0,Cancelled
1921,838,7,51,2024-02-07,Store,6.0,Completed
1922,318,5,47,2025-03-29,Online,11.0,Cancelled
1923,1154,11,52,2024-07-15,Store,8.0,Completed
1924,32,10,46,2025-10-03,Mobile,3.0,Cancelled
1925,723,2,72,2025-09-27,Online,16.0,Cancelled
1926,328,7,31,2025-02-04,Online,17.0,Completed
1927,156,3,49,2024-12-13,Store,16.0,Completed
1928,894,2,44,2025-03-27,Store,18.0,Completed
1929,1199,4,24,2025-09-16,Online,17.0,Cancelled
1930,455,10,66,2024-09-21,Online,4.0,Completed
1931,785,2,77,2025-06-03,Mobile,,Cancelled
1932,647,2,72,2025-02-03,Store,7.0,Completed
1933,326,8,14,2024-07-25,Online,17.0,Completed
1934,241,11,63,2024-08-27,Mobile,,Completed
1935,191,3,49,2024-03-31,Store,8.0,Completed
1936,699,6,1,2025-10-22,Mobile,2.0,Completed
1937,1063,11,7,2024-03-16,Online,11.0,Completed
1938,351,10,78,2024-09-16,Online,8.0,Completed
1939,1158,9,8,2024-03-22,Online,12.0,Completed
1940,185,6,32,2025-01-24,Online,13.0,Cancelled
1941,1180,5,47,2025-07-28,Online,7.0,Completed
1942,325,6,41,2024-10-21,Online,,Completed
1943,734,10,66,2025-12-25,Store,2.0,Completed
1944,960,12,4,2025-08-20,Online,10.0,Completed
1945,737,4,89,2024-05-01,Store,4.0,Cancelled
1946,893,8,26,2024-11-09,Online,10.0,Completed
1947,963,9,8,2024-01-04,Mobile,15.0,Completed
1948,703,5,60,2025-02-11,Store,17.0,Cancelled
1949,708,10,71,2025-07-18,Online,12.0,Completed
1950,96,10,78,2025-03-07,Online,,Completed
1951,153,1,30,2024-11-22,Store,10.0,Completed
1952,785,12,11,2025-05-07,Store,13.0,Completed
1953,136,8,5,2024-05-19,Store,3.0,Completed
1954,631,1,22,2024-06-24,Online,10.0,Completed
1955,83,1,21,2025-03-19,Online,1.0,Completed
1956,243,5,67,2025-01-01,Store,,Completed
1957,490,3,50,2025-07-17,Store,13.0,Completed
1958,341,2,48,2024-02-24,Store,11.0,Completed
1959,1,10,66,2024-06-04,Mobile,,Cancelled
1960,707,11,52,2025-12-12,Mobile,,Completed
1961,967,4,10,2024-09-06,Store,9.0,Completed
1962,904,12,4,2024-12-26,Online,10.0,Cancelled
1963,547,4,80,2025-02-04,Store,,Completed
1964,518,7,51,2024-08-14,Store,1.0,Completed
1965,339,9,19,2025-08-15,Online,7.0,Cancelled
1966,355,6,1,2025-02-09,Store,18.0,Cancelled
1967,567,12,11,2025-05-08,Store,,Cancelled
1968,664,10,66,2025-09-24,Store,12.0,Completed
1969,862,1,73,2025-03-20,Store,15.0,Completed
1970,1061,5,62,2025-01-03,Store,,Cancelled
1971,832,1,30,2024-12-09,Store,9.0,Completed
1972,1052,1,65,2024-10-13,Store,9.0,Completed
1973,689,4,6,2025-04-14,Store,16.0,Completed
1974,184,6,16,2025-11-27,Online,,Completed
1975,317,6,17,2025-09-26,Online,10.0,Completed
1976,885,3,70,2024-03-08,Online,16.0,Completed
1977,98,6,54,2024-02-18,Online,12.0,Cancelled
1978,1054,9,19,2025-02-12,Store,15.0,Completed
1979,361,12,11,2025-05-20,Store,12.0,Completed
1980,891,7,51,2024-10-09,Store,16.0,Completed
1981,249,4,80,2025-06-10,Online,3.0,Completed
1982,247,10,90,2025-07-27,Online,3.0,Cancelled
1983,926,9,28,2024-01-30,Store,11.0,Completed
1984,711,12,11,2024-12-07,Mobile,2.0,Completed
1985,362,8,5,2025-01-16,Store,13.0,Completed
1986,481,10,46,2025-08-14,Mobile,1.0,Completed
1987,1150,2,27,2024-09-28,Store,,Completed
1988,199,1,35,2024-12-25,Store,16.0,Completed
1989,630,4,57,2025-05-25,Online,3.0,Completed
1990,860,7,31,2025-10-06,Store,14.0,Cancelled
1991,883,9,8,2025-06-02,Mobile,13.0,Completed
1992,52,2,12,2025-10-25,Online,5.0,Completed
1993,679,7,51,2024-10-11,Store,4.0,Completed
1994,853,5,62,2025-01-11,Store,9.0,Cancelled
1995,931,8,5,2025-04-27,Online,6.0,Cancelled
1996,50,10,71,2024-01-20,Store,,Completed
1997,405,8,29,2024-02-16,Store,11.0,Completed
1998,234,2,48,2025-06-14,Online,1.0,Completed
1999,944,7,55,2024-11-05,Online,9.0,Completed
2000,491,12,59,2025-09-13,Online,12.0,Completed
2001,1067,2,27,2024-02-05,Store,9.0,Completed
2002,359,4,80,2024-06-12,Store,16.0,Completed
2003,37,6,23,2025-10-17,Online,6.0,Completed
2004,253,1,35,2024-12-28,Store,3.0,Cancelled
2005,653,7,18,2025-02-25,Store,13.0,Completed
2006,716,9,28,2025-12-11,Store,3.0,Completed
2007,481,1,35,2024-11-11,Mobile,12.0,Completed
2008,845,6,23,2024-11-06,Store,7.0,Completed
2009,943,5,81,2024-11-05,Store,17.0,Completed
2010,917,10,90,2024-03-01,Mobile,18.0,Completed
2011,670,3,15,2025-07-29,Online,4.0,Cancelled
2012,654,7,31,2025-07-26,Store,2.0,Completed
2013,857,9,20,2024-04-18,Online,18.0,Cancelled
2014,112,3,70,2024-12-06,Store,8.0,Completed
2015,1031,7,51,2024-12-04,Store,2.0,Completed
2016,35,10,66,2025-12-17,Store,4.0,Completed
2017,462,1,85,2024-01-13,Store,1.0,Completed
2018,18,11,63,2024-06-04,Store,12.0,Completed
2019,760,1,85,2024-05-16,Store,2.0,Cancelled
2020,1153,4,80,2025-08-01,Online,2.0,Completed
2021,416,7,31,2024-12-24,Online,16.0,Cancelled
2022,1157,12,61,2024-01-07,Store,,Completed
2023,353,7,18,2024-05-18,Online,2.0,Completed
2024,786,11,7,2024-10-22,Online,,Completed
2025,1096,5,81,2025-01-20,Online,,Completed
2026,279,8,5,2025-08-06,Store,,Completed
2027,990,11,63,2024-11-27,Mobile,8.0,Completed
2028,1065,3,70,2025-03-18,Mobile,11.0,Completed
2029,653,2,72,2024-03-03,Mobile,4.0,Cancelled
2030,1131,9,33,2024-05-13,Online,10.0,Cancelled
2031,816,5,39,2024-05-10,Online,8.0,Completed
2032,7,12,11,2025-12-12,Store,17.0,Completed
2033,419,5,47,2024-01-22,Online,1.0,Completed
2034,683,4,45,2024-03-15,Online,,Completed
2035,558,12,4,2024-09-16,Online,18.0,Completed
2036,40,1,65,2024-09-19,Online,,Completed
2037,375,3,82,2025-06-10,Store,18.0,Cancelled
2038,295,6,41,2025-11-08,Online,2.0,Completed
2039,215,8,84,2025-11-17,Store,18.0,Completed
2040,896,1,21,2025-08-11,Online,9.0,Completed
2041,253,3,50,2025-01-12,Online,,Cancelled
2042,18,3,82,2025-12-29,Store,,Completed
2043,159,5,38,2025-04-17,Online,3.0,Completed
2044,786,5,39,2024-09-19,Online,4.0,Completed
2045,622,6,16,2024-04-17,Online,15.0,Completed
2046,825,3,50,2025-01-31,Store,6.0,Completed
2047,157,8,34,2024-02-25,Store,3.0,Completed
2048,878,10,46,2025-04-08,Online,7.0,Completed
2049,979,3,50,2025-01-04,Online,8.0,Cancelled
2050,812,3,15,2025-07-13,Store,18.0,Completed
2051,704,7,51,2024-04-13,Online,2.0,Completed
2052,418,7,51,2025-11-12,Store,17.0,Completed
2053,914,4,80,2025-09-04,Mobile,,Completed
2054,362,1,22,2024-07-01,Store,1.0,Completed
2055,230,6,32,2025-07-27,Mobile,10.0,Completed
2056,18,2,40,2024-10-15,Mobile,1.0,Completed
2057,937,10,46,2024-09-01,Online,17.0,Completed
2058,696,1,65,2024-02-23,Online,1.0,Completed
2059,1053,3,88,2025-12-08,Store,5.0,Completed
2060,1045,6,41,2025-06-20,Mobile,17.0,Completed
2061,899,10,71,2025-06-09,Store,17.0,Completed
2062,104,11,52,2025-10-10,Store,2.0,Completed
2063,585,11,56,2025-02-14,Online,17.0,Completed
2064,391,4,10,2025-08-19,Online,16.0,Completed
2065,856,4,80,2024-11-30,Online,4.0,Completed
2066,1040,8,29,2024-08-11,Store,4.0,Completed
2067,1140,3,50,2024-04-28,Online,16.0,Completed
2068,501,10,90,2024-07-14,Store,11.0,Cancelled
2069,702,4,24,2025-03-11,Store,18.0,Completed
2070,550,7,51,2024-04-05,Mobile,1.0,Completed
2071,796,7,18,2025-09-20,Mobile,12.0,Completed
2072,305,12,11,2024-06-23,Store,8.0,Completed
2073,271,8,84,2024-09-18,Online,17.0,Completed
2074,96,7,31,2025-09-14,Mobile,,Cancelled
2075,140,4,45,2025-12-10,Store,4.0,Completed
2076,629,4,10,2025-01-11,Online,8.0,Cancelled
2077,384,6,41,2024-08-25,Online,,Completed
2078,932,5,39,2025-09-11,Online,6.0,Completed
2079,1161,3,70,2025-08-21,Store,17.0,Completed
2080,417,7,51,2024-11-21,Store,9.0,Completed
2081,564,8,26,2025-07-21,Store,3.0,Completed
2082,581,1,22,2025-08-09,Online,,Completed
2083,247,2,40,2024-06-20,Online,9.0,Completed
2084,755,10,78,2025-06-26,Store,6.0,Completed
2085,1073,5,38,2025-03-29,Online,16.0,Completed
2086,172,11,7,2024-11-15,Online,,Completed
2087,705,12,11,2025-01-22,Online,1.0,Completed
2088,976,2,12,2025-12-23,Online,12.0,Completed
2089,1056,7,31,2024-04-06,Online,12.0,Completed
2090,71,4,83,2025-02-16,Mobile,11.0,Completed
2091,417,1,22,2025-08-15,Store,14.0,Completed
2092,1115,11,52,2025-04-15,Store,12.0,Completed
2093,424,7,18,2024-05-24,Online,4.0,Cancelled
2094,131,3,82,2024-04-06,Online,17.0,Cancelled
2095,513,7,18,2025-11-04,Store,5.0,Completed
2096,232,6,16,2025-07-26,Store,17.0,Completed
2097,584,12,58,2025-07-23,Store,,Completed
2098,411,4,24,2025-07-10,Store,11.0,Cancelled
2099,77,4,24,2025-04-27,Mobile,8.0,Completed
2100,51,11,56,2025-09-15,Store,15.0,Completed
2101,165,8,84,2025-02-20,Mobile,13.0,Completed
2102,804,4,80,2025-09-18,Store,3.0,Completed
2103,748,9,19,2024-12-10,Store,7.0,Completed
2104,731,11,56,2024-08-12,Online,4.0,Completed
2105,453,11,63,2024-04-22,Mobile,7.0,Cancelled
2106,406,9,37,2025-03-10,Store,6.0,Completed
2107,879,6,54,2025-09-09,Store,15.0,Completed
2108,449,12,58,2024-02-19,Store,8.0,Completed
2109,808,4,89,2025-12-13,Online,5.0,Cancelled
2110,349,7,51,2024-07-14,Online,,Completed
2111,1023,11,63,2024-12-10,Online,5.0,Completed
2112,952,10,66,2024-09-16,Mobile,12.0,Completed
2113,1175,5,62,2024-10-12,Store,15.0,Completed
2114,580,9,8,2025-05-09,Online,15.0,Completed
2115,1160,12,79,2025-02-23,Mobile,9.0,Completed
2116,1145,3,49,2024-10-17,Store,4.0,Cancelled
2117,1070,3,50,2024-04-14,Store,16.0,Cancelled
2118,456,2,40,2025-11-26,Store,2.0,Completed
2119,287,4,86,2025-03-30,Mobile,15.0,Completed
2120,1147,3,88,2024-10-25,Store,15.0,Completed
2121,279,4,80,2024-06-21,Store,14.0,Completed
2122,823,2,72,2025-04-08,Online,16.0,Completed
2123,5,6,1,2025-02-01,Online,,Completed
2124,1051,6,1,2024-01-29,Store,1.0,Completed
2125,220,7,51,2024-01-26,Store,10.0,Completed
2126,346,11,56,2025-03-24,Online,16.0,Cancelled
2127,148,6,23,2025-09-30,Store,18.0,Completed
2128,895,3,87,2025-08-11,Store,10.0,Cancelled
2129,428,2,77,2024-04-30,Store,,Completed
2130,1125,12,79,2025-12-20,Online,12.0,Completed
2131,473,5,42,2025-12-21,Mobile,8.0,Completed
2132,387,2,48,2025-05-29,Online,9.0,Cancelled
2133,691,6,41,2024-06-11,Online,6.0,Cancelled
2134,1026,5,62,2024-09-09,Store,17.0,Cancelled
2135,1170,4,10,2025-08-29,Online,1.0,Completed
2136,1147,6,54,2025-06-09,Store,,Completed
2137,68,10,90,2024-06-12,Mobile,1.0,Completed
2138,522,1,22,2025-12-03,Online,8.0,Completed
2139,1136,4,83,2025-08-03,Online,6.0,Completed
2140,590,12,58,2024-08-09,Store,14.0,Completed
2141,1081,3,50,2024-04-01,Online,15.0,Cancelled
2142,457,10,66,2024-04-03,Store,10.0,Completed
2143,507,4,6,2025-05-14,Store,,Completed
2144,56,12,79,2025-06-22,Store,12.0,Cancelled
2145,450,11,7,2024-06-14,Online,2.0,Completed
2146,89,1,65,2024-06-23,Online,15.0,Completed
2147,1106,5,81,2025-03-07,Store,9.0,Completed
2148,63,2,77,2025-06-03,Store,14.0,Completed
2149,608,4,89,2024-05-23,Store,17.0,Completed
2150,183,2,48,2025-06-29,Mobile,,Completed
2151,723,2,48,2024-09-09,Mobile,9.0,Completed
2152,52,10,71,2025-11-11,Store,14.0,Completed
2153,1191,4,83,2025-07-02,Online,1.0,Completed
2154,1182,5,60,2025-02-13,Store,4.0,Completed
2155,1156,10,71,2024-01-23,Online,8.0,Completed
2156,149,5,60,2025-12-01,Online,6.0,Completed
2157,588,11,52,2025-09-27,Online,15.0,Completed
2158,755,8,14,2024-12-10,Online,12.0,Completed
2159,879,4,45,2024-09-10,Online,18.0,Completed
2160,173,6,64,2024-05-09,Store,18.0,Completed
2161,157,3,82,2024-03-17,Store,12.0,Completed
2162,994,2,40,2025-09-15,Online,,Cancelled
2163,1198,3,50,2024-06-14,Store,15.0,Completed
2164,127,1,22,2025-02-28,Store,18.0,Completed
2165,63,4,89,2025-12-11,Store,4.0,Completed
2166,176,12,4,2025-11-19,Store,4.0,Cancelled
2167,720,7,51,2024-08-11,Store,7.0,Completed
2168,103,2,77,2024-09-19,Online,1.0,Cancelled
2169,204,5,3,2024-12-25,Online,7.0,Completed
2170,1079,2,77,2024-12-08,Store,6.0,Cancelled
2171,237,3,87,2025-02-04,Online,,Completed
2172,1113,12,11,2025-04-18,Store,13.0,Completed
2173,833,10,71,2025-03-30,Online,8.0,Completed
2174,49,9,20,2024-06-16,Mobile,14.0,Completed
2175,1149,10,90,2025-08-13,Store,,Completed
2176,949,8,84,2025-01-11,Store,16.0,Completed
2177,906,1,21,2025-07-03,Store,1.0,Completed
2178,339,12,61,2024-02-04,Store,5.0,Completed
2179,985,10,71,2024-07-31,Online,1.0,Completed
2180,805,8,69,2025-04-30,Store,15.0,Completed
2181,1119,4,80,2024-06-10,Store,13.0,Completed
2182,1076,7,31,2024-12-21,Store,4.0,Completed
2183,412,1,65,2024-05-03,Store,18.0,Completed
2184,504,6,54,2025-01-28,Store,,Completed
2185,285,1,22,2025-01-19,Mobile,8.0,Completed
2186,26,11,56,2024-03-14,Store,12.0,Completed
2187,37,3,87,2024-12-20,Store,,Completed
2188,909,6,32,2025-01-27,Store,15.0,Completed
2189,331,11,7,2024-11-19,Online,,Completed
2190,225,8,84,2025-07-23,Mobile,10.0,Completed
2191,751,5,25,2025-12-19,Store,,Completed
2192,1043,4,83,2024-11-18,Online,7.0,Completed
2193,1018,2,12,2024-09-02,Store,7.0,Completed
2194,168,11,56,2024-11-18,Online,,Cancelled
2195,910,1,73,2025-11-27,Mobile,3.0,Completed
2196,677,7,18,2025-10-04,Online,,Completed
2197,901,6,16,2025-01-12,Online,,Completed
2198,64,2,27,2025-06-13,Store,,Completed
2199,1068,7,18,2025-04-15,Online,5.0,Completed
2200,1059,4,24,2025-08-04,Online,11.0,Completed
2201,736,7,51,2024-04-17,Online,18.0,Completed
2202,998,8,75,2025-01-23,Online,,Completed
2203,785,6,41,2024-10-27,Store,2.0,Completed
2204,550,12,79,2025-06-09,Online,15.0,Completed
2205,644,11,63,2024-03-27,Mobile,,Completed
2206,397,5,25,2025-03-07,Online,16.0,Completed
2207,57,1,35,2025-11-15,Store,17.0,Cancelled
2208,295,12,58,2025-07-24,Store,2.0,Completed
2209,291,3,87,2024-11-08,Online,13.0,Completed
2210,317,4,89,2024-08-11,Mobile,5.0,Cancelled
2211,277,6,16,2024-11-03,Mobile,4.0,Cancelled
2212,882,3,88,2025-06-07,Store,14.0,Completed
2213,439,12,4,2025-12-05,Store,18.0,Cancelled
2214,1079,8,26,2025-11-23,Store,,Completed
2215,752,12,59,2024-12-09,Store,8.0,Completed
2216,135,1,30,2025-02-12,Store,4.0,Cancelled
2217,453,10,46,2024-04-06,Online,6.0,Completed
2218,925,11,7,2024-12-26,Store,6.0,Completed
2219,354,2,40,2025-07-27,Online,5.0,Completed
2220,980,10,78,2024-06-04,Online,1.0,Completed
2221,1153,1,73,2024-05-07,Online,12.0,Completed
2222,447,5,3,2024-01-27,Online,13.0,Completed
2223,884,6,64,2024-12-23,Online,18.0,Completed
2224,191,1,76,2024-07-23,Store,,Cancelled
2225,1088,6,64,2024-08-30,Online,18.0,Cancelled
2226,1159,3,49,2024-12-14,Online,5.0,Cancelled
2227,655,3,50,2024-12-02,Store,3.0,Cancelled
2228,255,1,30,2025-01-12,Mobile,8.0,Completed
2229,1194,11,7,2025-11-09,Store,4.0,Cancelled
2230,971,4,57,2025-12-12,Store,,Completed
2231,904,10,78,2025-02-23,Store,,Completed
2232,516,3,87,2025-01-30,Online,,Completed
2233,139,12,11,2025-09-21,Store,8.0,Completed
2234,64,4,80,2025-04-11,Store,12.0,Completed
2235,680,2,44,2024-06-28,Store,2.0,Completed
2236,834,8,84,2025-11-26,Online,11.0,Completed
2237,414,8,29,2024-03-28,Store,5.0,Completed
2238,261,6,54,2025-10-25,Online,6.0,Completed
2239,896,4,89,2025-10-29,Online,1.0,Completed
2240,568,11,52,2024-01-28,Store,3.0,Cancelled
2241,487,5,53,2024-05-19,Store,9.0,Completed
2242,1164,3,82,2024-10-13,Online,,Completed
2243,229,2,48,2025-10-25,Online,11.0,Completed
2244,533,7,51,2024-03-23,Store,11.0,Completed
2245,951,10,66,2025-04-10,Store,15.0,Completed
2246,113,10,46,2024-10-03,Online,3.0,Completed
2247,443,6,32,2024-04-19,Mobile,4.0,Completed
2248,114,3,15,2024-07-11,Mobile,11.0,Completed
2249,1072,3,88,2025-04-12,Online,11.0,Completed
2250,595,3,50,2025-11-28,Store,11.0,Completed
2251,252,12,11,2024-07-23,Store,17.0,Completed
2252,949,9,8,2024-12-03,Mobile,15.0,Completed
2253,1127,2,12,2025-07-07,Online,12.0,Completed
2254,583,10,78,2024-12-22,Online,13.0,Completed
2255,463,8,26,2024-03-17,Store,5.0,Cancelled
2256,95,3,82,2025-07-07,Online,2.0,Completed
2257,7,10,71,2025-12-06,Store,2.0,Cancelled
2258,1120,1,9,2024-04-19,Store,9.0,Completed
2259,76,4,36,2025-02-20,Online,7.0,Completed
2260,85,10,78,2025-10-14,Store,1.0,Completed
2261,1168,12,11,2025-05-30,Store,1.0,Cancelled
2262,998,6,17,2025-10-21,Online,5.0,Cancelled
2263,356,12,61,2025-11-05,Online,,Completed
2264,351,4,45,2025-08-23,Store,7.0,Completed
2265,645,6,64,2024-07-02,Store,,Completed
2266,698,3,49,2024-02-06,Store,10.0,Completed
2267,958,1,73,2025-07-11,Online,5.0,Cancelled
2268,614,10,90,2024-02-27,Store,6.0,Completed
2269,991,10,46,2024-03-01,Online,8.0,Completed
2270,857,5,74,2024-02-15,Store,,Completed
2271,70,11,56,2024-06-22,Store,2.0,Completed
2272,781,9,20,2024-09-16,Online,16.0,Completed
2273,470,6,17,2025-06-19,Mobile,11.0,Completed
2274,125,8,26,2025-01-30,Store,4.0,Completed
2275,961,4,24,2024-09-30,Mobile,7.0,Completed
2276,28,6,64,2024-02-03,Store,,Completed
2277,1191,6,54,2024-03-17,Store,8.0,Completed
2278,1091,6,54,2025-06-20,Online,4.0,Completed
2279,446,5,38,2025-04-21,Online,17.0,Completed
2280,1139,5,25,2024-09-02,Mobile,4.0,Completed
2281,1157,7,31,2025-11-17,Mobile,16.0,Completed
2282,121,12,4,2024-05-18,Store,13.0,Completed
2283,345,5,53,2024-04-24,Store,7.0,Completed
2284,209,5,47,2025-07-16,Mobile,9.0,Cancelled
2285,770,5,74,2025-04-29,Mobile,7.0,Completed
2286,424,5,47,2024-03-02,Online,,Completed
2287,214,7,31,2024-05-26,Mobile,17.0,Completed
2288,216,3,82,2024-11-25,Online,15.0,Completed
2289,881,4,6,2024-12-26,Online,17.0,Completed
2290,952,5,39,2025-05-07,Store,8.0,Cancelled
2291,1009,5,74,2025-03-30,Online,8.0,Completed
2292,356,9,37,2025-08-31,Online,7.0,Completed
2293,330,9,8,2025-09-26,Online,9.0,Cancelled
2294,855,11,56,2024-11-27,Store,18.0,Completed
2295,699,1,76,2024-10-12,Store,7.0,Completed
2296,507,1,65,2025-06-06,Store,7.0,Completed
2297,543,4,10,2024-02-08,Online,,Completed
2298,1042,1,85,2025-09-01,Online,5.0,Completed
2299,1144,7,31,2025-11-24,Mobile,9.0,Completed
2300,946,2,72,2025-08-24,Online,7.0,Completed
2301,10,5,3,2025-12-21,Online,4.0,Cancelled
2302,252,12,43,2024-09-06,Store,,Cancelled
2303,377,7,31,2024-11-25,Online,1.0,Completed
2304,348,7,55,2025-12-16,Store,15.0,Completed
2305,1054,2,72,2024-01-29,Mobile,14.0,Completed
2306,1067,1,76,2025-08-20,Online,17.0,Completed
2307,392,8,34,2024-02-21,Online,,Completed
2308,407,4,86,2024-02-16,Store,4.0,Completed
2309,14,6,23,2024-03-01,Store,2.0,Completed
2310,973,5,53,2025-05-01,Mobile,12.0,Completed
2311,983,4,83,2024-03-14,Store,18.0,Completed
2312,780,8,29,2025-12-01,Store,4.0,Cancelled
2313,830,10,71,2024-11-23,Mobile,,Completed
2314,211,2,27,2024-02-27,Online,5.0,Completed
2315,409,9,28,2025-11-10,Online,12.0,Completed
2316,463,10,78,2024-01-18,Store,9.0,Cancelled
2317,407,10,71,2024-11-24,Store,3.0,Completed
2318,786,8,29,2025-03-09,Store,,Cancelled
2319,939,3,70,2025-02-28,Online,,Completed
2320,200,3,87,2024-11-06,Online,5.0,Completed
2321,952,10,66,2025-01-22,Online,2.0,Completed
2322,353,4,57,2025-03-26,Store,6.0,Cancelled
2323,94,5,60,2025-08-16,Online,4.0,Cancelled
2324,887,3,88,2025-03-14,Store,11.0,Cancelled
2325,113,12,43,2024-05-16,Online,16.0,Completed
2326,461,12,59,2025-01-07,Online,12.0,Completed
2327,487,5,39,2025-06-03,Store,15.0,Cancelled
2328,777,6,16,2025-03-07,Store,1.0,Completed
2329,650,3,15,2025-08-08,Mobile,11.0,Completed
2330,265,6,41,2025-05-11,Store,13.0,Completed
2331,599,1,85,2024-04-08,Online,,Completed
2332,169,5,60,2024-10-04,Store,13.0,Completed
2333,4,4,10,2025-09-15,Mobile,12.0,Cancelled
2334,619,4,36,2024-08-21,Store,18.0,Completed
2335,187,4,36,2024-09-22,Mobile,5.0,Completed
2336,1159,6,17,2025-01-24,Online,9.0,Completed
2337,118,7,51,2025-11-10,Store,,Completed
2338,359,10,66,2025-05-31,Online,15.0,Completed
2339,859,6,1,2025-10-19,Store,4.0,Completed
2340,116,11,52,2024-12-10,Mobile,15.0,Cancelled
2341,666,2,48,2024-10-30,Mobile,,Completed
2342,594,7,18,2025-04-18,Online,17.0,Completed
2343,345,9,8,2025-09-16,Store,,Cancelled
2344,361,8,5,2024-07-28,Online,16.0,Completed
2345,605,8,75,2024-12-30,Store,4.0,Completed
2346,947,12,58,2025-12-17,Mobile,16.0,Completed
2347,755,11,7,2024-06-22,Store,,Completed
2348,8,6,17,2024-10-09,Store,3.0,Completed
2349,113,6,1,2024-06-03,Mobile,12.0,Completed
2350,33,12,4,2024-03-29,Online,11.0,Completed
2351,675,5,62,2025-11-23,Online,10.0,Completed
2352,848,12,79,2024-04-17,Store,4.0,Completed
2353,540,9,28,2024-08-21,Mobile,3.0,Completed
2354,266,1,9,2025-09-11,Online,9.0,Completed
2355,73,9,33,2025-10-08,Store,9.0,Completed
2356,279,10,66,2025-08-18,Online,5.0,Completed
2357,64,12,58,2024-11-27,Store,15.0,Completed
2358,237,9,33,2024-10-06,Store,3.0,Completed
2359,229,4,86,2025-04-30,Store,15.0,Completed
2360,194,9,2,2024-09-12,Store,,Completed
2361,373,1,65,2024-11-18,Online,,Completed
2362,700,1,22,2024-09-19,Store,7.0,Completed
2363,884,1,21,2024-07-18,Online,2.0,Cancelled
2364,218,11,56,2024-09-21,Store,,Completed
2365,1118,12,11,2024-01-17,Online,2.0,Completed
2366,1196,11,52,2024-04-27,Online,9.0,Completed
2367,564,11,56,2025-10-28,Store,13.0,Completed
2368,1052,10,78,2025-01-20,Mobile,3.0,Completed
2369,688,7,55,2025-12-29,Online,7.0,Completed
2370,309,10,71,2025-05-27,Online,1.0,Cancelled
2371,967,9,68,2024-02-29,Store,1.0,Completed
2372,1110,2,27,2025-10-19,Online,,Completed
2373,641,11,63,2025-12-06,Online,9.0,Completed
2374,1007,9,20,2025-08-05,Mobile,14.0,Completed
2375,284,8,69,2024-05-02,Online,15.0,Completed
2376,865,2,40,2024-06-10,Online,1.0,Completed
2377,490,2,72,2024-01-20,Store,14.0,Completed
2378,695,12,61,2024-09-26,Store,11.0,Completed
2379,619,8,69,2025-08-29,Store,3.0,Cancelled
2380,695,2,12,2024-09-20,Mobile,16.0,Cancelled
2381,695,3,49,2025-07-22,Store,16.0,Completed
2382,500,8,34,2024-04-17,Store,11.0,Cancelled
2383,1183,4,45,2024-01-06,Store,14.0,Completed
2384,109,7,55,2025-07-21,Online,18.0,Completed
2385,917,11,56,2025-03-28,Online,1.0,Cancelled
2386,3,11,7,2025-08-30,Store,5.0,Completed
2387,653,11,63,2024-12-29,Mobile,15.0,Cancelled
2388,1108,7,51,2024-06-24,Store,,Completed
2389,808,10,90,2024-01-27,Online,8.0,Completed
2390,285,2,12,2025-10-16,Mobile,,Completed
2391,86,3,82,2025-05-25,Store,16.0,Completed
2392,465,8,14,2024-06-25,Online,13.0,Completed
2393,491,1,65,2024-10-15,Store,,Completed
2394,956,5,81,2025-04-24,Store,12.0,Cancelled
2395,612,1,76,2024-04-15,Store,1.0,Completed
2396,1156,7,18,2024-09-21,Store,9.0,Completed
2397,181,9,20,2024-09-26,Store,10.0,Completed
2398,16,4,57,2024-03-22,Store,3.0,Completed
2399,587,7,18,2024-07-15,Store,17.0,Completed
2400,1187,3,87,2025-08-18,Store,1.0,Completed
2401,216,7,18,2025-06-06,Store,7.0,Completed
2402,787,10,71,2024-05-01,Mobile,,Completed
2403,527,4,10,2024-09-25,Store,6.0,Completed
2404,257,8,26,2024-12-20,Online,14.0,Cancelled
2405,475,12,11,2025-10-05,Store,,Completed
2406,1071,7,51,2025-12-06,Store,,Completed
2407,412,12,11,2025-11-22,Online,2.0,Completed
2408,991,11,52,2025-05-20,Store,9.0,Cancelled
2409,52,9,20,2025-11-11,Store,4.0,Completed
2410,472,9,20,2024-07-02,Online,1.0,Completed
2411,214,11,63,2024-07-10,Online,18.0,Cancelled
2412,215,4,80,2025-06-27,Store,,Completed
2413,1193,10,78,2024-02-22,Online,,Completed
2414,1120,1,22,2024-07-12,Store,1.0,Completed
2415,355,9,20,2025-09-11,Online,,Cancelled
2416,1195,2,27,2025-01-21,Online,10.0,Completed
2417,1095,4,10,2024-09-22,Store,12.0,Completed
2418,169,1,76,2024-09-14,Mobile,13.0,Cancelled
2419,573,2,48,2024-12-15,Store,4.0,Completed
2420,655,3,87,2025-01-04,Mobile,1.0,Completed
2421,619,9,20,2025-03-10,Store,13.0,Completed
2422,326,8,5,2025-12-05,Online,3.0,Completed
2423,486,6,32,2025-04-30,Store,1.0,Cancelled
2424,614,2,77,2024-08-21,Mobile,,Completed
2425,214,11,63,2024-01-13,Online,14.0,Completed
2426,907,7,55,2025-02-04,Online,8.0,Completed
2427,469,10,90,2024-05-13,Store,1.0,Completed
2428,573,5,3,2024-03-01,Store,6.0,Completed
2429,271,2,77,2025-12-11,Online,,Cancelled
2430,967,7,18,2025-05-18,Mobile,11.0,Completed
2431,1049,5,3,2025-09-06,Online,16.0,Completed
2432,1171,9,37,2024-02-24,Store,7.0,Completed
2433,888,9,20,2024-07-05,Online,2.0,Completed
2434,19,3,50,2025-05-21,Mobile,6.0,Completed
2435,861,9,37,2024-05-03,Store,,Completed
2436,986,2,27,2025-03-06,Online,4.0,Cancelled
2437,249,11,52,2025-07-28,Store,9.0,Completed
2438,578,8,34,2025-08-20,Online,13.0,Completed
2439,1197,3,82,2025-06-19,Store,13.0,Completed
2440,402,2,72,2025-06-23,Online,7.0,Completed
2441,518,2,44,2025-05-28,Store,,Completed
2442,690,6,17,2024-02-08,Mobile,4.0,Completed
2443,752,1,13,2024-05-07,Online,10.0,Cancelled
2444,661,10,90,2024-11-13,Store,4.0,Completed
2445,733,5,39,2025-08-19,Online,,Cancelled
2446,294,11,52,2025-04-22,Online,13.0,Completed
2447,1125,4,89,2025-03-18,Online,,Completed
2448,537,11,56,2025-12-30,Online,17.0,Completed
2449,222,2,27,2024-03-07,Store,18.0,Completed
2450,413,11,7,2024-04-28,Online,6.0,Cancelled
2451,136,3,82,2025-05-23,Mobile,5.0,Completed
2452,135,4,6,2024-09-16,Store,6.0,Cancelled
2453,1018,4,57,2025-09-20,Mobile,17.0,Completed
2454,686,7,51,2025-06-13,Online,12.0,Cancelled
2455,168,1,13,2024-07-31,Mobile,1.0,Cancelled
2456,583,4,36,2025-02-27,Online,17.0,Completed
2457,601,3,50,2024-09-27,Store,,Completed
2458,357,10,90,2024-04-15,Online,10.0,Completed
2459,851,5,25,2024-09-20,Online,18.0,Completed
2460,208,6,16,2025-02-17,Online,8.0,Completed
2461,665,7,55,2025-05-20,Store,5.0,Cancelled
2462,23,1,35,2024-09-13,Store,14.0,Completed
2463,1194,3,15,2024-10-12,Mobile,18.0,Completed
2464,359,11,63,2024-08-29,Online,5.0,Completed
2465,834,1,21,2024-07-21,Online,12.0,Completed
2466,828,12,43,2025-02-06,Mobile,8.0,Completed
2467,710,8,34,2025-01-06,Mobile,12.0,Completed
2468,115,1,85,2025-12-17,Store,7.0,Completed
2469,301,4,10,2025-01-01,Online,,Completed
2470,578,7,55,2025-07-04,Store,,Cancelled
2471,799,4,24,2025-01-05,Store,13.0,Completed
2472,564,10,71,2025-02-05,Store,11.0,Completed
2473,221,12,61,2025-11-14,Store,15.0,Completed
2474,255,11,63,2025-02-15,Online,15.0,Completed
2475,289,4,6,2025-05-19,Store,6.0,Completed
2476,301,6,1,2025-03-20,Mobile,8.0,Completed
2477,908,7,55,2024-06-04,Store,2.0,Cancelled
2478,912,12,4,2025-09-05,Store,16.0,Completed
2479,856,6,54,2024-08-06,Online,17.0,Completed
2480,1148,10,71,2024-11-17,Store,2.0,Completed
2481,582,4,83,2025-10-10,Store,13.0,Completed
2482,605,7,18,2025-10-31,Online,2.0,Cancelled
2483,876,1,21,2025-02-01,Store,10.0,Completed
2484,149,11,52,2025-08-20,Store,8.0,Completed
2485,432,2,72,2025-03-06,Mobile,2.0,Completed
2486,504,8,34,2025-12-22,Store,17.0,Cancelled
2487,1151,4,83,2024-03-30,Store,,Completed
2488,755,12,79,2024-12-22,Online,14.0,Completed
2489,890,2,48,2025-01-13,Online,1.0,Completed
2490,152,7,55,2024-08-02,Store,17.0,Completed
2491,719,12,11,2024-07-04,Online,1.0,Completed
2492,123,8,84,2024-06-02,Store,15.0,Completed
2493,448,4,89,2025-02-14,Store,9.0,Completed
2494,863,2,72,2024-12-18,Store,3.0,Completed
2495,864,6,16,2025-05-07,Online,6.0,Completed
2496,456,10,46,2025-07-05,Store,18.0,Completed
2497,1157,9,33,2024-11-29,Store,13.0,Completed
2498,535,12,59,2025-08-13,Online,6.0,Completed
2499,705,3,87,2025-09-04,Store,13.0,Completed
2500,151,7,31,2024-12-24,Store,2.0,Completed
2501,942,1,65,2025-04-27,Mobile,7.0,Completed
2502,363,3,82,2024-12-21,Store,12.0,Completed
2503,488,12,11,2024-05-27,Store,2.0,Completed
2504,1056,8,5,2024-07-11,Store,,Completed
2505,574,10,66,2025-02-09,Store,15.0,Completed
2506,972,10,66,2024-03-11,Online,10.0,Cancelled
2507,431,11,52,2024-07-12,Online,5.0,Completed
2508,733,1,76,2025-11-12,Store,17.0,Completed
2509,115,6,54,2025-07-09,Store,17.0,Completed
2510,248,6,16,2025-09-09,Online,11.0,Completed
2511,1125,9,20,2024-12-07,Store,9.0,Completed
2512,398,4,10,2024-09-08,Mobile,12.0,Completed
2513,58,6,23,2025-12-21,Online,4.0,Completed
2514,115,11,63,2024-01-21,Online,18.0,Completed
2515,546,3,49,2025-04-25,Online,6.0,Completed
2516,912,9,37,2024-02-02,Online,11.0,Completed
2517,926,2,44,2024-03-17,Store,,Completed
2518,629,4,10,2025-04-17,Store,9.0,Completed
2519,1180,7,51,2025-01-02,Store,16.0,Completed
2520,617,1,35,2024-07-10,Store,17.0,Completed
2521,1029,9,20,2025-03-11,Store,14.0,Completed
2522,497,3,50,2025-07-11,Online,18.0,Completed
2523,1194,9,37,2025-09-17,Online,15.0,Cancelled
2524,1012,6,32,2025-12-26,Store,2.0,Cancelled
2525,348,8,14,2025-12-09,Mobile,6.0,Completed
2526,351,5,60,2024-08-18,Store,13.0,Completed
2527,21,5,74,2024-01-10,Online,18.0,Cancelled
2528,310,2,48,2025-03-31,Online,6.0,Cancelled
2529,768,7,18,2025-07-02,Store,12.0,Completed
2530,501,10,46,2025-04-03,Mobile,,Completed
2531,906,9,20,2024-10-17,Store,13.0,Completed
2532,165,12,4,2024-10-10,Online,,Cancelled
2533,108,4,86,2025-05-06,Online,14.0,Completed
2534,1183,5,38,2024-05-26,Mobile,16.0,Completed
2535,541,8,34,2024-09-20,Online,5.0,Completed
2536,1101,1,73,2024-07-04,Online,13.0,Cancelled
2537,639,6,23,2024-06-15,Store,,Completed
2538,88,8,29,2025-08-24,Store,7.0,Completed
2539,1086,7,18,2025-02-09,Online,10.0,Completed
2540,863,2,77,2024-08-05,Online,,Completed
2541,305,11,56,2024-09-15,Store,17.0,Completed
2542,232,5,74,2025-12-10,Mobile,5.0,Cancelled
2543,110,9,28,2024-01-07,Store,,Cancelled
2544,220,7,31,2024-08-14,Online,11.0,Completed
2545,615,7,51,2024-05-10,Store,13.0,Completed
2546,117,2,12,2025-05-17,Online,,Completed
2547,658,4,45,2025-10-14,Online,6.0,Cancelled
2548,286,7,18,2025-06-26,Store,1.0,Completed
2549,540,5,42,2025-09-25,Store,11.0,Completed
2550,268,2,44,2024-12-26,Mobile,18.0,Completed
2551,933,7,55,2024-08-10,Online,14.0,Completed
2552,64,10,66,2024-05-14,Online,8.0,Cancelled
2553,475,9,8,2025-11-19,Online,7.0,Completed
2554,1200,5,25,2024-10-01,Store,5.0,Completed
2555,140,2,40,2025-01-05,Store,5.0,Completed
2556,736,1,13,2025-05-29,Mobile,5.0,Completed
2557,991,5,47,2025-04-30,Mobile,8.0,Cancelled
2558,292,7,31,2024-04-05,Store,4.0,Completed
2559,919,4,83,2024-10-07,Store,17.0,Cancelled
2560,877,12,59,2024-05-01,Store,15.0,Completed
2561,37,6,23,2025-01-18,Mobile,10.0,Completed
2562,308,1,21,2024-07-21,Store,1.0,Completed
2563,644,2,12,2025-02-07,Online,16.0,Completed
2564,251,9,68,2025-08-23,Online,5.0,Completed
2565,600,5,42,2025-08-14,Store,14.0,Completed
2566,1082,12,61,2024-12-02,Store,10.0,Completed
2567,1186,6,32,2024-06-25,Online,13.0,Completed
2568,896,4,89,2024-08-28,Online,,Completed
2569,908,11,63,2024-03-26,Online,12.0,Completed
2570,402,6,41,2024-07-05,Store,5.0,Completed
2571,98,8,5,2024-10-06,Store,13.0,Cancelled
2572,1125,2,44,2024-04-18,Mobile,8.0,Completed
2573,844,8,29,2024-03-11,Mobile,,Completed
2574,1137,1,22,2025-11-19,Store,4.0,Completed
2575,79,5,67,2025-09-03,Mobile,4.0,Completed
2576,1145,4,36,2024-11-16,Online,17.0,Cancelled
2577,1167,7,18,2024-03-15,Store,6.0,Cancelled
2578,603,11,63,2025-01-30,Online,3.0,Completed
2579,1181,7,18,2024-07-01,Online,11.0,Completed
2580,102,12,43,2025-11-07,Store,4.0,Cancelled
2581,930,12,43,2024-12-28,Mobile,7.0,Completed
2582,2,5,62,2025-08-31,Mobile,12.0,Completed
2583,377,5,47,2024-04-30,Online,14.0,Completed
2584,527,4,10,2024-07-25,Store,12.0,Completed
2585,280,11,56,2025-02-24,Mobile,7.0,Cancelled
2586,215,9,8,2025-03-31,Mobile,17.0,Cancelled
2587,895,9,8,2025-07-14,Mobile,3.0,Completed
2588,548,11,56,2024-12-12,Store,4.0,Completed
2589,687,4,6,2024-06-09,Mobile,7.0,Completed
2590,22,2,40,2025-04-26,Store,12.0,Completed
2591,736,8,5,2025-12-07,Mobile,,Completed
2592,608,5,39,2025-01-09,Store,8.0,Completed
2593,677,1,22,2024-04-05,Mobile,7.0,Cancelled
2594,765,11,7,2024-11-20,Store,3.0,Completed
2595,573,10,90,2024-06-13,Online,1.0,Completed
2596,800,7,18,2024-08-03,Store,17.0,Cancelled
2597,398,5,62,2025-06-01,Store,11.0,Completed
2598,67,1,35,2024-02-01,Store,16.0,Cancelled
2599,388,10,66,2024-05-26,Store,6.0,Completed
2600,73,10,66,2024-10-29,Online,13.0,Completed
2601,265,3,49,2025-05-22,Online,15.0,Cancelled
2602,279,6,1,2025-03-07,Mobile,15.0,Completed
2603,322,5,38,2024-09-21,Online,4.0,Completed
2604,292,6,64,2025-09-07,Online,7.0,Completed
2605,517,7,55,2024-05-25,Online,3.0,Cancelled
2606,377,3,50,2024-07-21,Store,6.0,Completed
2607,391,10,71,2024-02-24,Store,4.0,Completed
2608,621,3,87,2024-04-26,Store,4.0,Completed
2609,109,10,78,2024-05-16,Mobile,7.0,Completed
2610,63,6,32,2025-03-08,Online,9.0,Completed
2611,173,7,31,2024-01-20,Store,11.0,Completed
2612,921,2,77,2024-09-16,Online,,Completed
2613,748,1,9,2024-09-30,Store,11.0,Completed
2614,610,6,17,2025-07-21,Online,8.0,Completed
2615,958,2,48,2025-05-19,Mobile,13.0,Completed
2616,797,7,55,2025-03-05,Online,7.0,Completed
2617,1194,12,4,2025-06-14,Online,4.0,Completed
2618,529,4,86,2025-08-24,Store,2.0,Completed
2619,659,10,71,2024-08-25,Online,,Cancelled
2620,856,7,31,2024-06-24,Store,,Completed
2621,616,3,15,2025-07-08,Store,3.0,Completed
2622,866,6,16,2024-01-11,Store,11.0,Completed
2623,550,9,19,2025-07-29,Store,,Completed
2624,1181,10,46,2025-06-08,Store,11.0,Completed
2625,134,4,86,2024-11-17,Online,12.0,Completed
2626,137,8,14,2024-01-30,Online,10.0,Completed
2627,148,4,45,2025-08-13,Store,15.0,Completed
2628,80,11,7,2025-08-01,Mobile,4.0,Completed
2629,952,9,33,2025-01-28,Online,9.0,Cancelled
2630,205,5,42,2024-02-27,Online,3.0,Completed
2631,1188,2,72,2025-01-16,Store,,Cancelled
2632,57,7,51,2024-05-18,Online,10.0,Completed
2633,394,8,5,2025-03-21,Online,,Completed
2634,871,3,70,2025-08-06,Mobile,2.0,Completed
2635,675,2,48,2024-02-06,Store,5.0,Completed
2636,602,5,42,2025-07-29,Store,3.0,Completed
2637,780,9,33,2024-08-01,Store,14.0,Completed
2638,1073,11,63,2025-03-20,Online,1.0,Completed
2639,1106,1,21,2025-08-10,Online,14.0,Completed
2640,231,10,66,2024-08-07,Store,10.0,Cancelled
2641,472,9,33,2024-05-24,Online,9.0,Completed
2642,771,4,83,2025-04-23,Online,14.0,Cancelled
2643,929,7,31,2025-12-11,Store,4.0,Completed
2644,831,8,5,2024-09-03,Store,9.0,Completed
2645,644,5,39,2024-03-11,Store,18.0,Cancelled
2646,63,1,30,2025-10-20,Store,8.0,Completed
2647,409,1,9,2025-04-15,Online,13.0,Completed
2648,159,11,63,2024-11-11,Store,,Completed
2649,150,2,72,2024-08-03,Online,16.0,Completed
2650,904,7,55,2024-04-25,Online,,Completed
2651,210,8,34,2024-11-27,Store,12.0,Completed
2652,978,6,23,2024-04-01,Store,,Completed
2653,942,10,90,2025-12-01,Store,2.0,Completed
2654,1140,10,66,2025-12-16,Store,12.0,Completed
2655,101,3,15,2024-08-08,Online,4.0,Cancelled
2656,643,1,21,2024-01-29,Online,16.0,Completed
2657,682,7,55,2025-06-23,Mobile,9.0,Completed
2658,1148,4,45,2025-12-26,Online,15.0,Cancelled
2659,119,9,8,2025-12-09,Store,10.0,Completed
2660,575,5,38,2024-11-09,Mobile,2.0,Completed
2661,415,9,37,2025-12-21,Store,,Completed
2662,220,6,16,2024-10-07,Store,3.0,Completed
2663,490,7,18,2025-04-04,Online,2.0,Completed
2664,1060,11,63,2025-01-14,Store,,Completed
2665,1042,11,52,2024-02-04,Store,6.0,Completed
2666,264,12,79,2025-11-29,Store,,Completed
2667,58,1,76,2024-05-10,Store,8.0,Cancelled
2668,911,4,6,2024-10-18,Store,7.0,Completed
2669,698,3,88,2024-06-16,Online,14.0,Completed
2670,766,10,78,2025-09-05,Online,3.0,Cancelled
2671,1001,3,50,2024-01-15,Store,13.0,Completed
2672,671,8,75,2024-03-31,Online,16.0,Completed
2673,772,2,40,2024-12-01,Store,,Completed
2674,622,7,51,2025-08-28,Online,4.0,Completed
2675,1117,5,25,2024-07-13,Online,3.0,Cancelled
2676,382,2,72,2025-03-22,Store,10.0,Completed
2677,426,10,78,2025-12-18,Online,8.0,Cancelled
2678,883,5,47,2024-11-10,Store,8.0,Completed
2679,1032,12,11,2024-01-26,Online,,Completed
2680,714,8,29,2025-09-02,Online,,Completed
2681,324,11,56,2024-09-20,Mobile,5.0,Completed
2682,1081,12,4,2025-03-22,Store,2.0,Completed
2683,12,2,77,2024-08-21,Online,16.0,Completed
2684,666,11,52,2025-04-25,Online,,Completed
2685,732,11,56,2024-08-18,Online,13.0,Completed
2686,61,1,85,2025-12-13,Store,8.0,Completed
2687,128,1,35,2024-04-26,Store,10.0,Completed
2688,52,9,28,2025-08-16,Mobile,13.0,Completed
2689,319,1,9,2024-01-31,Mobile,4.0,Completed
2690,482,10,66,2025-12-24,Mobile,18.0,Completed
2691,968,3,15,2025-05-14,Store,12.0,Completed
2692,542,1,76,2025-06-12,Store,10.0,Completed
2693,114,10,46,2025-02-08,Online,,Completed
2694,1057,12,43,2024-01-07,Mobile,3.0,Completed
2695,219,4,24,2025-12-21,Store,11.0,Completed
2696,974,3,70,2024-01-22,Online,18.0,Completed
2697,1158,2,72,2024-11-16,Store,9.0,Completed
2698,268,7,18,2025-09-24,Mobile,2.0,Completed
2699,856,11,56,2024-07-04,Online,6.0,Completed
2700,42,10,71,2025-04-30,Online,4.0,Completed
2701,405,2,12,2025-09-19,Mobile,12.0,Cancelled
2702,979,4,83,2024-12-02,Store,14.0,Completed
2703,1113,5,39,2024-07-04,Online,13.0,Cancelled
2704,329,6,23,2025-07-19,Online,18.0,Completed
2705,943,11,63,2024-07-06,Store,1.0,Completed
2706,366,8,5,2025-01-24,Store,11.0,Completed
2707,557,3,15,2025-08-24,Online,1.0,Completed
2708,609,2,77,2024-12-14,Store,8.0,Completed
2709,1168,2,27,2024-09-02,Online,11.0,Completed
2710,93,3,70,2024-10-07,Online,,Completed
2711,1118,9,28,2024-02-10,Store,,Cancelled
2712,83,2,12,2024-07-28,Online,14.0,Completed
2713,971,7,55,2024-11-26,Online,17.0,Cancelled
2714,1128,9,20,2025-08-24,Store,7.0,Completed
2715,1192,6,1,2024-02-08,Store,17.0,Completed
2716,839,10,66,2025-08-18,Store,8.0,Completed
2717,246,12,61,2025-04-26,Mobile,7.0,Completed
2718,552,5,81,2025-05-13,Store,,Completed
2719,487,2,77,2025-05-26,Store,18.0,Cancelled
2720,932,4,83,2024-11-30,Mobile,10.0,Completed
2721,1122,9,2,2024-10-30,Store,16.0,Cancelled
2722,1118,1,9,2025-02-25,Mobile,18.0,Cancelled
2723,207,7,18,2024-06-02,Online,12.0,Cancelled
2724,290,5,25,2024-09-28,Online,15.0,Completed
2725,417,4,36,2024-07-23,Online,,Cancelled
2726,1094,4,57,2024-03-07,Mobile,5.0,Completed
2727,1165,4,57,2025-04-22,Online,4.0,Completed
2728,78,3,87,2024-08-16,Online,12.0,Completed
2729,1187,11,56,2025-02-04,Store,12.0,Completed
2730,857,1,65,2025-08-20,Online,16.0,Completed
2731,1127,10,66,2025-09-04,Store,11.0,Completed
2732,1047,5,39,2024-06-28,Store,13.0,Completed
2733,775,3,88,2024-09-01,Online,8.0,Completed
2734,1021,12,58,2024-09-19,Store,16.0,Completed
2735,306,9,19,2024-04-03,Online,18.0,Completed
2736,622,2,27,2024-10-14,Store,14.0,Cancelled
2737,430,3,49,2024-06-09,Store,9.0,Completed
2738,442,2,40,2025-02-25,Online,11.0,Cancelled
2739,310,3,70,2024-08-01,Online,11.0,Completed
2740,944,9,2,2024-06-22,Store,16.0,Completed
2741,1144,8,26,2024-04-07,Online,,Completed
2742,817,8,75,2025-11-08,Store,4.0,Completed
2743,444,5,74,2025-07-25,Online,14.0,Completed
2744,611,2,40,2024-01-17,Online,3.0,Completed
2745,959,4,24,2024-04-22,Online,12.0,Completed
2746,955,11,56,2024-09-06,Store,,Completed
2747,995,9,19,2024-09-10,Mobile,10.0,Cancelled
2748,89,6,54,2025-11-10,Online,,Completed
2749,652,12,4,2024-04-24,Mobile,1.0,Cancelled
2750,1004,2,40,2025-11-22,Online,,Completed
2751,415,5,39,2025-03-14,Online,16.0,Completed
2752,319,10,78,2025-01-12,Store,,Completed
2753,914,3,49,2025-01-11,Online,15.0,Completed
2754,168,10,78,2024-01-19,Store,7.0,Completed
2755,1110,7,55,2025-03-08,Online,9.0,Completed
2756,129,8,29,2025-09-17,Online,18.0,Completed
2757,1166,10,78,2025-07-20,Online,11.0,Completed
2758,34,3,87,2024-09-05,Online,8.0,Cancelled
2759,734,6,17,2025-04-29,Store,10.0,Completed
2760,26,7,31,2025-04-23,Store,10.0,Completed
2761,911,1,73,2024-08-03,Online,6.0,Completed
2762,520,8,75,2025-06-12,Store,14.0,Completed
2763,53,9,8,2024-06-20,Online,,Completed
2764,478,2,72,2024-11-03,Online,7.0,Completed
2765,1170,8,26,2025-04-09,Store,3.0,Completed
2766,1001,2,77,2025-05-10,Online,2.0,Completed
2767,784,12,59,2024-10-02,Mobile,17.0,Cancelled
2768,561,11,63,2024-03-19,Online,18.0,Completed
2769,130,4,89,2025-09-04,Online,,Completed
2770,922,11,63,2025-12-04,Mobile,12.0,Completed
2771,1188,5,60,2025-12-03,Store,10.0,Cancelled
2772,436,2,27,2025-11-25,Online,11.0,Cancelled
2773,409,5,3,2024-01-21,Store,,Completed
2774,613,5,53,2025-09-01,Online,9.0,Completed
2775,508,10,90,2025-07-09,Store,10.0,Completed
2776,816,10,90,2025-11-20,Mobile,13.0,Completed
2777,256,5,39,2025-01-27,Store,15.0,Completed
2778,1016,4,45,2025-02-21,Online,18.0,Completed
2779,650,11,52,2025-05-22,Store,16.0,Completed
2780,878,4,89,2025-12-28,Store,,Cancelled
2781,511,7,31,2025-06-12,Store,18.0,Cancelled
2782,194,9,37,2025-11-12,Store,2.0,Completed
2783,965,8,26,2025-07-15,Online,15.0,Completed
2784,1048,1,9,2025-08-08,Online,12.0,Completed
2785,691,5,39,2025-11-11,Online,3.0,Completed
2786,618,9,33,2025-05-12,Store,4.0,Completed
2787,626,3,49,2025-10-13,Store,6.0,Completed
2788,418,3,87,2024-03-14,Store,7.0,Completed
2789,1093,7,51,2024-12-10,Store,13.0,Completed
2790,1020,1,65,2025-12-20,Mobile,10.0,Cancelled
2791,32,7,55,2025-03-04,Store,13.0,Cancelled
2792,816,10,66,2025-12-11,Store,16.0,Cancelled
2793,426,8,5,2025-04-17,Online,1.0,Cancelled
2794,524,11,52,2024-05-30,Online,10.0,Completed
2795,1147,9,19,2024-09-15,Online,3.0,Completed
2796,676,1,85,2025-07-06,Mobile,1.0,Completed
2797,465,4,86,2024-11-30,Mobile,12.0,Completed
2798,1141,11,56,2025-08-12,Online,18.0,Cancelled
2799,327,7,18,2024-01-18,Store,3.0,Cancelled
2800,763,9,20,2025-04-02,Online,1.0,Completed
2801,759,5,67,2024-08-29,Store,12.0,Completed
2802,230,4,6,2024-10-10,Store,4.0,Cancelled
2803,951,12,43,2024-09-15,Store,15.0,Completed
2804,815,3,49,2024-01-14,Store,,Completed
2805,806,3,88,2024-12-14,Store,10.0,Completed
2806,58,1,21,2025-04-17,Online,15.0,Completed
2807,353,9,33,2025-10-25,Store,1.0,Completed
2808,400,12,4,2025-12-06,Store,2.0,Completed
2809,1031,12,61,2024-04-17,Online,14.0,Completed
2810,682,5,3,2024-10-01,Online,12.0,Completed
2811,7,5,39,2025-04-05,Online,10.0,Completed
2812,814,3,88,2025-01-23,Online,18.0,Cancelled
2813,457,3,87,2025-08-17,Online,15.0,Completed
2814,540,8,14,2025-06-13,Store,15.0,Completed
2815,522,5,74,2025-09-05,Store,,Completed
2816,461,11,7,2024-04-13,Store,3.0,Cancelled
2817,746,1,22,2025-11-18,Online,7.0,Completed
2818,523,8,75,2024-08-22,Online,12.0,Completed
2819,565,4,24,2025-08-19,Store,18.0,Cancelled
2820,1193,7,31,2025-01-31,Online,16.0,Completed
2821,185,5,60,2024-02-10,Online,17.0,Completed
2822,1011,7,18,2025-09-08,Online,8.0,Cancelled
2823,1029,7,51,2024-08-15,Online,,Completed
2824,1055,11,7,2024-05-07,Store,11.0,Cancelled
2825,664,1,35,2025-08-13,Store,10.0,Cancelled
2826,304,3,82,2025-06-10,Online,,Completed
2827,22,11,7,2025-07-03,Store,9.0,Completed
2828,996,3,82,2024-09-10,Online,15.0,Cancelled
2829,1194,6,64,2024-05-31,Mobile,9.0,Cancelled
2830,991,7,18,2024-01-30,Online,15.0,Completed
2831,1042,1,65,2024-10-20,Online,4.0,Cancelled
2832,915,11,56,2025-11-05,Store,6.0,Completed
2833,6,1,76,2025-06-01,Store,8.0,Completed
2834,1016,5,67,2025-04-09,Online,18.0,Completed
2835,1155,5,39,2024-11-13,Online,8.0,Completed
2836,973,11,56,2024-03-29,Store,12.0,Completed
2837,1090,3,49,2025-09-09,Store,7.0,Cancelled
2838,1129,1,21,2024-03-04,Online,1.0,Completed
2839,567,5,81,2025-10-04,Store,8.0,Completed
2840,129,6,17,2025-03-14,Online,9.0,Completed
2841,912,8,5,2025-07-14,Store,8.0,Completed
2842,999,10,90,2024-06-27,Online,8.0,Cancelled
2843,1194,11,52,2024-11-28,Store,15.0,Completed
2844,608,9,2,2024-12-17,Online,,Completed
2845,731,11,7,2025-01-29,Store,8.0,Completed
2846,483,11,7,2025-09-07,Online,2.0,Cancelled
2847,827,12,79,2024-04-08,Store,6.0,Cancelled
2848,973,1,76,2025-02-17,Online,18.0,Completed
2849,374,5,39,2025-06-15,Store,1.0,Completed
2850,38,1,35,2024-10-31,Store,4.0,Completed
2851,1052,4,6,2025-07-01,Mobile,14.0,Completed
2852,1134,9,68,2025-06-11,Online,14.0,Completed
2853,907,12,58,2024-08-08,Mobile,9.0,Cancelled
2854,1119,6,64,2025-12-10,Online,,Completed
2855,615,5,25,2024-02-09,Online,5.0,Cancelled
2856,541,12,59,2024-06-23,Store,16.0,Completed
2857,1041,4,80,2024-09-17,Store,3.0,Cancelled
2858,1031,4,10,2024-03-03,Store,11.0,Completed
2859,1191,1,85,2025-05-29,Store,4.0,Completed
2860,558,5,62,2024-07-17,Store,14.0,Completed
2861,883,11,63,2024-05-09,Online,1.0,Completed
2862,1058,7,55,2025-11-16,Store,12.0,Completed
2863,20,1,22,2025-07-17,Store,4.0,Completed
2864,717,11,52,2025-04-02,Mobile,3.0,Completed
2865,638,10,90,2025-07-31,Mobile,8.0,Completed
2866,488,12,58,2025-08-26,Mobile,16.0,Completed
2867,936,9,20,2025-12-18,Online,,Completed
2868,1152,5,74,2024-10-20,Store,16.0,Cancelled
2869,552,9,68,2025-11-30,Store,7.0,Completed
2870,866,2,77,2024-08-30,Online,6.0,Completed
2871,40,7,55,2024-07-20,Online,,Completed
2872,473,10,78,2025-03-25,Store,15.0,Completed
2873,308,1,76,2024-08-04,Store,8.0,Completed
2874,382,9,28,2025-03-27,Store,15.0,Cancelled
2875,876,8,69,2025-09-05,Store,18.0,Completed
2876,696,7,18,2025-03-03,Mobile,14.0,Completed
2877,379,11,56,2024-04-23,Store,1.0,Completed
2878,794,5,81,2024-02-16,Mobile,7.0,Completed
2879,199,7,51,2025-01-16,Online,7.0,Completed
2880,4,8,84,2024-08-27,Store,,Completed
2881,261,8,84,2025-04-04,Mobile,4.0,Completed
2882,910,7,55,2024-12-23,Online,4.0,Completed
2883,644,2,40,2025-12-06,Store,3.0,Cancelled
2884,850,11,7,2024-08-01,Store,1.0,Cancelled
2885,1098,7,51,2025-07-23,Online,5.0,Completed
2886,1117,1,22,2024-07-02,Online,7.0,Completed
2887,701,5,39,2024-09-03,Store,12.0,Completed
2888,674,2,12,2024-12-18,Store,17.0,Completed
2889,306,7,31,2024-03-02,Store,,Completed
2890,421,11,7,2025-01-12,Store,6.0,Completed
2891,116,10,78,2025-09-03,Store,15.0,Completed
2892,342,8,75,2025-09-14,Online,10.0,Completed
2893,301,10,78,2025-06-15,Store,11.0,Completed
2894,1134,9,28,2025-01-04,Store,8.0,Completed
2895,301,8,69,2024-04-15,Mobile,17.0,Cancelled
2896,456,2,48,2025-08-18,Online,,Completed
2897,235,2,77,2025-11-11,Store,10.0,Completed
2898,771,11,56,2024-12-28,Mobile,11.0,Cancelled
2899,801,6,41,2025-10-08,Online,10.0,Completed
2900,931,6,17,2024-07-22,Store,6.0,Completed
2901,1032,8,26,2025-10-30,Online,,Completed
2902,874,4,86,2024-08-05,Online,18.0,Completed
2903,832,3,82,2025-12-26,Store,8.0,Completed
2904,157,5,47,2024-12-13,Store,5.0,Completed
2905,627,1,22,2024-04-28,Store,5.0,Completed
2906,250,5,74,2025-04-29,Store,5.0,Completed
2907,580,10,78,2024-04-30,Store,2.0,Completed
2908,686,7,18,2025-08-21,Store,11.0,Completed
2909,725,1,65,2025-07-06,Online,5.0,Completed
2910,751,2,40,2025-01-31,Online,5.0,Completed
2911,418,9,8,2024-05-08,Store,9.0,Completed
2912,101,11,63,2024-03-07,Online,15.0,Completed
2913,1171,8,26,2025-05-20,Online,5.0,Cancelled
2914,104,5,38,2024-05-11,Mobile,14.0,Completed
2915,1076,3,50,2025-05-31,Online,4.0,Completed
2916,1130,2,72,2024-04-24,Online,5.0,Completed
2917,630,3,49,2024-10-21,Store,11.0,Completed
2918,969,10,71,2025-05-19,Store,10.0,Completed
2919,193,2,77,2024-10-17,Store,8.0,Completed
2920,485,11,63,2025-01-07,Store,7.0,Completed
2921,865,1,76,2024-12-22,Online,11.0,Completed
2922,580,10,90,2025-05-02,Store,1.0,Completed
2923,1112,2,40,2024-01-04,Store,3.0,Completed
2924,241,8,34,2024-07-05,Online,1.0,Completed
2925,1104,3,70,2025-09-18,Mobile,16.0,Completed
2926,584,10,90,2024-03-21,Online,12.0,Completed
2927,290,8,69,2025-05-06,Online,5.0,Cancelled
2928,1189,4,10,2024-11-30,Store,14.0,Completed
2929,26,7,31,2024-11-20,Store,3.0,Completed
2930,265,9,33,2024-01-19,Store,3.0,Cancelled
2931,1195,12,11,2025-08-10,Online,,Completed
2932,291,6,17,2025-12-22,Online,9.0,Completed
2933,478,9,37,2024-07-15,Online,15.0,Cancelled
2934,788,2,44,2025-08-15,Online,14.0,Completed
2935,52,6,17,2025-01-10,Store,4.0,Completed
2936,1049,10,66,2024-11-22,Store,4.0,Completed
2937,304,1,21,2025-05-10,Online,14.0,Completed
2938,559,9,20,2024-02-23,Store,6.0,Completed
2939,276,12,11,2024-01-19,Online,12.0,Cancelled
2940,65,9,68,2024-08-28,Online,17.0,Completed
2941,866,10,90,2024-11-06,Online,6.0,Completed
2942,1021,8,14,2024-11-15,Online,1.0,Completed
2943,291,11,52,2024-03-29,Online,16.0,Completed
2944,796,5,74,2025-03-24,Store,,Completed
2945,894,10,46,2024-03-01,Online,11.0,Cancelled
2946,224,1,30,2024-01-18,Online,3.0,Completed
2947,963,9,2,2024-02-23,Store,10.0,Completed
2948,878,4,45,2024-09-26,Store,15.0,Completed
2949,870,8,5,2025-09-22,Store,7.0,Completed
2950,387,8,69,2025-06-16,Store,1.0,Completed
2951,799,5,3,2024-03-21,Store,14.0,Completed
2952,245,2,48,2025-06-07,Online,13.0,Completed
2953,1093,8,34,2024-07-24,Mobile,10.0,Completed
2954,926,7,18,2025-09-07,Mobile,16.0,Completed
2955,876,9,28,2025-11-10,Store,9.0,Completed
2956,73,2,27,2024-07-17,Online,4.0,Completed
2957,238,5,67,2024-08-10,Store,12.0,Completed
2958,15,12,59,2024-03-10,Mobile,11.0,Completed
2959,963,10,66,2024-11-27,Online,1.0,Completed
2960,452,3,15,2024-09-22,Mobile,3.0,Completed
2961,635,12,59,2024-01-04,Online,13.0,Completed
2962,533,6,54,2024-11-03,Online,13.0,Completed
2963,1042,11,52,2025-02-21,Online,11.0,Completed
2964,451,7,51,2024-01-05,Online,7.0,Completed
2965,759,3,15,2025-10-26,Store,15.0,Completed
2966,374,7,55,2025-09-02,Store,14.0,Completed
2967,910,3,49,2024-12-25,Online,,Completed
2968,236,3,70,2024-11-13,Mobile,18.0,Completed
2969,850,10,90,2025-10-12,Online,6.0,Completed
2970,11,7,51,2025-04-05,Online,8.0,Completed
2971,438,3,15,2024-04-20,Online,18.0,Completed
2972,798,12,43,2025-09-20,Online,3.0,Completed
2973,47,6,32,2025-05-03,Store,11.0,Completed
2974,851,9,8,2024-07-28,Online,9.0,Cancelled
2975,961,5,67,2025-07-08,Online,6.0,Completed
2976,1168,4,6,2024-11-29,Store,16.0,Completed
2977,36,7,51,2025-10-28,Store,13.0,Cancelled
2978,935,1,22,2025-09-12,Store,18.0,Completed
2979,1117,12,59,2025-12-13,Online,13.0,Completed
2980,683,6,54,2025-05-16,Online,2.0,Completed
2981,260,10,46,2025-09-24,Online,6.0,Completed
2982,1075,4,24,2024-12-05,Online,14.0,Completed
2983,228,11,56,2025-08-15,Store,14.0,Cancelled
2984,109,1,13,2025-03-09,Online,11.0,Completed
2985,998,5,25,2025-01-28,Online,14.0,Completed
2986,1059,3,87,2024-04-20,Store,9.0,Completed
2987,125,12,59,2024-08-10,Store,1.0,Completed
2988,234,6,41,2025-05-15,Online,13.0,Completed
2989,1171,3,87,2024-02-10,Online,10.0,Completed
2990,178,6,17,2025-03-25,Store,,Completed
2991,176,7,55,2025-09-26,Mobile,,Completed
2992,243,5,25,2025-01-08,Online,,Completed
2993,1072,9,28,2024-07-06,Online,18.0,Cancelled
2994,69,5,38,2025-03-09,Store,1.0,Completed
2995,782,3,15,2024-06-02,Mobile,,Completed
2996,322,10,71,2025-10-26,Mobile,4.0,Completed
2997,671,12,61,2024-07-18,Store,14.0,Completed
2998,1,4,45,2024-10-09,Store,,Completed
2999,1133,9,28,2024-05-21,Store,11.0,Completed
3000,188,11,7,2024-05-28,Store,16.0,Cancelled
3001,1010,1,35,2025-10-08,Store,7.0,Cancelled
3002,878,6,23,2024-05-05,Store,6.0,Completed
3003,1158,7,31,2025-10-19,Mobile,12.0,Completed
3004,666,4,24,2024-08-28,Store,,Cancelled
3005,1033,11,7,2024-07-05,Store,15.0,Completed
3006,752,3,15,2025-06-08,Online,2.0,Completed
3007,72,2,72,2024-05-04,Online,16.0,Completed
3008,123,9,37,2024-12-26,Mobile,,Completed
3009,192,7,55,2025-08-10,Online,3.0,Completed
3010,1079,5,81,2025-06-23,Store,12.0,Completed
3011,823,1,21,2025-03-02,Online,,Completed
3012,311,2,44,2025-11-08,Store,,Completed
3013,628,10,78,2025-07-19,Store,15.0,Completed
3014,134,9,33,2025-04-26,Store,5.0,Completed
3015,430,2,48,2025-11-04,Store,15.0,Completed
3016,848,7,18,2024-12-26,Mobile,,Completed
3017,575,2,12,2025-06-29,Mobile,14.0,Completed
3018,1068,4,36,2025-09-29,Store,,Completed
3019,558,5,62,2024-05-16,Online,12.0,Cancelled
3020,695,8,84,2024-05-22,Store,13.0,Completed
3021,1075,11,7,2025-04-03,Store,16.0,Completed
3022,397,11,52,2025-10-31,Store,7.0,Completed
3023,940,10,46,2024-10-02,Online,6.0,Completed
3024,389,10,71,2025-03-17,Store,14.0,Cancelled
3025,1113,1,35,2025-08-08,Store,,Completed
3026,511,4,10,2024-07-19,Store,,Completed
3027,382,7,51,2025-10-28,Mobile,1.0,Completed
3028,459,12,11,2025-05-17,Online,13.0,Completed
3029,1000,4,57,2025-09-29,Store,4.0,Completed
3030,934,5,47,2024-01-29,Store,7.0,Completed
3031,1077,7,55,2024-07-29,Store,16.0,Completed
3032,528,9,8,2024-09-04,Store,4.0,Completed
3033,1097,7,31,2025-07-01,Store,18.0,Completed
3034,41,12,58,2024-05-07,Store,,Completed
3035,1123,1,13,2024-03-01,Online,15.0,Completed
3036,25,6,17,2025-03-28,Online,10.0,Cancelled
3037,1106,1,35,2024-06-19,Online,,Completed
3038,536,5,3,2025-09-15,Store,,Completed
3039,432,3,50,2025-01-16,Store,8.0,Completed
3040,509,8,34,2025-11-26,Store,18.0,Completed
3041,1114,11,56,2024-10-20,Store,,Completed
3042,950,10,71,2025-11-24,Online,1.0,Completed
3043,1142,11,7,2025-03-27,Store,9.0,Completed
3044,657,10,66,2024-01-26,Mobile,5.0,Completed
3045,56,9,28,2025-11-23,Store,3.0,Completed
3046,503,9,68,2025-06-18,Online,1.0,Completed
3047,1076,9,28,2024-04-09,Store,5.0,Completed
3048,352,8,5,2024-11-14,Store,5.0,Completed
3049,1014,11,63,2025-06-04,Mobile,12.0,Completed
3050,793,9,8,2024-07-28,Store,8.0,Completed
3051,234,12,58,2025-11-14,Online,10.0,Completed
3052,102,7,51,2024-08-04,Store,4.0,Cancelled
3053,659,4,45,2024-11-25,Online,16.0,Completed
3054,889,8,14,2025-03-29,Store,,Completed
3055,1186,5,39,2025-06-18,Store,9.0,Completed
3056,695,4,89,2025-09-15,Online,15.0,Completed
3057,968,3,49,2024-05-18,Store,9.0,Completed
3058,1030,4,45,2024-09-26,Mobile,13.0,Cancelled
3059,230,5,42,2024-11-07,Online,,Cancelled
3060,1074,4,89,2025-07-27,Mobile,8.0,Cancelled
3061,1089,11,63,2025-11-21,Online,18.0,Completed
3062,1130,9,2,2024-10-23,Mobile,6.0,Completed
3063,2,7,51,2024-04-26,Store,14.0,Completed
3064,1102,9,68,2025-02-06,Online,16.0,Completed
3065,879,10,90,2024-08-25,Online,,Completed
3066,761,7,55,2025-02-09,Store,6.0,Completed
3067,909,7,55,2025-04-16,Store,13.0,Completed
3068,202,7,51,2024-11-21,Online,10.0,Completed
3069,1024,6,23,2025-09-24,Store,,Cancelled
3070,342,11,52,2025-11-06,Store,,Cancelled
3071,527,2,40,2025-03-19,Mobile,12.0,Completed
3072,1165,8,14,2025-09-13,Store,4.0,Completed
3073,963,5,39,2025-12-02,Store,,Completed
3074,741,10,71,2025-04-18,Store,1.0,Completed
3075,637,1,22,2024-05-22,Store,14.0,Completed
3076,1125,3,88,2024-04-22,Mobile,3.0,Completed
3077,533,8,34,2025-02-27,Store,8.0,Cancelled
3078,956,2,44,2024-03-28,Store,5.0,Completed
3079,907,4,89,2025-04-17,Store,14.0,Cancelled
3080,1198,2,27,2024-05-13,Online,1.0,Completed
3081,806,6,64,2025-03-23,Store,,Cancelled
3082,366,10,66,2024-06-02,Online,8.0,Completed
3083,332,1,30,2024-12-26,Store,3.0,Completed
3084,1161,1,65,2025-05-15,Store,,Completed
3085,1166,6,32,2025-04-26,Mobile,3.0,Completed
3086,820,6,64,2024-05-19,Mobile,16.0,Completed
3087,393,11,7,2025-05-11,Store,,Completed
3088,821,9,37,2025-02-07,Store,12.0,Completed
3089,880,2,27,2025-01-26,Online,5.0,Cancelled
3090,565,6,54,2024-11-24,Online,17.0,Completed
3091,1195,5,47,2025-04-11,Online,3.0,Completed
3092,942,2,44,2025-06-24,Online,7.0,Completed
3093,275,6,64,2025-12-06,Store,16.0,Cancelled
3094,209,6,16,2024-10-08,Store,17.0,Completed
3095,878,2,12,2024-01-09,Store,13.0,Completed
3096,449,3,49,2024-10-05,Online,5.0,Completed
3097,209,4,10,2025-04-01,Online,2.0,Cancelled
3098,260,4,80,2024-05-20,Store,17.0,Completed
3099,167,3,49,2024-02-25,Store,12.0,Completed
3100,191,4,57,2024-08-01,Online,11.0,Completed
3101,871,3,87,2024-01-03,Store,8.0,Completed
3102,73,6,54,2025-12-05,Mobile,4.0,Completed
3103,39,9,19,2025-01-14,Store,18.0,Completed
3104,567,10,46,2024-02-26,Store,16.0,Cancelled
3105,939,7,18,2025-11-18,Online,17.0,Completed
3106,426,4,89,2025-12-16,Store,16.0,Completed
3107,478,5,60,2025-04-09,Store,5.0,Completed
3108,534,7,31,2024-03-01,Store,,Completed
3109,1165,11,56,2024-04-10,Store,1.0,Completed
3110,418,9,37,2024-01-08,Mobile,16.0,Cancelled
3111,782,9,19,2025-10-20,Mobile,1.0,Completed
3112,117,10,90,2025-01-21,Mobile,,Completed
3113,669,11,7,2025-05-31,Store,16.0,Completed
3114,951,7,55,2025-10-22,Mobile,16.0,Completed
3115,688,7,55,2024-10-08,Online,9.0,Cancelled
3116,294,7,51,2025-07-31,Online,1.0,Completed
3117,949,1,65,2024-11-27,Store,11.0,Cancelled
3118,777,3,15,2025-09-05,Store,,Completed
3119,1161,1,85,2024-10-01,Online,7.0,Completed
3120,1193,9,33,2025-04-05,Online,3.0,Completed
3121,599,3,82,2025-09-13,Online,8.0,Cancelled
3122,193,8,29,2025-04-21,Store,18.0,Completed
3123,1131,8,75,2025-04-12,Store,8.0,Completed
3124,332,3,15,2025-10-22,Store,9.0,Completed
3125,38,9,37,2025-01-14,Store,14.0,Cancelled
3126,766,9,28,2024-06-28,Store,,Completed
3127,543,8,5,2024-12-04,Mobile,5.0,Completed
3128,1081,3,70,2024-10-26,Online,8.0,Completed
3129,918,4,6,2024-04-08,Mobile,9.0,Completed
3130,837,1,22,2025-01-08,Store,5.0,Cancelled
3131,663,7,31,2024-04-14,Store,14.0,Completed
3132,608,3,82,2025-06-04,Store,2.0,Cancelled
3133,372,9,2,2025-12-04,Mobile,6.0,Completed
3134,942,7,31,2024-04-12,Store,3.0,Completed
3135,1093,7,31,2025-07-18,Online,10.0,Cancelled
3136,185,2,72,2024-05-13,Online,,Completed
3137,657,5,67,2025-08-02,Store,1.0,Cancelled
3138,274,2,12,2024-09-09,Store,2.0,Completed
3139,862,12,79,2024-09-23,Mobile,17.0,Completed
3140,412,4,45,2024-07-20,Online,,Completed
3141,145,6,32,2024-04-03,Store,15.0,Cancelled
3142,677,11,63,2024-05-27,Store,5.0,Completed
3143,33,1,30,2024-11-15,Store,18.0,Cancelled
3144,1169,2,44,2024-12-11,Online,12.0,Completed
3145,652,6,17,2024-01-18,Store,15.0,Completed
3146,179,1,21,2025-03-31,Online,7.0,Completed
3147,107,1,73,2025-11-16,Store,11.0,Cancelled
3148,717,2,40,2024-05-11,Store,16.0,Completed
3149,1159,11,52,2025-12-13,Store,8.0,Cancelled
3150,152,2,12,2024-05-19,Store,5.0,Completed
3151,758,4,86,2024-04-27,Store,3.0,Completed
3152,750,8,14,2024-03-07,Mobile,12.0,Completed
3153,104,7,55,2025-12-15,Store,,Completed
3154,542,7,51,2024-04-22,Store,2.0,Completed
3155,467,2,72,2025-12-07,Store,14.0,Completed
3156,473,10,46,2024-09-15,Mobile,6.0,Cancelled
3157,562,5,67,2024-01-25,Store,7.0,Completed
3158,896,1,22,2024-10-29,Store,13.0,Completed
3159,81,4,6,2025-12-21,Online,18.0,Completed
3160,88,9,28,2024-12-17,Store,9.0,Completed
3161,479,9,20,2024-01-01,Mobile,17.0,Completed
3162,564,9,33,2024-08-17,Online,10.0,Completed
3163,687,10,90,2024-07-25,Store,,Cancelled
3164,1048,5,42,2025-08-07,Online,5.0,Completed
3165,397,5,62,2025-04-05,Mobile,15.0,Cancelled
3166,114,8,34,2024-03-07,Online,13.0,Cancelled
3167,762,2,40,2025-06-26,Store,,Completed
3168,439,10,66,2024-01-08,Online,18.0,Completed
3169,436,10,78,2024-07-05,Store,7.0,Completed
3170,657,12,61,2024-05-16,Online,,Completed
3171,398,5,67,2024-05-06,Store,12.0,Completed
3172,237,9,2,2024-02-04,Store,14.0,Completed
3173,249,6,16,2025-01-28,Store,2.0,Completed
3174,840,5,67,2024-10-30,Store,9.0,Completed
3175,83,1,21,2025-03-19,Mobile,12.0,Completed
3176,1063,12,58,2024-06-19,Store,13.0,Completed
3177,311,12,61,2024-12-07,Store,,Completed
3178,951,8,69,2025-10-15,Online,1.0,Completed
3179,221,8,75,2025-06-05,Store,12.0,Completed
3180,209,8,14,2025-06-30,Online,5.0,Completed
3181,447,7,18,2025-08-04,Online,14.0,Cancelled
3182,701,11,52,2024-05-29,Online,6.0,Completed
3183,413,6,23,2025-06-08,Store,9.0,Completed
3184,8,12,59,2024-12-23,Online,9.0,Completed
3185,1,9,33,2024-04-05,Online,,Completed
3186,592,4,24,2024-11-18,Store,6.0,Completed
3187,965,6,54,2025-03-10,Store,,Cancelled
3188,528,11,56,2024-06-08,Online,3.0,Completed
3189,542,11,63,2025-04-05,Online,5.0,Completed
3190,123,10,66,2025-03-31,Store,5.0,Completed
3191,445,9,33,2025-04-07,Online,9.0,Completed
3192,1034,5,39,2025-09-07,Mobile,15.0,Completed
3193,126,4,36,2025-12-17,Store,16.0,Completed
3194,716,9,20,2025-01-05,Online,8.0,Completed
3195,177,2,77,2025-12-14,Store,1.0,Completed
3196,890,2,72,2025-07-31,Mobile,15.0,Cancelled
3197,487,10,78,2024-07-17,Online,,Completed
3198,1045,3,88,2024-03-12,Store,7.0,Completed
3199,909,6,23,2025-05-29,Online,9.0,Completed
3200,223,3,50,2024-07-04,Store,15.0,Completed
3201,430,12,61,2024-06-24,Mobile,13.0,Completed
3202,1035,9,33,2025-01-01,Store,10.0,Completed
3203,952,8,84,2024-09-20,Online,,Completed
3204,210,9,37,2024-06-13,Online,14.0,Completed
3205,294,7,31,2025-09-13,Online,18.0,Completed
3206,948,6,23,2024-01-12,Online,6.0,Completed
3207,457,11,7,2025-06-21,Store,16.0,Completed
3208,240,7,55,2025-09-16,Store,10.0,Completed
3209,732,5,39,2024-05-26,Store,,Completed
3210,1006,2,27,2024-12-08,Online,11.0,Cancelled
3211,554,7,18,2024-01-18,Online,,Completed
3212,10,10,66,2024-08-26,Online,11.0,Cancelled
3213,721,8,5,2025-07-14,Online,,Cancelled
3214,358,8,29,2025-11-16,Store,16.0,Completed
3215,1133,4,86,2024-11-10,Online,13.0,Completed
3216,243,10,46,2025-06-04,Online,1.0,Completed
3217,1115,11,56,2024-06-26,Online,2.0,Completed
3218,773,10,90,2025-08-01,Store,7.0,Completed
3219,957,3,50,2025-11-27,Online,4.0,Completed
3220,237,12,11,2024-10-07,Store,,Completed
3221,519,8,5,2025-01-15,Online,2.0,Cancelled
3222,556,8,14,2024-11-16,Online,9.0,Completed
3223,1097,2,27,2025-04-20,Store,10.0,Completed
3224,602,11,56,2025-12-29,Store,13.0,Completed
3225,818,1,30,2024-03-11,Online,12.0,Cancelled
3226,993,7,55,2024-09-20,Store,3.0,Completed
3227,956,7,31,2025-05-10,Online,1.0,Completed
3228,222,11,52,2024-07-05,Store,18.0,Completed
3229,1095,2,48,2025-07-06,Store,7.0,Cancelled
3230,197,2,40,2024-09-09,Mobile,8.0,Completed
3231,316,8,14,2024-09-02,Online,1.0,Completed
3232,1010,7,51,2024-11-05,Store,16.0,Cancelled
3233,809,11,56,2025-01-31,Online,14.0,Completed
3234,162,7,18,2024-02-12,Mobile,11.0,Completed
3235,99,9,2,2024-12-15,Store,16.0,Completed
3236,218,1,13,2025-05-18,Online,14.0,Completed
3237,20,8,14,2024-07-09,Store,4.0,Completed
3238,66,11,56,2025-04-09,Online,13.0,Completed
3239,290,10,46,2025-02-12,Store,2.0,Completed
3240,796,2,40,2025-06-08,Store,,Completed
3241,403,4,24,2025-09-26,Online,4.0,Completed
3242,192,4,83,2025-03-31,Store,2.0,Cancelled
3243,400,8,34,2024-01-11,Store,12.0,Cancelled
3244,360,1,21,2025-12-06,Store,9.0,Cancelled
3245,50,9,28,2025-12-18,Online,15.0,Completed
3246,372,11,63,2024-07-05,Online,16.0,Completed
3247,1180,9,68,2024-07-11,Store,2.0,Completed
3248,1049,2,12,2025-01-15,Store,9.0,Cancelled
3249,1076,12,58,2024-07-16,Mobile,1.0,Completed
3250,150,12,58,2024-07-08,Store,8.0,Completed
3251,34,1,35,2025-07-13,Store,1.0,Cancelled
3252,441,5,60,2025-01-21,Online,,Cancelled
3253,828,11,63,2025-12-14,Store,17.0,Completed
3254,276,10,66,2025-04-11,Online,,Completed
3255,297,7,55,2024-04-09,Mobile,13.0,Cancelled
3256,1141,6,54,2024-01-16,Online,13.0,Cancelled
3257,39,8,5,2025-08-16,Mobile,11.0,Completed
3258,291,10,66,2025-11-20,Online,,Completed
3259,760,9,33,2025-04-25,Store,13.0,Completed
3260,1081,4,24,2024-02-04,Store,9.0,Cancelled
3261,1200,1,73,2025-10-22,Online,12.0,Cancelled
3262,761,10,71,2025-10-10,Online,17.0,Completed
3263,851,4,57,2024-03-31,Mobile,9.0,Cancelled
3264,677,2,48,2024-08-07,Store,17.0,Completed
3265,419,10,71,2024-05-24,Mobile,2.0,Cancelled
3266,453,10,78,2025-03-24,Store,16.0,Completed
3267,78,5,53,2025-01-29,Online,,Completed
3268,773,11,7,2024-02-16,Store,4.0,Completed
3269,881,12,79,2025-02-01,Online,7.0,Completed
3270,965,2,27,2025-04-04,Mobile,18.0,Cancelled
3271,711,9,28,2025-12-28,Online,14.0,Completed
3272,1058,8,84,2024-03-28,Store,8.0,Completed
3273,337,11,63,2024-05-01,Store,4.0,Completed
3274,682,6,64,2025-01-10,Store,7.0,Completed
3275,508,9,20,2025-05-20,Store,3.0,Completed
3276,484,11,52,2025-07-20,Online,,Completed
3277,481,12,11,2025-11-18,Mobile,8.0,Cancelled
3278,1041,12,61,2025-05-01,Store,,Completed
3279,256,3,15,2025-10-19,Store,9.0,Completed
3280,46,7,31,2024-05-24,Mobile,9.0,Completed
3281,526,6,1,2025-08-17,Store,18.0,Completed
3282,82,2,72,2025-09-06,Store,11.0,Cancelled
3283,13,3,87,2025-12-06,Online,11.0,Completed
3284,629,1,21,2025-01-29,Store,9.0,Completed
3285,1174,9,19,2025-09-27,Store,,Completed
3286,335,10,78,2025-04-17,Mobile,6.0,Cancelled
3287,740,6,1,2024-08-16,Store,,Completed
3288,663,9,37,2025-11-06,Online,17.0,Completed
3289,297,1,13,2024-05-01,Store,16.0,Completed
3290,155,10,66,2025-06-13,Online,15.0,Completed
3291,838,1,13,2025-03-30,Store,,Completed
3292,926,6,17,2025-06-21,Mobile,6.0,Completed
3293,239,9,68,2024-10-18,Online,16.0,Completed
3294,943,4,83,2025-08-26,Store,,Completed
3295,553,1,73,2024-01-05,Online,6.0,Completed
3296,118,3,15,2024-09-20,Online,,Completed
3297,924,9,28,2025-02-06,Online,,Completed
3298,92,8,84,2025-08-10,Online,15.0,Cancelled
3299,574,9,2,2025-01-19,Store,,Completed
3300,1085,9,33,2025-03-27,Store,16.0,Completed
3301,981,12,61,2025-12-09,Mobile,9.0,Completed
3302,961,11,52,2025-06-22,Online,6.0,Completed
3303,946,11,56,2024-09-10,Online,15.0,Completed
3304,392,1,13,2025-04-02,Online,14.0,Completed
3305,763,10,78,2024-04-13,Store,14.0,Completed
3306,512,11,52,2025-05-08,Online,11.0,Completed
3307,168,9,33,2025-09-22,Online,10.0,Completed
3308,533,2,44,2025-09-11,Online,9.0,Completed
3309,996,12,79,2024-02-10,Store,,Completed
3310,236,8,69,2024-06-16,Store,13.0,Completed
3311,1066,2,27,2024-07-01,Store,10.0,Completed
3312,322,1,21,2024-07-04,Mobile,3.0,Completed
3313,328,11,63,2024-09-19,Store,6.0,Cancelled
3314,893,11,56,2025-01-28,Online,,Completed
3315,531,3,88,2024-03-11,Store,,Completed
3316,971,6,16,2024-05-19,Store,7.0,Cancelled
3317,32,12,58,2024-01-24,Online,2.0,Completed
3318,433,9,2,2024-05-08,Store,12.0,Completed
3319,84,10,71,2024-03-12,Online,15.0,Completed
3320,574,9,28,2025-05-07,Store,7.0,Cancelled
3321,341,11,7,2025-12-25,Mobile,9.0,Completed
3322,892,11,7,2024-09-08,Store,5.0,Completed
3323,187,11,63,2025-05-31,Online,8.0,Completed
3324,366,9,19,2025-01-25,Online,6.0,Completed
3325,1161,9,19,2024-03-24,Mobile,,Completed
3326,589,2,48,2024-12-13,Mobile,15.0,Completed
3327,15,10,66,2024-06-25,Store,6.0,Completed
3328,674,5,67,2025-07-02,Online,5.0,Completed
3329,344,4,24,2025-09-22,Online,6.0,Completed
3330,1032,4,36,2025-12-31,Store,8.0,Completed
3331,696,12,43,2025-05-18,Store,1.0,Cancelled
3332,545,5,38,2025-04-20,Store,16.0,Completed
3333,824,8,5,2024-06-14,Store,11.0,Completed
3334,92,2,40,2024-10-18,Store,5.0,Completed
3335,115,5,81,2025-03-31,Store,13.0,Cancelled
3336,754,12,58,2024-01-06,Store,12.0,Completed
3337,473,4,10,2024-05-29,Online,,Completed
3338,50,12,43,2024-07-19,Store,6.0,Completed
3339,574,6,64,2024-04-02,Online,3.0,Completed
3340,334,12,4,2024-11-20,Online,,Completed
3341,888,6,23,2024-05-24,Online,7.0,Completed
3342,877,5,81,2025-02-14,Online,3.0,Completed
3343,692,5,60,2025-07-10,Online,8.0,Completed
3344,16,8,84,2025-04-17,Online,11.0,Completed
3345,160,2,27,2025-12-08,Store,10.0,Cancelled
3346,179,11,56,2025-02-21,Mobile,11.0,Cancelled
3347,2,8,29,2025-05-07,Online,4.0,Completed
3348,728,2,44,2025-09-13,Store,18.0,Completed
3349,201,2,44,2024-10-13,Store,,Completed
3350,374,8,34,2025-01-09,Mobile,15.0,Completed
3351,593,9,20,2025-08-31,Store,7.0,Completed
3352,900,8,29,2024-07-16,Online,2.0,Completed
3353,698,1,13,2024-01-19,Store,13.0,Completed
3354,255,11,63,2024-06-08,Online,5.0,Completed
3355,326,1,13,2025-08-10,Store,4.0,Cancelled
3356,816,12,58,2025-10-04,Online,7.0,Completed
3357,813,5,39,2024-02-11,Online,17.0,Completed
3358,1103,11,52,2025-12-16,Online,8.0,Completed
3359,342,11,56,2024-03-17,Store,13.0,Completed
3360,696,1,76,2024-10-18,Online,9.0,Completed
3361,945,10,66,2025-03-03,Online,2.0,Completed
3362,919,11,7,2024-08-03,Online,,Completed
3363,59,7,31,2025-04-25,Online,7.0,Completed
3364,602,4,45,2024-10-26,Store,4.0,Completed
3365,967,9,28,2025-10-03,Store,,Cancelled
3366,60,9,68,2024-11-25,Online,5.0,Cancelled
3367,1130,8,14,2024-03-24,Store,,Completed
3368,174,4,6,2025-08-12,Mobile,6.0,Completed
3369,514,4,45,2025-12-06,Online,5.0,Completed
3370,1174,2,48,2024-06-19,Mobile,3.0,Completed
3371,899,11,56,2024-07-18,Online,16.0,Cancelled
3372,409,2,77,2024-12-19,Mobile,,Cancelled
3373,747,7,18,2024-09-17,Online,10.0,Completed
3374,489,10,46,2024-05-11,Online,,Completed
3375,328,3,50,2024-07-23,Online,11.0,Completed
3376,1188,6,64,2024-07-02,Mobile,16.0,Completed
3377,272,11,56,2025-09-08,Online,18.0,Completed
3378,1074,3,82,2024-02-07,Store,7.0,Completed
3379,624,8,5,2024-08-25,Store,15.0,Completed
3380,176,9,8,2024-11-24,Store,2.0,Completed
3381,655,10,78,2025-12-22,Store,,Completed
3382,775,3,50,2024-04-20,Store,12.0,Completed
3383,301,10,46,2024-12-21,Mobile,3.0,Completed
3384,974,1,30,2025-02-11,Store,3.0,Completed
3385,690,12,59,2025-06-23,Store,3.0,Completed
3386,1048,12,61,2025-07-27,Online,5.0,Completed
3387,827,11,7,2025-02-13,Online,10.0,Completed
3388,540,7,51,2024-12-14,Store,18.0,Cancelled
3389,533,4,57,2024-09-09,Store,15.0,Completed
3390,382,4,45,2024-10-19,Store,6.0,Completed
3391,673,6,64,2025-01-06,Store,16.0,Completed
3392,387,6,32,2024-01-09,Store,11.0,Cancelled
3393,207,5,67,2024-09-11,Mobile,12.0,Completed
3394,852,11,52,2025-08-30,Store,8.0,Cancelled
3395,233,10,71,2025-05-08,Store,2.0,Completed
3396,49,9,20,2025-03-30,Online,13.0,Cancelled
3397,998,8,69,2025-03-19,Mobile,,Completed
3398,672,6,17,2025-07-24,Mobile,6.0,Completed
3399,1039,2,27,2024-03-12,Store,8.0,Cancelled
3400,135,3,50,2025-09-05,Online,4.0,Completed
3401,451,7,55,2025-11-17,Store,4.0,Cancelled
3402,374,5,38,2024-08-11,Store,16.0,Completed
3403,188,12,79,2025-08-31,Online,10.0,Completed
3404,642,5,3,2024-01-16,Store,16.0,Completed
3405,287,5,42,2024-06-06,Online,16.0,Cancelled
3406,942,8,75,2024-08-18,Online,17.0,Completed
3407,451,6,32,2025-11-08,Store,5.0,Completed
3408,1196,7,31,2024-07-29,Store,,Cancelled
3409,890,3,88,2024-02-28,Store,8.0,Completed
3410,305,6,17,2024-12-17,Store,6.0,Completed
3411,28,12,11,2025-03-30,Mobile,4.0,Completed
3412,11,12,4,2025-06-22,Online,13.0,Completed
3413,390,2,48,2024-11-17,Store,7.0,Completed
3414,549,1,85,2025-05-06,Mobile,6.0,Completed
3415,110,7,31,2024-02-07,Online,10.0,Cancelled
3416,215,3,49,2025-07-11,Store,8.0,Cancelled
3417,239,1,85,2024-09-04,Online,5.0,Completed
3418,789,4,83,2024-01-04,Store,16.0,Cancelled
3419,588,6,17,2025-01-02,Store,9.0,Completed
3420,189,7,31,2025-12-12,Store,10.0,Cancelled
3421,252,9,8,2025-12-13,Store,10.0,Cancelled
3422,685,4,45,2024-06-01,Store,4.0,Completed
3423,207,10,46,2024-10-12,Store,13.0,Completed
3424,389,10,46,2024-11-16,Store,13.0,Completed
3425,47,9,19,2024-08-26,Online,12.0,Completed
3426,932,7,51,2024-04-14,Mobile,16.0,Completed
3427,165,10,78,2024-12-07,Mobile,5.0,Completed
3428,273,12,79,2024-01-13,Store,17.0,Completed
3429,946,9,8,2025-06-03,Online,3.0,Cancelled
3430,1075,6,16,2024-10-02,Store,2.0,Cancelled
3431,454,9,68,2024-04-22,Store,11.0,Completed
3432,148,6,17,2024-04-28,Online,,Completed
3433,716,2,48,2025-06-13,Store,,Completed
3434,715,6,17,2025-10-17,Mobile,11.0,Completed
3435,162,5,3,2024-03-10,Store,16.0,Completed
3436,123,4,86,2025-07-23,Store,17.0,Completed
3437,900,2,40,2025-03-22,Store,10.0,Cancelled
3438,417,5,74,2025-03-14,Online,17.0,Completed
3439,317,11,52,2024-02-10,Store,9.0,Completed
3440,914,7,55,2025-09-18,Store,6.0,Completed
3441,1073,4,57,2024-11-15,Mobile,14.0,Completed
3442,230,1,13,2024-12-14,Store,14.0,Completed
3443,499,1,35,2025-06-26,Online,10.0,Completed
3444,523,6,1,2025-02-27,Store,18.0,Completed
3445,92,3,87,2024-12-28,Store,16.0,Completed
3446,1120,12,59,2025-06-09,Mobile,10.0,Completed
3447,7,6,1,2025-11-27,Store,10.0,Completed
3448,714,5,42,2024-10-24,Online,10.0,Completed
3449,499,8,34,2024-05-13,Store,10.0,Cancelled
3450,110,8,26,2024-10-15,Store,1.0,Completed
3451,1140,11,56,2025-02-24,Store,7.0,Completed
3452,764,5,25,2025-07-06,Store,17.0,Completed
3453,246,2,48,2024-08-19,Store,,Completed
3454,723,11,63,2024-02-26,Online,5.0,Completed
3455,806,6,32,2025-09-03,Store,6.0,Completed
3456,144,1,85,2025-09-19,Online,,Completed
3457,855,3,88,2025-07-19,Online,3.0,Completed
3458,213,8,14,2025-01-05,Online,6.0,Completed
3459,269,10,90,2024-03-15,Store,9.0,Cancelled
3460,356,8,75,2024-01-19,Store,13.0,Completed
3461,881,11,56,2024-05-25,Store,10.0,Cancelled
3462,582,6,23,2024-10-14,Online,2.0,Completed
3463,780,5,60,2025-12-30,Store,14.0,Completed
3464,569,5,25,2024-08-11,Store,6.0,Completed
3465,626,11,63,2024-03-21,Online,10.0,Completed
3466,1177,6,41,2024-06-15,Online,4.0,Completed
3467,555,11,56,2024-11-10,Store,14.0,Cancelled
3468,1128,11,56,2024-02-12,Store,2.0,Completed
3469,935,4,80,2025-08-14,Store,8.0,Completed
3470,215,8,26,2024-01-31,Mobile,8.0,Cancelled
3471,2,7,51,2024-02-12,Online,11.0,Completed
3472,671,11,7,2024-09-13,Online,6.0,Completed
3473,843,2,77,2025-07-09,Store,,Cancelled
3474,775,9,37,2025-02-17,Store,15.0,Completed
3475,1008,2,40,2025-08-06,Mobile,14.0,Completed
3476,652,2,48,2025-03-27,Store,10.0,Completed
3477,859,5,62,2025-06-06,Online,11.0,Completed
3478,548,8,75,2025-05-01,Online,9.0,Completed
3479,716,12,79,2024-04-13,Online,7.0,Completed
3480,222,1,21,2024-06-24,Store,14.0,Completed
3481,431,7,31,2025-02-06,Online,3.0,Completed
3482,77,4,80,2024-01-06,Store,16.0,Completed
3483,906,3,70,2024-09-01,Store,3.0,Completed
3484,902,6,16,2025-04-06,Online,,Completed
3485,1074,9,2,2025-02-08,Mobile,12.0,Cancelled
3486,1186,8,29,2024-12-15,Store,,Completed
3487,315,2,77,2024-11-08,Store,13.0,Completed
3488,789,9,20,2025-09-01,Online,1.0,Completed
3489,459,11,63,2025-08-19,Store,14.0,Completed
3490,540,11,52,2024-12-30,Mobile,,Completed
3491,974,3,87,2024-02-06,Store,2.0,Cancelled
3492,279,3,87,2024-11-21,Store,14.0,Completed
3493,957,10,66,2025-02-08,Online,8.0,Completed
3494,169,5,53,2025-10-06,Store,9.0,Completed
3495,1110,6,64,2025-06-19,Store,,Completed
3496,268,5,3,2025-05-12,Store,9.0,Completed
3497,200,11,7,2025-12-03,Online,18.0,Completed
3498,925,8,75,2024-05-16,Store,12.0,Completed
3499,619,4,57,2024-02-08,Online,8.0,Completed
3500,813,1,30,2025-02-14,Online,6.0,Completed
3501,673,6,16,2024-06-05,Store,,Completed
3502,1105,7,31,2024-11-05,Mobile,4.0,Cancelled
3503,1082,10,66,2025-09-25,Online,,Cancelled
3504,1153,2,40,2025-01-12,Store,13.0,Completed
3505,180,9,68,2025-08-17,Store,11.0,Completed
3506,673,10,71,2024-12-20,Online,3.0,Cancelled
3507,821,4,10,2025-10-27,Online,2.0,Completed
3508,200,2,12,2024-12-26,Store,3.0,Completed
3509,735,7,55,2025-11-24,Online,14.0,Completed
3510,716,1,9,2025-10-31,Store,8.0,Completed
3511,586,5,67,2025-07-03,Store,1.0,Completed
3512,295,6,32,2025-05-20,Online,17.0,Completed
3513,1183,2,27,2024-07-30,Online,6.0,Completed
3514,179,7,18,2025-05-27,Mobile,10.0,Completed
3515,5,6,41,2024-08-16,Store,16.0,Completed
3516,156,2,72,2024-12-26,Online,7.0,Cancelled
3517,1072,11,52,2024-08-27,Online,17.0,Completed
3518,152,7,31,2025-07-08,Online,12.0,Cancelled
3519,1104,9,20,2024-01-14,Online,15.0,Completed
3520,236,3,88,2025-07-03,Store,8.0,Completed
3521,562,5,47,2025-07-13,Online,15.0,Completed
3522,918,9,19,2024-02-23,Online,,Cancelled
3523,108,8,34,2024-12-23,Online,1.0,Completed
3524,1108,10,46,2025-07-11,Store,16.0,Completed
3525,8,11,7,2025-05-28,Store,,Completed
3526,1034,6,16,2024-06-09,Online,12.0,Cancelled
3527,983,3,70,2025-01-15,Store,,Completed
3528,398,4,57,2025-04-07,Mobile,10.0,Completed
3529,1005,4,86,2025-02-02,Online,12.0,Completed
3530,44,9,37,2025-08-30,Store,3.0,Completed
3531,812,8,29,2024-01-01,Online,11.0,Completed
3532,809,7,31,2025-04-24,Online,15.0,Completed
3533,576,6,23,2024-07-24,Online,18.0,Completed
3534,58,1,22,2025-07-21,Mobile,7.0,Completed
3535,255,2,27,2024-12-10,Mobile,14.0,Cancelled
3536,313,7,55,2025-10-03,Store,3.0,Cancelled
3537,809,2,12,2024-07-14,Online,9.0,Cancelled
3538,505,12,59,2025-09-04,Mobile,1.0,Completed
3539,487,1,65,2024-10-16,Store,14.0,Cancelled
3540,1126,3,88,2025-10-06,Mobile,7.0,Completed
3541,748,6,64,2025-04-25,Online,8.0,Completed
3542,45,3,87,2025-05-05,Online,16.0,Completed
3543,233,9,33,2025-08-08,Store,12.0,Completed
3544,489,12,58,2025-11-18,Mobile,10.0,Completed
3545,838,9,68,2025-02-25,Store,17.0,Cancelled
3546,305,5,74,2024-09-20,Store,11.0,Completed
3547,321,5,67,2024-05-13,Store,5.0,Completed
3548,673,9,37,2025-10-10,Mobile,16.0,Completed
3549,487,6,17,2024-09-20,Online,18.0,Completed
3550,719,8,34,2024-01-04,Mobile,2.0,Completed
3551,376,2,48,2024-11-02,Store,,Completed
3552,56,5,39,2024-12-16,Store,3.0,Completed
3553,1200,1,35,2024-06-07,Online,8.0,Completed
3554,1010,10,46,2025-08-01,Store,16.0,Completed
3555,515,8,5,2025-08-19,Store,6.0,Completed
3556,230,2,72,2024-12-22,Store,12.0,Completed
3557,693,8,84,2025-09-27,Store,4.0,Completed
3558,1199,11,52,2024-12-29,Online,12.0,Completed
3559,935,10,71,2025-08-02,Store,2.0,Completed
3560,1124,12,59,2025-11-16,Mobile,4.0,Completed
3561,1194,7,51,2025-12-03,Store,6.0,Cancelled
3562,1175,11,56,2024-10-13,Mobile,4.0,Completed
3563,976,8,14,2025-01-06,Store,9.0,Completed
3564,913,8,84,2024-09-15,Store,15.0,Completed
3565,369,9,28,2025-10-30,Mobile,,Completed
3566,459,8,75,2024-09-16,Online,,Completed
3567,225,8,26,2025-11-03,Mobile,8.0,Completed
3568,130,1,9,2024-01-03,Online,3.0,Completed
3569,403,2,12,2024-12-06,Online,,Cancelled
3570,818,2,44,2024-03-05,Store,18.0,Completed
3571,19,3,88,2024-01-14,Online,1.0,Completed
3572,329,1,35,2025-04-16,Store,9.0,Completed
3573,852,4,83,2025-03-03,Mobile,9.0,Completed
3574,427,4,83,2024-09-01,Store,2.0,Completed
3575,810,7,55,2025-10-21,Store,8.0,Completed
3576,533,3,87,2025-02-12,Mobile,3.0,Completed
3577,179,1,85,2025-05-11,Store,10.0,Completed
3578,778,8,34,2024-12-20,Mobile,12.0,Completed
3579,705,11,7,2024-02-09,Store,9.0,Completed
3580,745,6,54,2025-11-26,Online,5.0,Completed
3581,161,8,84,2025-12-11,Mobile,7.0,Completed
3582,258,9,37,2024-01-11,Online,12.0,Completed
3583,815,1,85,2025-05-20,Store,13.0,Completed
3584,534,5,81,2025-09-30,Online,,Completed
3585,135,8,29,2025-03-20,Mobile,13.0,Completed
3586,365,9,2,2024-02-17,Online,12.0,Completed
3587,756,10,66,2025-10-09,Online,,Cancelled
3588,1184,5,38,2024-10-27,Store,3.0,Completed
3589,838,8,29,2024-05-26,Online,7.0,Completed
3590,995,2,77,2024-09-23,Store,2.0,Completed
3591,983,8,34,2025-01-10,Store,6.0,Cancelled
3592,1069,11,63,2024-04-17,Store,5.0,Completed
3593,1057,4,89,2024-11-18,Store,1.0,Cancelled
3594,750,11,63,2025-07-13,Store,12.0,Completed
3595,13,2,40,2024-06-19,Online,16.0,Completed
3596,140,12,59,2025-10-13,Store,7.0,Completed
3597,780,11,7,2025-09-26,Online,12.0,Completed
3598,795,6,64,2024-03-26,Store,17.0,Cancelled
3599,502,9,19,2024-10-27,Mobile,13.0,Completed
3600,60,8,75,2025-12-12,Online,13.0,Completed
3601,1110,2,48,2025-06-03,Store,14.0,Cancelled
3602,432,7,55,2024-08-17,Store,9.0,Completed
3603,1071,3,70,2025-07-02,Store,10.0,Cancelled
3604,1029,12,4,2024-12-06,Store,,Cancelled
3605,604,6,32,2025-01-11,Store,13.0,Completed
3606,223,9,20,2025-06-20,Mobile,10.0,Completed
3607,572,1,22,2024-04-16,Online,9.0,Completed
3608,566,2,27,2025-11-04,Store,13.0,Completed
3609,488,1,76,2024-10-20,Store,4.0,Completed
3610,819,8,26,2024-01-21,Store,14.0,Completed
3611,50,5,42,2025-03-13,Online,,Cancelled
3612,75,8,69,2025-02-07,Store,4.0,Completed
3613,364,4,86,2025-02-25,Online,15.0,Cancelled
3614,94,10,90,2025-01-30,Store,9.0,Completed
3615,490,7,51,2025-11-30,Mobile,8.0,Completed
3616,709,5,25,2024-06-17,Store,,Completed
3617,387,10,78,2025-02-03,Online,10.0,Cancelled
3618,994,10,78,2025-08-20,Store,14.0,Completed
3619,159,11,7,2024-01-06,Online,,Completed
3620,1096,4,24,2024-05-06,Mobile,1.0,Completed
3621,1064,12,61,2024-11-30,Store,7.0,Cancelled
3622,996,1,21,2024-05-04,Store,,Completed
3623,1132,5,60,2024-07-11,Store,11.0,Completed
3624,787,5,25,2024-01-10,Store,13.0,Completed
3625,493,4,45,2025-06-06,Store,4.0,Cancelled
3626,202,11,7,2024-09-21,Online,18.0,Completed
3627,882,10,46,2024-04-11,Store,3.0,Completed
3628,445,10,78,2024-11-11,Mobile,12.0,Completed
3629,350,4,83,2024-03-11,Online,16.0,Completed
3630,668,2,27,2024-03-12,Mobile,10.0,Completed
3631,360,1,73,2024-08-16,Mobile,7.0,Completed
3632,914,1,30,2024-03-22,Online,3.0,Completed
3633,65,10,71,2024-05-11,Store,13.0,Completed
3634,12,8,14,2025-06-19,Online,2.0,Completed
3635,296,4,10,2024-08-20,Online,14.0,Completed
3636,1141,5,62,2025-11-19,Store,,Cancelled
3637,820,3,50,2025-08-16,Store,17.0,Cancelled
3638,1085,2,12,2025-10-04,Online,16.0,Completed
3639,434,8,84,2024-01-09,Online,8.0,Completed
3640,759,10,90,2024-10-31,Store,3.0,Cancelled
3641,330,1,21,2025-09-10,Mobile,15.0,Completed
3642,395,11,52,2025-01-11,Online,15.0,Completed
3643,224,1,13,2024-12-19,Mobile,,Cancelled
3644,688,11,52,2024-02-06,Store,2.0,Completed
3645,485,5,3,2025-02-22,Store,,Completed
3646,956,4,86,2024-03-06,Store,1.0,Completed
3647,913,11,52,2025-06-02,Store,11.0,Completed
3648,593,10,90,2024-07-18,Store,13.0,Cancelled
3649,498,4,89,2025-08-26,Online,1.0,Cancelled
3650,1117,7,55,2024-12-30,Mobile,8.0,Cancelled
3651,165,7,31,2024-06-01,Mobile,11.0,Completed
3652,404,1,85,2025-10-17,Online,13.0,Completed
3653,569,6,23,2024-11-05,Store,,Completed
3654,1067,9,8,2025-11-30,Store,16.0,Completed
3655,682,1,73,2025-05-31,Store,7.0,Completed
3656,658,8,84,2024-08-26,Store,2.0,Completed
3657,1144,5,3,2024-09-09,Mobile,12.0,Cancelled
3658,1138,4,24,2024-03-17,Mobile,18.0,Completed
3659,774,7,51,2025-04-23,Store,10.0,Completed
3660,1107,9,37,2024-03-22,Online,14.0,Completed
3661,1020,9,33,2024-06-18,Online,3.0,Completed
3662,77,5,39,2024-08-01,Store,2.0,Completed
3663,573,4,24,2025-01-19,Online,9.0,Completed
3664,524,12,4,2024-10-28,Store,9.0,Completed
3665,750,3,82,2025-12-24,Online,10.0,Completed
3666,51,8,75,2024-11-02,Store,12.0,Completed
3667,799,12,79,2025-09-10,Store,17.0,Completed
3668,429,11,63,2025-03-20,Mobile,17.0,Completed
3669,52,1,76,2025-10-04,Store,,Cancelled
3670,437,1,85,2025-08-03,Store,17.0,Completed
3671,790,9,8,2024-03-07,Store,13.0,Cancelled
3672,577,9,68,2024-04-30,Online,,Cancelled
3673,1067,6,17,2024-07-11,Store,4.0,Completed
3674,825,10,66,2024-05-10,Online,10.0,Completed
3675,211,1,9,2025-11-27,Store,3.0,Completed
3676,961,11,7,2024-07-04,Store,1.0,Completed
3677,408,3,15,2025-12-15,Store,,Completed
3678,278,3,88,2024-08-27,Store,6.0,Completed
3679,557,5,53,2025-05-07,Mobile,8.0,Completed
3680,259,7,55,2024-09-23,Mobile,17.0,Completed
3681,677,3,88,2024-12-24,Store,,Completed
3682,13,7,18,2024-04-21,Store,10.0,Cancelled
3683,109,8,26,2024-08-05,Store,11.0,Completed
3684,764,9,19,2024-11-24,Store,6.0,Completed
3685,540,4,45,2025-11-04,Store,15.0,Cancelled
3686,435,8,34,2024-08-07,Online,2.0,Completed
3687,703,4,24,2024-12-06,Store,9.0,Cancelled
3688,1188,9,2,2025-07-23,Store,2.0,Completed
3689,364,1,9,2025-07-10,Online,9.0,Completed
3690,214,11,7,2024-06-07,Store,14.0,Completed
3691,744,7,51,2025-11-07,Store,,Completed
3692,926,6,16,2025-08-06,Online,,Completed
3693,608,10,46,2025-08-19,Store,3.0,Cancelled
3694,161,1,35,2024-09-10,Online,4.0,Completed
3695,277,10,71,2025-10-07,Store,1.0,Completed
3696,380,3,88,2025-02-08,Store,15.0,Completed
3697,371,9,2,2024-03-27,Online,18.0,Cancelled
3698,361,6,16,2025-07-30,Store,2.0,Completed
3699,903,6,16,2024-06-03,Online,2.0,Completed
3700,755,9,37,2024-01-15,Mobile,3.0,Cancelled
3701,114,12,59,2024-05-15,Store,2.0,Completed
3702,541,10,46,2024-10-16,Online,4.0,Completed
3703,975,2,48,2025-03-14,Store,2.0,Completed
3704,802,8,34,2024-07-17,Online,8.0,Completed
3705,1076,8,29,2025-09-03,Store,,Completed
3706,934,5,25,2025-02-16,Store,9.0,Completed
3707,48,5,3,2025-12-06,Store,6.0,Completed
3708,922,8,84,2024-06-03,Store,15.0,Completed
3709,271,11,56,2024-03-14,Online,3.0,Completed
3710,422,10,90,2025-03-26,Store,9.0,Cancelled
3711,740,6,54,2024-01-02,Mobile,,Cancelled
3712,480,11,56,2024-03-27,Store,9.0,Cancelled
3713,1089,9,20,2025-12-27,Store,17.0,Completed
3714,1069,2,44,2025-10-28,Online,11.0,Completed
3715,379,12,11,2024-03-26,Online,6.0,Completed
3716,599,10,71,2025-06-30,Store,10.0,Completed
3717,809,9,37,2025-10-07,Store,3.0,Cancelled
3718,318,5,42,2024-04-07,Store,14.0,Completed
3719,1181,6,41,2025-06-03,Store,14.0,Completed
3720,303,10,46,2024-06-08,Store,16.0,Cancelled
3721,15,9,28,2025-05-15,Store,7.0,Completed
3722,274,12,79,2025-06-19,Online,5.0,Completed
3723,591,2,27,2024-02-12,Store,,Completed
3724,890,10,66,2025-02-07,Store,16.0,Completed
3725,870,6,32,2024-10-30,Store,4.0,Cancelled
3726,362,7,55,2024-07-11,Online,15.0,Cancelled
3727,1125,6,16,2025-01-18,Online,18.0,Completed
3728,1160,11,52,2024-09-03,Store,10.0,Cancelled
3729,896,8,75,2024-11-21,Mobile,8.0,Completed
3730,471,8,34,2024-12-04,Online,9.0,Completed
3731,841,10,71,2024-05-07,Store,5.0,Completed
3732,1069,10,90,2024-04-11,Online,2.0,Completed
3733,985,7,55,2024-05-30,Mobile,2.0,Completed
3734,54,11,7,2024-12-12,Online,11.0,Cancelled
3735,704,9,8,2024-02-12,Store,14.0,Completed
3736,1053,10,71,2024-11-19,Online,6.0,Completed
3737,96,2,77,2024-01-18,Online,16.0,Cancelled
3738,107,6,23,2025-06-24,Store,3.0,Completed
3739,291,7,18,2024-08-02,Store,17.0,Completed
3740,246,5,3,2024-06-07,Store,17.0,Completed
3741,343,3,49,2024-12-25,Store,4.0,Completed
3742,387,11,52,2024-06-17,Store,1.0,Completed
3743,183,4,45,2024-02-24,Online,7.0,Completed
3744,799,7,55,2024-12-29,Mobile,10.0,Completed
3745,1080,5,81,2024-06-02,Online,15.0,Completed
3746,885,12,43,2025-08-27,Store,6.0,Completed
3747,1125,11,56,2025-09-23,Store,17.0,Completed
3748,523,11,7,2024-01-01,Store,,Completed
3749,286,9,8,2024-03-29,Online,,Cancelled
3750,691,12,11,2025-09-09,Store,3.0,Cancelled
3751,1044,1,76,2025-04-06,Store,1.0,Completed
3752,1123,2,40,2024-10-20,Online,11.0,Cancelled
3753,1172,5,74,2024-07-17,Online,10.0,Completed
3754,198,5,53,2024-10-30,Store,3.0,Completed
3755,1,9,19,2024-07-12,Store,5.0,Completed
3756,375,12,58,2024-06-29,Online,5.0,Completed
3757,31,9,8,2025-07-26,Online,8.0,Completed
3758,1171,10,71,2025-03-06,Store,9.0,Completed
3759,7,6,41,2024-11-04,Mobile,16.0,Completed
3760,107,3,87,2024-05-17,Store,,Completed
3761,359,12,59,2024-11-09,Store,8.0,Completed
3762,164,2,27,2024-10-14,Store,14.0,Cancelled
3763,194,4,57,2024-05-02,Mobile,18.0,Completed
3764,65,4,45,2025-11-24,Mobile,2.0,Completed
3765,965,11,52,2025-11-08,Store,10.0,Completed
3766,831,3,49,2025-11-11,Online,3.0,Completed
3767,149,3,82,2025-11-11,Store,4.0,Completed
3768,465,5,38,2024-12-24,Online,13.0,Completed
3769,1184,12,43,2024-07-29,Online,16.0,Completed
3770,70,9,8,2025-08-09,Online,6.0,Cancelled
3771,665,1,85,2024-02-10,Store,17.0,Completed
3772,656,8,26,2024-12-31,Online,14.0,Cancelled
3773,780,7,18,2024-11-27,Online,11.0,Completed
3774,364,12,4,2024-10-11,Mobile,,Cancelled
3775,389,9,33,2024-07-06,Store,6.0,Completed
3776,242,1,65,2025-11-15,Online,10.0,Completed
3777,1064,3,87,2025-05-22,Store,1.0,Cancelled
3778,171,9,37,2024-04-11,Online,13.0,Completed
3779,674,4,45,2024-06-03,Store,9.0,Completed
3780,302,1,35,2024-06-22,Store,12.0,Completed
3781,318,8,75,2025-09-09,Online,16.0,Completed
3782,319,1,85,2024-08-03,Online,8.0,Completed
3783,81,6,54,2025-10-31,Online,3.0,Completed
3784,767,5,74,2025-10-19,Online,7.0,Completed
3785,467,10,90,2025-01-19,Mobile,2.0,Completed
3786,349,10,66,2025-01-05,Online,5.0,Completed
3787,636,7,55,2025-12-12,Store,16.0,Completed
3788,107,9,28,2025-12-12,Store,13.0,Completed
3789,947,10,46,2024-12-27,Store,1.0,Cancelled
3790,3,4,45,2024-02-19,Store,12.0,Completed
3791,739,8,26,2024-06-15,Online,16.0,Completed
3792,326,10,66,2025-08-03,Online,7.0,Completed
3793,645,8,75,2025-06-08,Online,13.0,Completed
3794,545,2,72,2024-04-10,Online,5.0,Cancelled
3795,255,7,55,2024-06-23,Store,18.0,Completed
3796,714,12,61,2025-11-07,Online,11.0,Completed
3797,313,8,5,2024-08-18,Store,,Completed
3798,328,6,54,2025-08-11,Store,15.0,Completed
3799,55,7,55,2025-09-25,Online,1.0,Completed
3800,796,12,58,2025-03-28,Mobile,,Completed
3801,826,1,13,2024-11-23,Online,,Completed
3802,646,5,67,2025-02-04,Mobile,,Completed
3803,807,4,57,2024-11-16,Mobile,,Cancelled
3804,216,9,20,2025-08-14,Store,17.0,Completed
3805,835,3,50,2024-03-26,Online,7.0,Completed
3806,206,8,34,2025-08-14,Store,2.0,Completed
3807,458,12,79,2025-02-18,Store,13.0,Cancelled
3808,671,4,24,2024-07-02,Mobile,14.0,Cancelled
3809,1195,7,55,2024-09-30,Store,,Completed
3810,990,4,24,2024-10-16,Store,5.0,Completed
3811,686,3,87,2025-11-06,Store,16.0,Completed
3812,1067,10,66,2024-01-03,Store,10.0,Completed
3813,509,7,18,2024-03-10,Online,4.0,Completed
3814,383,2,72,2025-03-08,Online,5.0,Completed
3815,858,2,27,2024-11-17,Store,6.0,Completed
3816,765,5,42,2024-04-23,Store,11.0,Completed
3817,871,1,13,2025-12-02,Store,15.0,Completed
3818,765,6,17,2024-05-06,Store,7.0,Completed
3819,32,3,15,2024-03-24,Store,15.0,Completed
3820,1045,11,56,2025-05-28,Online,17.0,Completed
3821,913,7,18,2025-07-17,Online,7.0,Cancelled
3822,112,6,17,2024-06-30,Online,7.0,Completed
3823,1162,9,8,2025-09-21,Online,4.0,Cancelled
3824,50,9,2,2025-12-13,Mobile,,Completed
3825,155,5,81,2025-11-15,Store,13.0,Completed
3826,1071,11,56,2024-02-07,Online,8.0,Completed
3827,1027,8,26,2024-04-30,Mobile,9.0,Completed
3828,131,1,13,2025-12-04,Store,17.0,Cancelled
3829,68,11,56,2024-11-04,Store,3.0,Completed
3830,309,11,56,2024-08-14,Mobile,10.0,Completed
3831,329,2,48,2025-02-19,Store,16.0,Completed
3832,483,7,55,2025-01-23,Online,7.0,Completed
3833,1134,7,18,2025-12-23,Store,,Cancelled
3834,75,4,83,2025-05-08,Online,12.0,Cancelled
3835,359,1,13,2025-05-17,Online,4.0,Completed
3836,809,2,12,2025-04-24,Store,,Completed
3837,36,12,61,2025-07-28,Online,7.0,Completed
3838,323,8,69,2025-08-03,Store,10.0,Completed
3839,582,10,78,2024-08-16,Online,10.0,Completed
3840,523,11,56,2025-03-05,Store,15.0,Cancelled
3841,36,12,59,2025-12-20,Online,14.0,Completed
3842,127,6,23,2024-02-27,Store,,Cancelled
3843,49,3,82,2025-07-27,Mobile,4.0,Completed
3844,306,12,4,2024-02-20,Store,4.0,Completed
3845,1067,3,82,2025-06-15,Mobile,2.0,Completed
3846,1118,8,75,2025-03-01,Store,17.0,Cancelled
3847,57,2,72,2024-12-14,Online,13.0,Completed
3848,1150,6,32,2024-11-02,Store,15.0,Completed
3849,1131,9,19,2025-06-09,Store,6.0,Completed
3850,878,12,61,2025-03-14,Online,11.0,Completed
3851,593,2,48,2025-12-17,Store,15.0,Cancelled
3852,654,7,31,2024-04-12,Store,17.0,Completed
3853,58,8,29,2025-12-30,Store,6.0,Completed
3854,226,8,69,2024-05-09,Store,7.0,Completed
3855,970,3,70,2025-04-02,Store,14.0,Completed
3856,310,6,32,2024-02-05,Online,14.0,Completed
3857,1063,10,66,2024-06-25,Online,4.0,Completed
3858,211,6,41,2024-11-02,Online,,Completed
3859,243,10,71,2025-10-29,Store,16.0,Completed
3860,955,4,80,2024-01-20,Store,2.0,Completed
3861,1079,3,88,2025-12-27,Store,14.0,Cancelled
3862,946,1,22,2024-06-02,Store,2.0,Completed
3863,840,4,45,2024-01-25,Online,7.0,Completed
3864,620,9,37,2025-02-26,Store,4.0,Completed
3865,448,6,32,2024-03-16,Online,10.0,Cancelled
3866,62,5,67,2024-01-14,Online,6.0,Completed
3867,466,12,58,2024-12-27,Store,6.0,Completed
3868,1059,6,23,2024-07-21,Online,1.0,Completed
3869,175,6,16,2024-07-08,Online,12.0,Cancelled
3870,329,5,3,2025-10-20,Online,,Completed
3871,1007,11,63,2025-10-07,Store,12.0,Completed
3872,734,5,81,2025-09-23,Store,6.0,Cancelled
3873,598,7,31,2024-02-16,Store,17.0,Completed
3874,865,2,72,2024-12-19,Store,16.0,Completed
3875,560,5,81,2025-02-05,Store,13.0,Completed
3876,287,2,44,2024-05-14,Online,,Cancelled
3877,390,11,56,2025-10-19,Store,18.0,Completed
3878,950,8,14,2024-02-04,Online,7.0,Cancelled
3879,1043,11,63,2025-09-05,Mobile,16.0,Completed
3880,681,2,44,2024-04-26,Online,3.0,Completed
3881,524,6,1,2024-12-23,Online,14.0,Completed
3882,204,1,85,2024-08-31,Store,12.0,Completed
3883,842,10,71,2025-08-13,Online,6.0,Completed
3884,409,4,89,2024-10-14,Store,5.0,Completed
3885,651,8,34,2024-02-01,Store,13.0,Completed
3886,1128,7,51,2025-09-10,Store,,Completed
3887,544,10,46,2025-06-30,Mobile,,Completed
3888,990,3,88,2025-01-17,Store,6.0,Completed
3889,1175,10,90,2025-04-07,Store,13.0,Completed
3890,972,8,26,2024-05-16,Online,12.0,Completed
3891,311,12,61,2024-01-13,Store,13.0,Completed
3892,465,3,87,2025-06-16,Online,15.0,Completed
3893,1125,4,6,2024-07-27,Store,7.0,Completed
3894,534,11,7,2024-12-04,Store,6.0,Completed
3895,544,3,70,2025-03-24,Mobile,,Cancelled
3896,69,4,83,2024-06-05,Online,14.0,Completed
3897,353,6,23,2024-12-13,Online,14.0,Completed
3898,572,12,43,2025-10-11,Online,12.0,Cancelled
3899,913,4,45,2024-01-31,Online,9.0,Completed
3900,967,6,32,2024-06-09,Store,1.0,Completed
3901,423,11,63,2024-05-17,Store,5.0,Completed
3902,515,1,21,2024-08-31,Mobile,15.0,Completed
3903,615,12,59,2024-10-27,Mobile,,Completed
3904,983,4,6,2025-09-17,Online,17.0,Cancelled
3905,546,9,33,2024-12-06,Online,,Completed
3906,1093,6,41,2025-05-06,Online,,Completed
3907,759,10,78,2025-10-13,Mobile,4.0,Completed
3908,207,7,18,2025-09-28,Mobile,16.0,Completed
3909,554,4,36,2024-11-04,Store,14.0,Cancelled
3910,1114,2,44,2025-05-01,Store,3.0,Completed
3911,944,12,11,2025-08-28,Online,16.0,Completed
3912,1117,1,21,2025-05-26,Online,2.0,Completed
3913,777,7,31,2024-05-12,Online,6.0,Completed
3914,301,3,70,2024-07-15,Online,2.0,Completed
3915,64,2,48,2025-06-25,Online,15.0,Completed
3916,452,9,20,2025-10-02,Online,14.0,Completed
3917,421,3,82,2024-04-13,Mobile,14.0,Completed
3918,428,2,48,2024-12-12,Online,16.0,Completed
3919,716,2,40,2025-07-25,Online,14.0,Completed
3920,845,3,49,2025-12-30,Store,5.0,Completed
3921,284,12,43,2024-08-09,Online,,Completed
3922,848,10,66,2025-09-09,Online,6.0,Completed
3923,193,3,87,2025-11-22,Store,11.0,Completed
3924,699,10,46,2024-10-10,Online,,Completed
3925,80,3,87,2024-07-29,Store,12.0,Cancelled
3926,612,10,78,2025-12-23,Store,,Completed
3927,454,4,86,2025-09-16,Store,14.0,Completed
3928,88,6,54,2024-07-02,Store,3.0,Completed
3929,201,9,19,2025-02-21,Online,7.0,Completed
3930,1119,12,61,2025-07-10,Online,11.0,Completed
3931,802,2,77,2024-04-15,Store,13.0,Completed
3932,775,6,1,2025-02-20,Store,9.0,Cancelled
3933,670,7,51,2025-07-28,Store,6.0,Completed
3934,97,9,20,2025-11-23,Mobile,4.0,Cancelled
3935,613,9,8,2024-11-04,Online,16.0,Completed
3936,483,11,7,2024-11-25,Store,8.0,Completed
3937,458,6,54,2025-02-28,Store,5.0,Completed
3938,292,9,8,2024-04-12,Store,18.0,Completed
3939,640,6,32,2025-07-26,Mobile,15.0,Completed
3940,717,7,51,2025-12-04,Mobile,4.0,Completed
3941,1024,12,43,2025-07-22,Store,13.0,Cancelled
3942,766,4,86,2024-10-16,Mobile,2.0,Completed
3943,755,6,64,2025-09-13,Store,1.0,Completed
3944,557,4,24,2025-02-12,Online,14.0,Completed
3945,180,11,56,2024-08-26,Online,7.0,Completed
3946,889,3,87,2024-07-02,Mobile,6.0,Cancelled
3947,625,7,51,2025-08-16,Store,18.0,Completed
3948,487,9,2,2025-07-19,Mobile,11.0,Completed
3949,359,9,20,2025-12-18,Online,5.0,Completed
3950,899,3,49,2024-11-26,Online,,Completed
3951,834,12,4,2025-08-13,Mobile,13.0,Completed
3952,1158,3,49,2025-12-12,Mobile,7.0,Completed
3953,1196,2,40,2024-02-21,Online,14.0,Completed
3954,49,9,33,2024-06-26,Online,1.0,Completed
3955,619,2,12,2025-08-28,Online,10.0,Cancelled
3956,841,4,80,2025-05-04,Store,10.0,Completed
3957,1172,2,77,2024-08-10,Mobile,9.0,Cancelled
3958,542,11,7,2024-12-22,Store,5.0,Completed
3959,376,11,52,2025-07-14,Store,3.0,Completed
3960,547,9,68,2024-09-16,Store,4.0,Completed
3961,985,7,18,2025-11-26,Online,4.0,Cancelled
3962,212,4,83,2025-03-09,Store,,Completed
3963,513,5,47,2024-01-03,Store,17.0,Completed
3964,813,2,48,2025-04-05,Store,,Cancelled
3965,390,11,63,2025-08-20,Mobile,2.0,Completed
3966,1109,5,47,2025-05-29,Store,5.0,Completed
3967,1106,10,66,2025-07-25,Store,13.0,Completed
3968,514,1,76,2025-03-28,Online,1.0,Completed
3969,795,6,54,2025-03-29,Store,4.0,Cancelled
3970,347,8,26,2025-10-22,Store,1.0,Cancelled
3971,557,8,34,2024-02-02,Online,5.0,Completed
3972,499,11,56,2025-09-17,Store,2.0,Cancelled
3973,234,12,61,2025-08-13,Online,10.0,Completed
3974,290,12,61,2024-07-08,Online,12.0,Completed
3975,1013,8,5,2025-07-08,Online,11.0,Completed
3976,20,9,68,2024-05-12,Store,,Cancelled
3977,839,5,74,2024-01-27,Store,18.0,Cancelled
3978,568,7,55,2024-07-13,Store,17.0,Completed
3979,334,11,63,2024-04-10,Online,,Completed
3980,1109,7,55,2025-05-07,Online,7.0,Completed
3981,1108,10,71,2025-06-27,Online,6.0,Completed
3982,1110,12,58,2024-05-23,Store,6.0,Completed
3983,311,3,50,2024-05-13,Online,2.0,Completed
3984,773,1,76,2025-12-02,Mobile,17.0,Completed
3985,901,6,17,2025-05-26,Store,16.0,Completed
3986,490,11,56,2024-03-27,Mobile,12.0,Completed
3987,532,3,82,2025-02-10,Online,18.0,Completed
3988,101,2,40,2024-07-11,Online,11.0,Completed
3989,171,5,38,2024-03-10,Online,6.0,Completed
3990,1021,4,36,2025-09-20,Store,6.0,Completed
3991,299,5,81,2025-01-19,Online,,Cancelled
3992,446,3,49,2024-01-19,Online,8.0,Completed
3993,445,6,41,2025-01-10,Store,9.0,Completed
3994,487,9,28,2024-05-27,Online,15.0,Completed
3995,455,9,8,2025-09-12,Online,18.0,Completed
3996,597,1,73,2025-07-08,Store,13.0,Completed
3997,959,7,51,2025-11-20,Online,16.0,Completed
3998,1046,5,3,2024-06-08,Online,13.0,Completed
3999,760,8,69,2024-09-22,Store,1.0,Completed
4000,207,2,27,2024-09-08,Store,17.0,Completed
4001,932,10,46,2025-09-17,Store,10.0,Completed
4002,65,3,88,2025-01-29,Store,17.0,Cancelled
4003,36,11,7,2024-09-28,Store,8.0,Completed
4004,547,10,71,2024-04-07,Store,15.0,Completed
4005,24,3,49,2024-04-06,Store,12.0,Completed
4006,936,11,52,2024-09-02,Store,17.0,Cancelled
4007,130,9,37,2025-07-29,Store,13.0,Completed
4008,826,4,45,2024-06-05,Store,11.0,Completed
4009,207,11,63,2025-11-13,Online,10.0,Cancelled
4010,624,12,61,2025-02-20,Mobile,12.0,Completed
4011,1117,2,27,2025-10-17,Store,,Completed
4012,629,10,71,2024-08-28,Store,6.0,Completed
4013,366,9,33,2024-11-21,Online,12.0,Completed
4014,499,6,1,2024-09-03,Online,,Completed
4015,594,2,72,2025-10-29,Mobile,7.0,Cancelled
4016,163,1,73,2025-01-21,Store,1.0,Completed
4017,184,12,4,2025-06-30,Online,16.0,Completed
4018,209,4,89,2025-12-26,Online,16.0,Completed
4019,951,5,47,2025-05-10,Store,1.0,Cancelled
4020,539,12,58,2024-10-21,Store,8.0,Completed
4021,543,1,30,2024-04-17,Online,2.0,Completed
4022,945,11,63,2024-07-02,Store,16.0,Completed
4023,1122,4,24,2024-05-31,Store,,Cancelled
4024,374,8,84,2025-01-23,Online,14.0,Cancelled
4025,339,11,52,2024-05-09,Online,1.0,Completed
4026,397,11,56,2025-07-09,Store,18.0,Completed
4027,579,4,6,2024-11-05,Online,13.0,Completed
4028,961,11,56,2025-02-15,Store,2.0,Cancelled
4029,405,3,87,2025-12-04,Online,,Completed
4030,1006,2,12,2024-12-03,Online,18.0,Cancelled
4031,220,10,46,2024-02-05,Online,12.0,Completed
4032,183,4,80,2025-02-07,Store,10.0,Completed
4033,802,4,86,2024-10-09,Online,,Cancelled
4034,454,6,23,2025-01-23,Online,12.0,Cancelled
4035,188,9,37,2025-03-19,Online,,Completed
4036,534,5,38,2025-09-10,Mobile,16.0,Completed
4037,115,9,37,2024-08-13,Store,15.0,Completed
4038,56,9,2,2024-05-13,Store,1.0,Completed
4039,347,12,79,2024-11-17,Store,7.0,Completed
4040,266,7,55,2024-08-30,Store,4.0,Completed
4041,5,10,78,2024-05-04,Store,14.0,Completed
4042,732,7,55,2025-10-21,Online,18.0,Completed
4043,155,5,42,2024-07-31,Online,11.0,Cancelled
4044,886,3,82,2025-08-14,Online,14.0,Completed
4045,846,4,24,2025-11-09,Online,17.0,Cancelled
4046,953,4,57,2025-03-17,Store,,Completed
4047,931,1,73,2024-07-15,Store,2.0,Completed
4048,213,6,64,2025-07-24,Store,7.0,Completed
4049,1001,6,54,2025-07-24,Store,,Completed
4050,1071,9,28,2025-08-28,Online,10.0,Completed
4051,464,6,16,2024-08-03,Store,9.0,Completed
4052,444,11,63,2025-12-22,Online,14.0,Completed
4053,939,7,51,2025-11-07,Mobile,16.0,Completed
4054,1082,4,10,2025-05-02,Online,3.0,Completed
4055,734,11,7,2024-10-18,Store,2.0,Completed
4056,704,12,43,2025-08-11,Store,12.0,Completed
4057,961,11,56,2024-07-30,Store,14.0,Cancelled
4058,773,6,23,2024-03-15,Mobile,3.0,Completed
4059,1098,6,1,2024-06-17,Online,,Completed
4060,585,10,46,2024-08-07,Store,9.0,Completed
4061,103,12,11,2024-10-29,Store,5.0,Completed
4062,852,1,30,2025-06-07,Online,,Completed
4063,292,2,48,2025-01-22,Online,14.0,Completed
4064,700,12,11,2024-06-26,Mobile,,Cancelled
4065,1024,2,72,2025-03-17,Online,2.0,Completed
4066,1196,7,51,2024-11-20,Mobile,12.0,Completed
4067,490,10,46,2024-10-13,Online,15.0,Completed
4068,982,11,63,2024-07-20,Online,8.0,Completed
4069,890,7,18,2025-04-20,Store,16.0,Completed
4070,49,11,52,2025-10-20,Mobile,15.0,Completed
4071,964,10,90,2025-01-15,Store,12.0,Completed
4072,306,10,78,2024-07-30,Online,14.0,Completed
4073,540,2,27,2025-09-07,Store,,Completed
4074,929,9,68,2024-06-28,Online,11.0,Completed
4075,124,7,51,2025-07-14,Store,4.0,Completed
4076,537,2,12,2025-07-21,Store,4.0,Cancelled
4077,878,5,74,2025-04-14,Store,14.0,Completed
4078,192,8,14,2025-07-12,Store,,Completed
4079,715,4,36,2024-06-11,Store,14.0,Cancelled
4080,294,5,38,2024-12-13,Store,9.0,Cancelled
4081,215,5,38,2024-10-07,Online,7.0,Completed
4082,682,7,31,2024-12-30,Store,18.0,Completed
4083,168,5,3,2024-01-28,Online,1.0,Cancelled
4084,411,2,48,2024-04-14,Store,13.0,Completed
4085,170,1,85,2025-06-17,Online,5.0,Completed
4086,432,6,16,2024-09-08,Store,1.0,Cancelled
4087,849,12,11,2024-01-17,Mobile,9.0,Completed
4088,491,1,13,2024-07-29,Online,15.0,Completed
4089,611,4,80,2024-12-04,Online,13.0,Completed
4090,413,7,18,2024-08-13,Online,4.0,Completed
4091,72,5,38,2024-12-19,Online,,Completed
4092,870,12,59,2024-06-06,Online,12.0,Completed
4093,290,6,64,2024-02-08,Online,12.0,Completed
4094,134,4,10,2024-04-09,Online,,Completed
4095,147,1,22,2025-03-14,Store,8.0,Completed
4096,75,11,63,2024-04-22,Store,3.0,Completed
4097,471,3,15,2024-05-18,Online,17.0,Completed
4098,890,12,58,2025-10-26,Online,4.0,Completed
4099,707,10,46,2024-12-11,Online,15.0,Completed
4100,1034,8,34,2025-09-06,Online,9.0,Completed
4101,634,11,56,2024-01-03,Store,6.0,Cancelled
4102,1058,5,47,2025-12-24,Store,4.0,Completed
4103,732,10,78,2024-11-05,Mobile,,Completed
4104,1095,5,81,2024-11-07,Online,6.0,Cancelled
4105,218,6,41,2024-08-18,Store,2.0,Cancelled
4106,735,11,52,2024-02-26,Mobile,11.0,Completed
4107,983,11,52,2024-03-18,Online,13.0,Cancelled
4108,529,10,90,2025-12-06,Online,10.0,Completed
4109,1161,11,56,2025-06-24,Store,,Completed
4110,387,9,20,2024-08-03,Store,2.0,Cancelled
4111,1035,12,4,2025-11-13,Online,10.0,Completed
4112,915,2,44,2024-02-25,Online,15.0,Completed
4113,595,10,71,2025-01-15,Mobile,14.0,Completed
4114,63,9,8,2025-09-15,Online,16.0,Completed
4115,280,5,67,2024-05-28,Mobile,11.0,Completed
4116,983,5,47,2025-04-21,Store,11.0,Cancelled
4117,381,5,3,2024-06-08,Store,8.0,Cancelled
4118,804,2,48,2024-09-28,Online,18.0,Completed
4119,236,5,39,2025-05-28,Store,10.0,Completed
4120,545,11,52,2024-07-01,Online,17.0,Completed
4121,896,12,58,2024-12-28,Store,6.0,Completed
4122,184,12,61,2024-04-16,Online,9.0,Cancelled
4123,632,4,10,2024-02-09,Store,,Completed
4124,903,4,86,2025-08-21,Mobile,,Completed
4125,821,5,3,2025-01-26,Store,,Completed
4126,311,9,2,2025-04-18,Online,12.0,Completed
4127,442,9,20,2024-02-24,Online,3.0,Completed
4128,271,4,24,2025-12-16,Online,,Completed
4129,1146,10,46,2024-06-29,Store,13.0,Completed
4130,52,9,20,2025-12-16,Online,13.0,Completed
4131,798,8,34,2025-03-02,Store,,Completed
4132,901,12,58,2024-07-08,Store,13.0,Completed
4133,427,12,61,2025-04-01,Online,17.0,Completed
4134,736,9,8,2024-06-07,Store,1.0,Completed
4135,1178,11,7,2024-11-15,Online,4.0,Cancelled
4136,750,1,35,2025-04-21,Store,4.0,Completed
4137,132,6,41,2024-05-23,Online,12.0,Completed
4138,859,6,64,2025-03-26,Store,11.0,Completed
4139,264,2,27,2025-04-20,Mobile,12.0,Cancelled
4140,47,3,15,2024-06-22,Store,,Completed
4141,5,2,12,2025-10-05,Store,,Completed
4142,1194,4,86,2025-04-19,Store,12.0,Completed
4143,69,1,30,2025-07-22,Online,8.0,Cancelled
4144,715,7,18,2025-02-18,Online,14.0,Completed
4145,405,4,24,2024-08-27,Online,6.0,Completed
4146,1147,2,44,2025-08-08,Store,8.0,Completed
4147,604,3,70,2024-08-21,Store,9.0,Completed
4148,190,1,22,2024-01-19,Mobile,,Completed
4149,257,4,83,2024-01-05,Online,13.0,Completed
4150,408,6,54,2024-03-12,Online,12.0,Completed
4151,123,3,87,2024-07-08,Store,,Completed
4152,654,3,49,2025-04-19,Store,,Completed
4153,1087,5,3,2024-02-06,Online,,Completed
4154,1056,8,14,2025-12-26,Store,16.0,Completed
4155,278,12,4,2025-06-20,Store,9.0,Cancelled
4156,680,9,68,2024-08-28,Mobile,4.0,Completed
4157,318,1,85,2025-03-09,Mobile,,Cancelled
4158,193,6,54,2025-09-19,Store,,Completed
4159,736,6,32,2024-01-30,Store,2.0,Completed
4160,923,4,10,2025-04-17,Online,,Completed
4161,871,8,69,2024-05-01,Store,13.0,Completed
4162,956,8,34,2025-03-20,Mobile,14.0,Completed
4163,383,3,87,2025-07-28,Store,18.0,Completed
4164,591,5,62,2024-12-22,Mobile,8.0,Completed
4165,1046,12,61,2025-01-03,Mobile,8.0,Completed
4166,1130,11,56,2025-05-25,Store,11.0,Completed
4167,1098,5,60,2024-07-03,Online,15.0,Completed
4168,714,5,25,2024-02-09,Mobile,,Completed
4169,280,8,5,2025-05-18,Store,,Cancelled
4170,675,1,35,2024-02-05,Online,5.0,Completed
4171,998,2,44,2025-10-05,Online,6.0,Completed
4172,504,4,10,2025-01-12,Online,,Completed
4173,67,11,63,2025-03-17,Online,14.0,Completed
4174,790,10,66,2025-02-27,Online,1.0,Completed
4175,230,12,79,2024-07-19,Store,5.0,Completed
4176,505,7,51,2025-12-21,Online,9.0,Completed
4177,796,12,58,2024-04-06,Online,,Cancelled
4178,654,10,71,2024-01-15,Store,6.0,Completed
4179,800,1,30,2025-09-30,Store,6.0,Completed
4180,664,12,79,2025-09-15,Online,15.0,Cancelled
4181,845,7,31,2025-10-01,Store,4.0,Completed
4182,28,1,85,2025-11-23,Store,10.0,Completed
4183,666,6,64,2025-08-14,Online,,Completed
4184,670,5,74,2024-01-22,Store,5.0,Completed
4185,643,5,38,2024-09-18,Store,7.0,Cancelled
4186,297,3,15,2025-11-07,Online,8.0,Completed
4187,56,11,7,2024-07-19,Store,9.0,Completed
4188,578,3,15,2024-04-16,Online,,Completed
4189,369,9,2,2024-09-16,Store,12.0,Completed
4190,362,1,73,2024-12-20,Online,,Completed
4191,67,5,67,2025-02-21,Online,4.0,Completed
4192,1019,8,84,2025-09-14,Online,15.0,Completed
4193,1075,6,54,2025-03-21,Store,5.0,Completed
4194,765,4,36,2025-02-06,Store,13.0,Completed
4195,251,12,11,2025-04-10,Store,15.0,Completed
4196,535,2,27,2024-03-17,Store,17.0,Completed
4197,747,12,61,2025-03-06,Mobile,,Cancelled
4198,827,9,28,2025-07-02,Online,13.0,Cancelled
4199,634,2,72,2024-04-17,Online,11.0,Completed
4200,352,1,30,2024-04-12,Store,,Completed
4201,132,5,38,2024-01-13,Store,11.0,Cancelled
4202,641,6,32,2024-08-01,Store,14.0,Cancelled
4203,796,7,18,2025-12-26,Store,9.0,Completed
4204,252,8,84,2025-07-23,Store,4.0,Completed
4205,1134,1,30,2024-10-10,Store,1.0,Completed
4206,664,2,12,2024-04-15,Mobile,13.0,Completed
4207,560,3,15,2025-05-06,Store,6.0,Completed
4208,223,7,55,2024-03-24,Store,4.0,Completed
4209,700,2,72,2025-09-19,Store,9.0,Cancelled
4210,704,10,46,2025-12-12,Store,18.0,Completed
4211,952,9,68,2025-10-17,Store,15.0,Completed
4212,993,4,36,2024-03-27,Store,,Completed
4213,759,7,55,2025-06-08,Store,17.0,Cancelled
4214,883,11,7,2024-04-17,Store,15.0,Completed
4215,618,9,28,2024-11-26,Store,5.0,Completed
4216,619,9,20,2024-11-26,Store,,Cancelled
4217,777,7,18,2025-12-23,Store,17.0,Completed
4218,323,2,48,2024-09-29,Online,12.0,Completed
4219,811,4,89,2025-05-01,Online,18.0,Completed
4220,310,3,15,2024-03-20,Online,9.0,Cancelled
4221,844,9,20,2024-12-16,Online,9.0,Completed
4222,917,8,26,2025-09-01,Store,11.0,Completed
4223,326,3,82,2024-03-02,Online,3.0,Completed
4224,302,7,18,2024-07-04,Store,18.0,Completed
4225,803,8,26,2024-08-12,Online,17.0,Completed
4226,569,11,56,2024-05-29,Online,7.0,Completed
4227,380,3,49,2024-01-26,Store,13.0,Completed
4228,346,10,78,2025-12-13,Online,5.0,Completed
4229,173,11,63,2024-10-28,Online,8.0,Completed
4230,144,12,11,2025-06-11,Store,3.0,Completed
4231,1190,12,79,2024-10-30,Store,8.0,Cancelled
4232,1025,4,80,2024-09-18,Store,14.0,Completed
4233,76,3,49,2024-07-12,Store,8.0,Completed
4234,514,6,54,2024-06-17,Store,11.0,Completed
4235,507,1,13,2025-05-23,Store,,Completed
4236,821,12,4,2024-02-27,Store,12.0,Completed
4237,340,4,10,2025-12-15,Store,3.0,Completed
4238,176,1,65,2024-06-14,Store,,Completed
4239,242,6,23,2024-01-15,Store,2.0,Completed
4240,64,9,68,2024-05-15,Online,12.0,Completed
4241,688,4,36,2025-11-21,Store,,Completed
4242,1050,1,85,2025-06-10,Store,7.0,Completed
4243,447,9,20,2024-08-16,Store,11.0,Completed
4244,415,3,49,2024-04-21,Online,,Completed
4245,312,7,55,2024-12-07,Online,10.0,Completed
4246,327,6,41,2025-04-19,Store,18.0,Cancelled
4247,1129,8,26,2024-09-20,Store,11.0,Completed
4248,164,6,54,2024-07-05,Online,16.0,Completed
4249,433,12,79,2025-03-10,Mobile,12.0,Completed
4250,707,10,78,2024-07-08,Store,7.0,Cancelled
4251,251,11,56,2024-05-31,Online,9.0,Completed
4252,226,3,87,2024-12-04,Store,11.0,Completed
4253,102,9,37,2025-02-17,Store,16.0,Completed
4254,517,2,44,2024-06-12,Store,6.0,Cancelled
4255,153,11,56,2024-09-08,Mobile,18.0,Completed
4256,1117,7,31,2024-04-24,Store,1.0,Completed
4257,320,12,11,2025-06-02,Store,13.0,Completed
4258,906,5,3,2025-11-03,Mobile,17.0,Completed
4259,727,5,3,2025-07-10,Online,11.0,Cancelled
4260,15,6,23,2024-07-22,Store,13.0,Completed
4261,914,5,81,2025-01-18,Store,,Completed
4262,781,7,51,2025-12-19,Store,1.0,Completed
4263,600,3,82,2025-01-13,Mobile,16.0,Completed
4264,820,2,44,2025-09-21,Store,13.0,Completed
4265,950,2,77,2025-11-05,Online,9.0,Completed
4266,883,1,65,2025-11-09,Store,17.0,Completed
4267,264,3,70,2024-07-16,Mobile,11.0,Completed
4268,363,8,34,2024-05-02,Mobile,17.0,Completed
4269,601,1,73,2024-01-02,Store,8.0,Completed
4270,917,11,7,2024-10-09,Store,2.0,Completed
4271,879,2,40,2024-10-14,Online,,Completed
4272,345,1,22,2024-03-28,Online,13.0,Completed
4273,393,7,31,2025-06-17,Store,6.0,Completed
4274,1091,7,31,2024-05-18,Store,10.0,Completed
4275,181,6,54,2024-09-12,Online,5.0,Completed
4276,496,5,67,2024-02-01,Store,7.0,Completed
4277,1030,4,10,2025-01-21,Online,,Completed
4278,224,7,51,2025-12-29,Store,4.0,Completed
4279,952,9,19,2025-12-19,Mobile,8.0,Completed
4280,736,1,73,2024-10-30,Store,13.0,Completed
4281,507,2,48,2025-12-03,Online,16.0,Cancelled
4282,45,4,86,2025-08-02,Mobile,17.0,Completed
4283,801,7,55,2024-03-16,Online,8.0,Completed
4284,837,5,81,2024-05-08,Online,10.0,Completed
4285,1025,3,49,2025-03-26,Online,10.0,Completed
4286,784,5,39,2024-06-11,Store,17.0,Completed
4287,1150,2,77,2024-01-05,Store,12.0,Completed
4288,57,7,55,2025-11-05,Mobile,6.0,Completed
4289,294,5,38,2025-07-24,Mobile,9.0,Cancelled
4290,431,2,12,2025-07-25,Store,2.0,Completed
4291,619,4,24,2024-01-21,Store,16.0,Cancelled
4292,499,7,55,2025-01-12,Store,14.0,Cancelled
4293,760,1,13,2025-03-31,Online,,Cancelled
4294,85,2,40,2024-12-09,Online,,Completed
4295,123,1,35,2024-11-25,Mobile,11.0,Completed
4296,1089,10,71,2024-05-10,Store,2.0,Completed
4297,644,4,57,2024-01-01,Online,9.0,Completed
4298,644,6,54,2025-09-21,Store,11.0,Completed
4299,336,5,3,2024-11-14,Store,3.0,Completed
4300,154,2,12,2024-06-28,Mobile,11.0,Completed
4301,341,7,55,2025-05-15,Store,,Completed
4302,1179,9,20,2024-10-23,Mobile,5.0,Cancelled
4303,653,11,63,2025-03-19,Store,10.0,Cancelled
4304,164,8,29,2024-11-28,Store,18.0,Completed
4305,1136,6,17,2025-10-19,Store,5.0,Completed
4306,921,3,50,2025-07-28,Store,3.0,Completed
4307,688,1,30,2024-11-15,Online,18.0,Cancelled
4308,785,3,88,2025-12-12,Mobile,12.0,Completed
4309,472,12,59,2025-05-05,Online,14.0,Completed
4310,953,12,4,2025-11-17,Store,12.0,Cancelled
4311,162,5,42,2024-08-24,Online,15.0,Cancelled
4312,153,3,87,2025-12-22,Online,16.0,Completed
4313,481,5,38,2025-04-01,Store,5.0,Completed
4314,33,9,2,2025-04-14,Online,16.0,Completed
4315,556,7,55,2025-10-06,Store,11.0,Completed
4316,1148,12,4,2024-10-07,Store,,Completed
4317,1092,4,10,2024-02-09,Online,17.0,Completed
4318,302,1,30,2024-07-26,Online,16.0,Completed
4319,87,10,90,2025-06-23,Store,2.0,Completed
4320,47,10,71,2024-10-26,Store,,Completed
4321,544,8,75,2024-05-19,Online,3.0,Completed
4322,42,3,87,2024-08-26,Store,10.0,Completed
4323,341,1,21,2025-05-04,Store,3.0,Completed
4324,1191,3,50,2025-10-11,Store,8.0,Cancelled
4325,679,5,67,2024-04-21,Online,16.0,Cancelled
4326,862,2,40,2024-08-18,Online,5.0,Completed
4327,1014,6,16,2024-09-20,Store,14.0,Completed
4328,63,4,86,2024-02-28,Store,17.0,Completed
4329,713,10,66,2024-05-09,Online,15.0,Cancelled
4330,629,9,8,2024-11-09,Store,12.0,Cancelled
4331,63,11,7,2025-02-21,Store,10.0,Completed
4332,371,3,87,2024-02-13,Online,17.0,Completed
4333,942,4,24,2024-10-04,Store,6.0,Completed
4334,428,5,67,2025-01-14,Store,12.0,Completed
4335,949,4,57,2024-03-18,Store,,Completed
4336,1096,1,73,2025-06-07,Online,1.0,Completed
4337,431,3,87,2025-02-21,Store,18.0,Completed
4338,805,6,64,2025-06-13,Store,4.0,Completed
4339,1044,1,85,2025-12-09,Online,18.0,Completed
4340,193,4,45,2024-09-26,Store,7.0,Completed
4341,1102,3,88,2025-08-24,Mobile,14.0,Completed
4342,552,12,11,2024-03-18,Store,18.0,Completed
4343,743,8,84,2024-10-12,Online,15.0,Completed
4344,168,1,35,2025-07-20,Store,13.0,Completed
4345,589,6,64,2025-07-20,Mobile,6.0,Completed
4346,1199,8,26,2024-07-23,Online,9.0,Completed
4347,81,9,33,2025-06-20,Store,15.0,Completed
4348,410,11,52,2025-04-17,Online,6.0,Completed
4349,1024,8,26,2024-12-23,Store,1.0,Completed
4350,180,7,31,2024-03-11,Online,14.0,Completed
4351,879,7,51,2024-10-10,Online,17.0,Completed
4352,1058,8,69,2025-01-18,Online,4.0,Cancelled
4353,676,7,51,2025-06-19,Online,2.0,Completed
4354,295,10,66,2024-01-11,Online,12.0,Completed
4355,750,8,14,2024-05-24,Online,1.0,Completed
4356,1037,2,77,2024-08-04,Online,1.0,Completed
4357,281,9,19,2024-06-04,Online,13.0,Cancelled
4358,795,11,7,2025-03-31,Store,,Completed
4359,182,6,41,2024-09-20,Mobile,11.0,Completed
4360,687,5,81,2024-12-25,Online,14.0,Cancelled
4361,863,11,56,2025-08-19,Mobile,,Completed
4362,309,1,22,2025-08-09,Store,5.0,Completed
4363,681,5,81,2024-06-03,Online,13.0,Cancelled
4364,5,5,3,2024-12-08,Online,13.0,Completed
4365,386,2,27,2025-03-28,Online,2.0,Completed
4366,1090,2,40,2024-04-04,Store,12.0,Cancelled
4367,124,6,32,2025-05-27,Online,,Cancelled
4368,565,11,63,2024-08-26,Online,17.0,Completed
4369,944,9,68,2025-10-03,Online,8.0,Cancelled
4370,446,12,61,2024-12-18,Store,,Completed
4371,899,2,72,2025-06-01,Online,16.0,Completed
4372,1173,7,55,2025-08-06,Store,16.0,Completed
4373,536,4,45,2024-06-22,Store,3.0,Completed
4374,647,4,57,2024-05-10,Mobile,,Completed
4375,817,4,6,2025-01-10,Online,13.0,Cancelled
4376,511,11,56,2024-11-23,Online,11.0,Completed
4377,836,6,54,2024-04-13,Online,1.0,Completed
4378,681,11,63,2024-07-28,Online,15.0,Cancelled
4379,353,11,56,2024-01-16,Store,3.0,Completed
4380,716,3,88,2025-02-05,Mobile,12.0,Cancelled
4381,947,2,72,2025-08-10,Store,8.0,Completed
4382,757,11,63,2025-04-21,Mobile,6.0,Cancelled
4383,576,8,69,2025-12-01,Mobile,4.0,Completed
4384,783,2,12,2024-04-25,Store,8.0,Completed
4385,839,1,30,2024-10-28,Online,9.0,Completed
4386,512,12,4,2025-01-23,Online,2.0,Completed
4387,245,10,90,2025-05-05,Online,18.0,Completed
4388,158,7,55,2024-02-15,Online,8.0,Completed
4389,500,7,31,2025-09-09,Online,,Cancelled
4390,610,4,36,2024-01-14,Store,1.0,Completed
4391,81,2,44,2024-08-10,Online,5.0,Cancelled
4392,308,1,76,2025-07-12,Store,14.0,Cancelled
4393,145,6,23,2024-10-18,Online,18.0,Completed
4394,133,9,20,2024-05-13,Store,5.0,Completed
4395,102,1,35,2024-09-24,Online,1.0,Completed
4396,543,9,19,2024-05-29,Online,7.0,Completed
4397,1156,10,66,2025-12-18,Store,7.0,Cancelled
4398,687,5,42,2025-07-05,Online,,Completed
4399,1157,4,6,2025-02-10,Store,,Completed
4400,203,7,18,2024-10-29,Online,,Cancelled
4401,1151,12,61,2025-06-29,Mobile,16.0,Cancelled
4402,539,10,90,2025-12-05,Store,,Completed
4403,130,2,12,2025-02-16,Store,13.0,Completed
4404,75,10,90,2025-09-09,Online,6.0,Cancelled
4405,621,9,2,2025-04-10,Store,,Completed
4406,1085,8,84,2025-01-29,Store,,Completed
4407,159,8,5,2025-03-09,Store,,Cancelled
4408,569,4,80,2024-09-03,Store,11.0,Completed
4409,483,5,67,2025-11-23,Store,8.0,Completed
4410,1125,2,44,2024-11-08,Online,3.0,Completed
4411,140,7,31,2024-05-17,Online,7.0,Completed
4412,520,3,15,2025-03-03,Online,10.0,Completed
4413,685,4,83,2024-07-10,Store,12.0,Completed
4414,1132,6,1,2025-01-11,Mobile,17.0,Cancelled
4415,165,1,76,2025-11-23,Store,13.0,Cancelled
4416,138,7,31,2025-12-28,Mobile,9.0,Completed
4417,438,5,60,2025-12-03,Mobile,17.0,Completed
4418,828,3,15,2024-06-21,Store,15.0,Completed
4419,173,7,18,2025-02-19,Online,,Cancelled
4420,997,4,24,2025-12-25,Mobile,,Completed
4421,687,4,83,2025-10-24,Mobile,,Completed
4422,328,6,16,2024-02-18,Online,4.0,Completed
4423,847,6,17,2025-02-12,Store,11.0,Completed
4424,466,12,79,2025-11-05,Store,2.0,Completed
4425,1150,4,89,2025-08-17,Store,4.0,Completed
4426,938,8,29,2024-04-15,Store,2.0,Completed
4427,125,11,7,2025-01-13,Store,,Completed
4428,1155,6,16,2025-03-17,Store,12.0,Cancelled
4429,252,2,48,2024-10-21,Online,3.0,Completed
4430,646,11,52,2024-01-31,Online,1.0,Completed
4431,1021,3,50,2025-09-28,Online,14.0,Cancelled
4432,984,10,78,2025-01-30,Store,1.0,Cancelled
4433,233,6,32,2025-05-14,Online,18.0,Completed
4434,410,3,70,2025-01-02,Store,12.0,Completed
4435,553,9,68,2025-11-26,Store,18.0,Completed
4436,69,5,74,2025-08-21,Store,3.0,Completed
4437,596,4,86,2024-11-11,Store,4.0,Completed
4438,408,11,7,2025-06-27,Online,6.0,Completed
4439,466,4,6,2025-02-05,Store,7.0,Cancelled
4440,346,3,70,2024-04-20,Store,3.0,Completed
4441,504,2,72,2024-03-12,Store,1.0,Completed
4442,858,12,11,2024-08-06,Mobile,4.0,Cancelled
4443,842,5,60,2025-09-03,Mobile,3.0,Completed
4444,779,4,24,2025-11-15,Store,9.0,Completed
4445,430,2,72,2025-07-06,Mobile,,Completed
4446,922,1,85,2024-08-24,Online,6.0,Cancelled
4447,492,12,11,2025-03-13,Store,11.0,Completed
4448,327,3,49,2024-09-14,Online,5.0,Cancelled
4449,230,3,49,2024-06-19,Online,2.0,Completed
4450,1036,3,49,2024-09-05,Store,10.0,Completed
4451,74,7,55,2024-06-30,Mobile,12.0,Completed
4452,1052,7,31,2024-06-11,Online,6.0,Cancelled
4453,1034,6,1,2025-12-19,Online,11.0,Cancelled
4454,1081,10,66,2025-10-25,Online,11.0,Completed
4455,1057,1,35,2024-07-07,Online,16.0,Completed
4456,597,1,76,2025-01-29,Mobile,13.0,Cancelled
4457,78,4,83,2025-10-11,Online,9.0,Completed
4458,300,7,55,2024-07-24,Online,18.0,Completed
4459,162,5,25,2025-04-14,Online,9.0,Completed
4460,1150,3,49,2025-08-24,Online,4.0,Completed
4461,454,11,63,2024-12-21,Store,16.0,Completed
4462,875,5,67,2024-01-09,Store,,Completed
4463,50,9,2,2025-12-09,Online,12.0,Completed
4464,156,3,88,2025-04-21,Store,18.0,Completed
4465,927,6,17,2025-12-09,Store,3.0,Completed
4466,869,9,28,2024-02-02,Online,17.0,Completed
4467,122,3,50,2024-04-24,Mobile,14.0,Completed
4468,1005,6,1,2024-10-29,Mobile,10.0,Completed
4469,805,11,7,2024-01-31,Online,,Completed
4470,758,12,43,2024-03-20,Online,13.0,Completed
4471,1108,1,22,2025-02-23,Store,4.0,Cancelled
4472,467,4,89,2025-06-08,Mobile,9.0,Completed
4473,378,3,87,2025-03-16,Online,12.0,Completed
4474,47,1,76,2024-08-01,Mobile,,Completed
4475,853,10,46,2025-04-27,Online,8.0,Cancelled
4476,543,3,88,2025-05-03,Online,8.0,Completed
4477,78,8,75,2025-12-12,Online,14.0,Cancelled
4478,24,3,49,2025-08-28,Store,4.0,Completed
4479,472,1,21,2025-02-11,Store,12.0,Completed
4480,772,12,61,2025-06-29,Online,6.0,Completed
4481,717,4,45,2025-04-21,Store,1.0,Cancelled
4482,413,4,36,2025-09-04,Store,8.0,Completed
4483,316,7,51,2024-11-29,Store,5.0,Completed
4484,927,4,86,2024-11-22,Store,6.0,Completed
4485,546,8,14,2024-01-18,Mobile,9.0,Completed
4486,943,1,73,2024-02-26,Online,9.0,Completed
4487,422,7,31,2024-06-12,Online,7.0,Completed
4488,1088,5,81,2024-10-29,Mobile,2.0,Completed
4489,649,1,76,2024-03-19,Online,17.0,Cancelled
4490,259,6,41,2025-11-10,Online,16.0,Completed
4491,380,3,70,2025-02-07,Store,8.0,Completed
4492,742,9,28,2025-05-16,Online,11.0,Cancelled
4493,188,8,75,2024-07-24,Online,4.0,Completed
4494,1193,12,79,2024-03-14,Store,13.0,Completed
4495,797,2,27,2025-09-11,Store,4.0,Completed
4496,53,4,24,2024-11-02,Online,6.0,Completed
4497,193,4,24,2025-03-10,Online,12.0,Completed
4498,304,3,88,2024-07-21,Online,15.0,Completed
4499,306,9,20,2024-09-03,Online,17.0,Completed
4500,1011,12,4,2025-11-12,Store,13.0,Completed
4501,242,12,11,2025-04-03,Store,6.0,Completed
4502,719,3,82,2024-12-28,Store,15.0,Completed
4503,993,9,68,2025-12-31,Online,7.0,Completed
4504,659,7,51,2024-09-25,Mobile,4.0,Completed
4505,131,4,86,2025-12-13,Store,3.0,Completed
4506,870,8,5,2024-06-09,Store,4.0,Completed
4507,707,3,87,2024-06-12,Store,5.0,Completed
4508,1126,3,70,2024-07-17,Store,1.0,Completed
4509,369,9,2,2025-11-30,Store,3.0,Completed
4510,1112,12,43,2024-10-29,Mobile,2.0,Completed
4511,174,2,40,2024-03-12,Online,16.0,Completed
4512,470,7,31,2025-11-10,Online,6.0,Completed
4513,716,2,12,2024-12-01,Store,18.0,Completed
4514,758,3,82,2025-05-27,Store,13.0,Cancelled
4515,120,4,83,2024-06-10,Store,4.0,Completed
4516,1177,5,81,2024-12-22,Store,9.0,Completed
4517,434,10,71,2025-05-16,Store,6.0,Completed
4518,1085,2,48,2025-04-30,Store,5.0,Completed
4519,855,2,77,2025-07-06,Online,12.0,Completed
4520,421,5,42,2024-12-02,Store,2.0,Completed
4521,212,10,90,2025-12-15,Online,9.0,Completed
4522,946,12,58,2025-07-14,Online,5.0,Completed
4523,24,7,55,2024-08-03,Store,,Completed
4524,991,4,6,2025-11-03,Mobile,11.0,Completed
4525,876,5,81,2025-09-26,Online,,Cancelled
4526,94,8,5,2025-06-09,Mobile,13.0,Completed
4527,1049,6,16,2024-11-28,Online,,Completed
4528,671,5,42,2024-08-11,Online,11.0,Completed
4529,918,10,66,2024-09-17,Online,4.0,Completed
4530,691,12,43,2025-05-22,Store,11.0,Cancelled
4531,962,9,8,2024-06-21,Store,6.0,Cancelled
4532,630,5,39,2025-03-18,Mobile,5.0,Completed
4533,42,5,67,2025-04-30,Store,5.0,Cancelled
4534,413,6,41,2025-05-14,Store,5.0,Completed
4535,719,12,79,2024-09-24,Store,,Completed
4536,930,2,77,2025-12-09,Store,12.0,Completed
4537,863,1,65,2024-06-28,Store,,Completed
4538,424,11,56,2024-04-07,Store,,Completed
4539,860,9,19,2024-11-30,Online,6.0,Completed
4540,509,9,20,2025-08-28,Mobile,7.0,Completed
4541,663,12,43,2025-11-11,Mobile,12.0,Cancelled
4542,945,7,18,2025-10-29,Online,8.0,Completed
4543,1164,10,78,2025-07-23,Store,9.0,Completed
4544,333,7,55,2024-04-27,Store,12.0,Completed
4545,1057,12,59,2025-05-06,Store,11.0,Completed
4546,635,6,64,2024-08-14,Online,14.0,Completed
4547,807,10,71,2024-04-02,Mobile,3.0,Cancelled
4548,1070,6,64,2024-04-21,Online,3.0,Cancelled
4549,173,5,62,2025-02-09,Online,9.0,Completed
4550,1166,7,18,2024-01-30,Online,,Cancelled
4551,1166,2,77,2025-03-20,Store,15.0,Completed
4552,955,9,68,2025-10-14,Online,4.0,Completed
4553,1106,12,79,2025-02-15,Store,7.0,Completed
4554,1130,11,7,2025-01-31,Store,11.0,Completed
4555,122,7,31,2024-11-18,Mobile,7.0,Completed
4556,129,1,65,2024-08-18,Online,10.0,Completed
4557,789,8,5,2024-12-11,Online,12.0,Completed
4558,454,8,5,2024-03-01,Online,7.0,Completed
4559,770,3,70,2024-11-18,Online,9.0,Completed
4560,1143,4,10,2024-05-13,Store,13.0,Completed
4561,619,10,90,2024-11-23,Store,17.0,Cancelled
4562,1103,6,17,2024-12-14,Mobile,9.0,Completed
4563,732,7,55,2024-03-22,Store,2.0,Completed
4564,184,8,26,2025-05-02,Mobile,4.0,Completed
4565,804,6,41,2024-10-14,Store,18.0,Completed
4566,1140,6,54,2025-09-28,Online,18.0,Completed
4567,529,3,87,2025-10-28,Store,,Completed
4568,536,9,19,2025-02-08,Store,3.0,Cancelled
4569,210,10,66,2025-01-16,Store,1.0,Completed
4570,1068,10,71,2025-03-31,Online,,Completed
4571,145,6,16,2025-10-19,Store,17.0,Completed
4572,409,11,7,2025-03-25,Online,,Completed
4573,1173,6,17,2025-09-19,Online,10.0,Completed
4574,233,6,16,2024-11-02,Online,8.0,Completed
4575,844,7,18,2024-11-30,Store,8.0,Completed
4576,537,6,64,2025-07-17,Online,4.0,Completed
4577,741,8,29,2025-01-21,Store,,Completed
4578,342,10,46,2024-07-28,Online,10.0,Completed
4579,87,2,44,2025-10-27,Store,10.0,Cancelled
4580,1083,10,66,2025-11-21,Online,4.0,Completed
4581,1176,11,52,2025-01-29,Online,8.0,Completed
4582,250,4,86,2024-03-19,Online,15.0,Completed
4583,827,1,21,2025-02-08,Online,3.0,Completed
4584,431,12,4,2025-10-24,Store,1.0,Cancelled
4585,825,9,2,2024-06-15,Online,17.0,Completed
4586,861,1,22,2025-12-19,Store,,Cancelled
4587,611,10,90,2024-06-27,Mobile,7.0,Completed
4588,521,10,66,2025-08-05,Store,4.0,Completed
4589,258,8,14,2024-06-04,Online,11.0,Cancelled
4590,945,7,51,2025-01-04,Mobile,2.0,Completed
4591,1118,10,66,2025-04-08,Online,10.0,Cancelled
4592,435,2,44,2025-04-14,Store,,Completed
4593,276,11,7,2024-08-06,Online,,Completed
4594,786,7,55,2024-01-22,Online,3.0,Completed
4595,380,1,85,2024-12-29,Store,3.0,Completed
4596,232,7,18,2024-07-12,Online,8.0,Completed
4597,342,7,55,2024-11-08,Store,,Completed
4598,1183,6,64,2024-07-25,Online,,Completed
4599,738,4,83,2025-04-13,Online,13.0,Completed
4600,512,3,49,2024-06-21,Store,1.0,Completed
4601,141,11,56,2025-02-25,Mobile,2.0,Completed
4602,855,8,5,2024-07-24,Mobile,12.0,Cancelled
4603,1084,7,31,2024-10-27,Mobile,1.0,Completed
4604,626,2,44,2025-04-08,Store,18.0,Completed
4605,104,4,24,2025-04-11,Store,,Completed
4606,201,11,63,2024-12-26,Online,13.0,Completed
4607,663,10,46,2024-01-27,Store,,Completed
4608,954,3,15,2024-12-17,Online,3.0,Completed
4609,528,2,77,2025-10-07,Online,3.0,Completed
4610,212,11,52,2025-01-03,Store,,Cancelled
4611,956,6,64,2025-06-24,Online,16.0,Completed
4612,1126,12,4,2025-12-31,Store,4.0,Completed
4613,1084,12,59,2025-07-30,Store,11.0,Completed
4614,914,9,37,2025-12-01,Store,1.0,Completed
4615,1096,7,18,2024-05-31,Store,14.0,Completed
4616,336,5,62,2024-10-24,Store,,Completed
4617,390,10,46,2025-12-25,Store,7.0,Completed
4618,825,6,64,2025-12-08,Online,4.0,Completed
4619,895,1,21,2025-07-04,Store,8.0,Completed
4620,641,12,11,2025-03-10,Online,13.0,Completed
4621,535,3,87,2025-12-23,Online,15.0,Completed
4622,37,2,77,2024-06-30,Store,,Completed
4623,935,2,48,2025-07-29,Online,,Cancelled
4624,1150,9,37,2024-12-31,Online,17.0,Completed
4625,135,1,9,2025-09-28,Online,15.0,Cancelled
4626,669,5,53,2024-03-31,Store,10.0,Completed
4627,209,4,83,2025-03-02,Store,17.0,Completed
4628,303,4,80,2025-05-09,Store,6.0,Completed
4629,629,6,1,2024-08-10,Online,3.0,Completed
4630,319,2,40,2024-08-15,Store,11.0,Completed
4631,1094,2,77,2025-09-06,Mobile,1.0,Completed
4632,1009,7,55,2024-06-29,Store,18.0,Completed
4633,1003,10,66,2025-01-21,Online,12.0,Completed
4634,777,5,81,2024-04-04,Store,18.0,Completed
4635,782,7,55,2024-01-28,Store,2.0,Cancelled
4636,722,2,44,2025-11-01,Online,3.0,Completed
4637,732,9,19,2025-11-25,Mobile,10.0,Completed
4638,2,1,65,2025-11-01,Store,4.0,Completed
4639,569,12,61,2025-03-31,Online,18.0,Completed
4640,324,11,56,2024-07-25,Online,14.0,Completed
4641,136,4,89,2025-12-23,Store,4.0,Completed
4642,774,2,44,2025-12-26,Online,16.0,Cancelled
4643,1093,9,28,2025-12-05,Store,4.0,Completed
4644,671,3,82,2024-01-15,Online,2.0,Completed
4645,717,3,15,2025-05-30,Store,10.0,Completed
4646,750,12,79,2025-09-03,Online,17.0,Completed
4647,631,1,30,2025-07-10,Store,13.0,Completed
4648,76,3,87,2025-08-20,Mobile,7.0,Completed
4649,240,5,62,2025-12-02,Online,5.0,Completed
4650,814,5,67,2024-11-10,Mobile,4.0,Completed
4651,739,12,11,2025-03-31,Online,15.0,Cancelled
4652,942,7,55,2024-06-10,Online,18.0,Cancelled
4653,1129,6,64,2024-12-22,Online,9.0,Completed
4654,533,8,75,2024-11-07,Store,15.0,Completed
4655,971,3,87,2025-01-19,Store,6.0,Completed
4656,287,2,27,2024-05-02,Store,10.0,Completed
4657,1163,5,74,2025-11-11,Mobile,18.0,Completed
4658,1182,5,62,2024-05-09,Store,,Completed
4659,463,12,4,2025-11-08,Online,5.0,Completed
4660,1097,9,19,2024-03-23,Store,16.0,Cancelled
4661,578,1,22,2024-10-12,Store,9.0,Cancelled
4662,1147,5,38,2025-10-15,Online,17.0,Completed
4663,96,9,33,2024-08-13,Store,,Completed
4664,123,5,39,2025-03-22,Store,15.0,Cancelled
4665,1139,12,43,2025-08-14,Online,9.0,Completed
4666,606,10,46,2025-10-26,Store,6.0,Completed
4667,222,7,31,2025-08-29,Online,8.0,Completed
4668,772,3,87,2025-04-11,Store,18.0,Completed
4669,303,1,22,2025-03-23,Online,15.0,Completed
4670,1194,5,3,2025-01-24,Store,8.0,Cancelled
4671,750,1,21,2024-10-06,Online,17.0,Completed
4672,1156,6,17,2025-08-17,Online,17.0,Completed
4673,408,4,45,2025-03-04,Online,8.0,Completed
4674,262,3,70,2024-10-24,Store,8.0,Completed
4675,701,6,23,2024-03-21,Store,6.0,Cancelled
4676,854,2,44,2024-01-17,Store,17.0,Completed
4677,633,7,31,2024-08-31,Online,10.0,Completed
4678,430,10,46,2025-09-28,Mobile,15.0,Completed
4679,575,8,69,2024-10-26,Online,13.0,Cancelled
4680,565,9,8,2024-02-06,Mobile,8.0,Cancelled
4681,831,7,55,2025-04-01,Online,7.0,Completed
4682,955,1,22,2025-05-27,Online,13.0,Cancelled
4683,1074,9,20,2025-08-28,Mobile,11.0,Cancelled
4684,1024,10,78,2025-12-22,Store,12.0,Completed
4685,666,7,31,2025-08-08,Store,,Completed
4686,312,8,34,2024-11-03,Online,9.0,Completed
4687,845,4,83,2024-07-05,Store,7.0,Completed
4688,1036,1,73,2024-11-04,Store,1.0,Completed
4689,913,1,13,2025-12-02,Mobile,18.0,Completed
4690,579,4,36,2024-12-05,Store,10.0,Completed
4691,809,1,22,2025-01-16,Store,17.0,Completed
4692,63,10,71,2025-10-15,Online,7.0,Completed
4693,395,1,65,2025-03-11,Online,11.0,Completed
4694,810,11,63,2024-05-21,Store,4.0,Cancelled
4695,865,3,49,2025-06-30,Store,15.0,Completed
4696,759,3,70,2025-10-11,Mobile,10.0,Completed
4697,562,6,23,2025-06-07,Online,17.0,Completed
4698,1186,7,31,2024-08-01,Online,1.0,Completed
4699,262,12,61,2025-08-22,Online,6.0,Completed
4700,260,11,52,2025-12-18,Online,18.0,Completed
4701,963,8,29,2025-11-25,Store,1.0,Completed
4702,750,11,63,2024-01-01,Online,7.0,Completed
4703,775,10,46,2024-05-03,Online,12.0,Cancelled
4704,1103,3,70,2025-01-23,Mobile,,Completed
4705,251,4,83,2024-08-21,Online,16.0,Cancelled
4706,616,10,66,2025-08-23,Store,10.0,Completed
4707,1027,12,43,2025-02-08,Store,8.0,Completed
4708,190,2,44,2025-08-30,Store,9.0,Completed
4709,328,3,82,2025-07-21,Online,8.0,Completed
4710,168,8,29,2024-04-08,Mobile,5.0,Completed
4711,392,6,23,2025-12-13,Store,8.0,Completed
4712,810,11,56,2024-02-12,Mobile,15.0,Cancelled
4713,103,4,80,2025-05-30,Mobile,18.0,Completed
4714,28,1,76,2024-11-07,Mobile,13.0,Completed
4715,90,8,29,2025-05-31,Store,6.0,Completed
4716,278,1,73,2025-01-12,Online,3.0,Completed
4717,815,4,36,2024-02-25,Online,16.0,Completed
4718,64,5,42,2025-12-18,Online,18.0,Completed
4719,697,1,9,2024-09-13,Store,7.0,Completed
4720,587,12,58,2024-12-06,Online,6.0,Completed
4721,531,7,51,2025-12-03,Online,6.0,Completed
4722,583,10,71,2024-03-27,Store,11.0,Completed
4723,333,10,66,2025-06-16,Online,12.0,Completed
4724,855,9,2,2024-09-11,Store,14.0,Cancelled
4725,500,12,59,2025-04-26,Online,18.0,Cancelled
4726,625,12,59,2025-03-27,Online,2.0,Completed
4727,122,11,7,2024-12-17,Mobile,11.0,Completed
4728,571,9,33,2025-05-23,Store,8.0,Completed
4729,516,2,77,2025-03-22,Online,10.0,Completed
4730,475,8,5,2024-10-10,Store,18.0,Completed
4731,898,2,40,2025-08-04,Online,6.0,Completed
4732,497,10,78,2025-02-24,Mobile,13.0,Cancelled
4733,456,6,64,2024-04-21,Online,14.0,Completed
4734,547,2,40,2025-11-20,Online,18.0,Completed
4735,1079,6,32,2024-12-29,Mobile,6.0,Completed
4736,1000,8,84,2024-02-20,Online,15.0,Cancelled
4737,601,10,66,2024-11-10,Mobile,3.0,Completed
4738,134,3,15,2024-06-13,Mobile,6.0,Completed
4739,969,5,42,2024-07-12,Mobile,3.0,Completed
4740,298,6,64,2024-05-01,Mobile,11.0,Completed
4741,114,1,21,2024-05-24,Store,1.0,Completed
4742,351,1,35,2025-02-09,Store,3.0,Cancelled
4743,22,1,9,2025-06-24,Online,17.0,Completed
4744,82,11,7,2024-06-05,Store,4.0,Completed
4745,198,11,63,2024-04-28,Online,,Completed
4746,466,4,89,2024-03-07,Store,10.0,Completed
4747,1072,2,44,2024-06-13,Store,7.0,Completed
4748,260,9,8,2024-10-26,Online,9.0,Completed
4749,1127,7,31,2025-10-24,Online,15.0,Completed
4750,549,1,35,2025-04-04,Online,2.0,Cancelled
4751,823,1,21,2025-10-31,Online,17.0,Completed
4752,531,5,47,2024-04-18,Online,17.0,Completed
4753,267,5,38,2025-11-25,Store,5.0,Completed
4754,1135,6,17,2024-11-04,Online,17.0,Completed
4755,1008,4,6,2025-08-26,Mobile,16.0,Completed
4756,1131,12,79,2025-09-21,Online,11.0,Completed
4757,620,2,77,2024-06-15,Mobile,18.0,Completed
4758,211,9,20,2024-12-07,Mobile,12.0,Completed
4759,572,4,24,2025-11-20,Online,10.0,Completed
4760,1012,8,84,2025-01-06,Online,8.0,Completed
4761,129,3,15,2025-07-31,Store,17.0,Completed
4762,196,7,55,2024-07-11,Mobile,,Completed
4763,1117,11,56,2024-01-20,Online,12.0,Completed
4764,215,6,17,2025-01-21,Online,12.0,Cancelled
4765,647,10,66,2024-03-08,Online,17.0,Completed
4766,534,12,58,2025-04-08,Online,,Completed
4767,1096,8,69,2024-03-31,Mobile,15.0,Completed
4768,230,10,46,2024-11-08,Online,3.0,Completed
4769,195,2,72,2025-07-19,Store,7.0,Cancelled
4770,101,10,78,2025-11-11,Store,11.0,Completed
4771,637,5,67,2025-08-06,Store,18.0,Completed
4772,583,4,57,2025-09-24,Store,8.0,Completed
4773,147,10,71,2025-01-16,Store,11.0,Completed
4774,1043,5,67,2025-03-07,Online,7.0,Completed
4775,185,2,27,2025-02-03,Store,13.0,Completed
4776,638,9,33,2024-11-13,Online,18.0,Completed
4777,222,11,7,2024-02-16,Store,17.0,Completed
4778,1098,5,67,2025-03-10,Store,10.0,Completed
4779,66,3,88,2025-01-11,Online,16.0,Completed
4780,904,10,71,2024-01-29,Store,8.0,Cancelled
4781,843,3,15,2024-05-04,Store,8.0,Completed
4782,432,9,68,2024-12-19,Store,16.0,Completed
4783,1170,2,44,2024-04-06,Online,13.0,Completed
4784,404,7,55,2024-02-04,Mobile,3.0,Completed
4785,274,7,55,2025-01-21,Store,,Completed
4786,183,10,78,2024-08-24,Online,8.0,Completed
4787,426,10,66,2025-11-03,Store,16.0,Completed
4788,136,7,18,2025-09-16,Store,17.0,Completed
4789,201,3,88,2025-12-06,Online,2.0,Completed
4790,579,11,7,2024-09-04,Mobile,17.0,Cancelled
4791,1013,10,46,2025-11-03,Online,11.0,Cancelled
4792,603,3,50,2025-02-25,Online,1.0,Completed
4793,357,7,31,2024-03-28,Mobile,16.0,Completed
4794,439,9,8,2024-02-19,Store,11.0,Completed
4795,225,10,71,2025-01-25,Online,18.0,Completed
4796,1039,12,43,2025-09-23,Store,4.0,Cancelled
4797,358,5,25,2025-03-20,Mobile,,Completed
4798,243,3,70,2024-06-30,Store,5.0,Completed
4799,657,5,67,2025-01-04,Store,,Completed
4800,398,10,78,2024-11-13,Online,12.0,Completed
4801,139,4,86,2025-09-13,Online,9.0,Completed
4802,982,3,87,2025-08-18,Store,7.0,Completed
4803,1026,7,31,2025-02-15,Online,18.0,Completed
4804,271,9,37,2025-11-30,Online,,Completed
4805,163,6,1,2025-03-07,Store,,Cancelled
4806,910,11,63,2025-06-06,Mobile,18.0,Completed
4807,1116,6,1,2025-07-23,Online,7.0,Completed
4808,569,9,37,2025-06-20,Store,17.0,Completed
4809,975,2,27,2024-06-06,Store,1.0,Completed
4810,503,10,78,2024-11-12,Online,2.0,Completed
4811,1151,12,4,2025-04-09,Mobile,,Completed
4812,545,8,84,2025-01-30,Online,10.0,Completed
4813,842,9,28,2025-07-30,Store,9.0,Completed
4814,912,10,78,2025-08-11,Mobile,6.0,Cancelled
4815,262,7,31,2025-11-21,Online,7.0,Completed
4816,228,5,42,2025-08-10,Mobile,8.0,Completed
4817,50,9,37,2024-02-18,Store,15.0,Completed
4818,450,10,78,2024-10-02,Store,18.0,Completed
4819,390,2,40,2024-01-09,Online,3.0,Completed
4820,188,7,51,2024-09-01,Store,4.0,Completed
4821,210,6,41,2025-11-30,Mobile,4.0,Completed
4822,137,8,84,2025-06-10,Store,7.0,Completed
4823,168,10,90,2024-11-26,Store,13.0,Completed
4824,937,5,42,2025-07-03,Store,2.0,Completed
4825,256,9,37,2025-12-03,Store,15.0,Completed
4826,422,6,23,2025-04-08,Store,,Completed
4827,687,9,33,2025-12-08,Online,,Completed
4828,927,11,63,2024-05-04,Store,9.0,Completed
4829,136,2,48,2024-02-02,Store,2.0,Completed
4830,94,1,76,2024-05-30,Online,4.0,Cancelled
4831,955,8,69,2024-10-01,Store,,Cancelled
4832,1178,2,48,2024-03-18,Online,,Completed
4833,1095,12,11,2025-04-25,Store,4.0,Completed
4834,557,6,54,2024-02-14,Store,13.0,Completed
4835,384,2,12,2024-09-08,Mobile,,Completed
4836,1127,2,44,2025-10-07,Store,2.0,Completed
4837,637,10,90,2025-04-07,Store,5.0,Completed
4838,211,11,52,2024-01-10,Online,4.0,Cancelled
4839,723,5,39,2024-09-21,Store,,Completed
4840,769,4,45,2025-11-03,Store,,Completed
4841,1057,7,31,2024-07-10,Mobile,17.0,Cancelled
4842,187,2,48,2024-01-07,Online,3.0,Completed
4843,455,3,50,2024-01-13,Store,13.0,Cancelled
4844,787,5,81,2025-07-14,Online,15.0,Completed
4845,771,11,52,2025-09-28,Mobile,5.0,Completed
4846,7,2,40,2025-09-10,Online,17.0,Completed
4847,178,2,48,2024-07-09,Store,12.0,Completed
4848,744,6,16,2025-05-29,Online,7.0,Completed
4849,661,9,33,2025-01-10,Store,,Completed
4850,442,7,55,2024-09-25,Online,4.0,Completed
4851,792,12,61,2024-04-01,Store,13.0,Completed
4852,210,7,55,2025-07-15,Online,6.0,Completed
4853,967,1,13,2024-05-02,Store,4.0,Completed
4854,563,10,71,2025-12-02,Store,4.0,Completed
4855,778,11,63,2025-07-14,Online,3.0,Completed
4856,974,4,6,2024-01-27,Online,17.0,Completed
4857,869,9,2,2025-07-06,Mobile,2.0,Completed
4858,472,6,17,2024-07-05,Store,,Completed
4859,170,4,86,2025-12-24,Store,9.0,Completed
4860,379,4,24,2024-06-03,Online,,Completed
4861,1068,1,35,2025-08-17,Mobile,15.0,Cancelled
4862,807,1,30,2024-02-28,Online,10.0,Completed
4863,976,10,71,2025-11-28,Mobile,3.0,Completed
4864,614,4,10,2024-11-06,Mobile,1.0,Completed
4865,510,3,88,2025-09-23,Online,1.0,Completed
4866,1169,7,18,2024-02-02,Online,9.0,Completed
4867,544,9,19,2024-09-23,Store,9.0,Completed
4868,197,11,63,2024-10-17,Store,14.0,Cancelled
4869,1119,2,48,2024-07-18,Online,16.0,Completed
4870,1184,8,84,2025-12-12,Online,3.0,Completed
4871,1080,2,48,2024-10-22,Store,12.0,Completed
4872,87,5,25,2025-10-06,Mobile,,Completed
4873,1018,7,18,2024-10-23,Online,18.0,Completed
4874,893,5,74,2025-05-10,Online,,Completed
4875,473,7,51,2024-05-19,Online,17.0,Completed
4876,1035,6,17,2024-11-30,Store,5.0,Completed
4877,144,2,27,2024-09-11,Store,17.0,Cancelled
4878,1085,8,34,2025-05-10,Mobile,12.0,Completed
4879,569,9,2,2024-09-29,Mobile,10.0,Completed
4880,563,12,61,2024-04-08,Store,3.0,Completed
4881,670,1,85,2024-02-16,Online,10.0,Completed
4882,741,8,69,2024-05-10,Online,2.0,Completed
4883,65,10,66,2024-04-26,Store,18.0,Completed
4884,530,10,46,2025-02-28,Online,13.0,Completed
4885,490,8,84,2024-01-24,Store,13.0,Cancelled
4886,38,8,34,2025-12-14,Online,2.0,Completed
4887,1108,8,29,2024-10-21,Store,1.0,Cancelled
4888,575,3,87,2024-08-03,Mobile,6.0,Completed
4889,47,10,78,2025-10-23,Mobile,18.0,Completed
4890,680,10,66,2024-01-23,Store,7.0,Completed
4891,54,6,17,2025-12-04,Mobile,15.0,Completed
4892,124,11,52,2024-11-28,Online,,Cancelled
4893,402,12,4,2025-04-03,Mobile,12.0,Completed
4894,599,7,55,2024-08-28,Online,,Completed
4895,894,3,49,2024-10-21,Mobile,16.0,Cancelled
4896,336,8,14,2025-09-14,Store,,Completed
4897,597,4,83,2025-01-06,Mobile,5.0,Completed
4898,598,9,33,2024-11-19,Store,7.0,Completed
4899,42,7,18,2025-03-27,Store,,Completed
4900,321,1,35,2024-05-19,Store,17.0,Completed
4901,140,8,26,2024-07-24,Online,4.0,Completed
4902,497,4,10,2025-06-02,Online,17.0,Completed
4903,787,3,70,2024-06-01,Store,8.0,Completed
4904,379,9,8,2025-08-23,Mobile,3.0,Completed
4905,463,8,5,2024-11-01,Mobile,15.0,Completed
4906,1070,1,22,2024-03-08,Store,3.0,Completed
4907,362,5,42,2024-05-01,Store,14.0,Completed
4908,423,7,55,2025-02-01,Store,3.0,Completed
4909,895,11,63,2025-09-19,Online,7.0,Completed
4910,916,11,52,2025-09-20,Store,7.0,Completed
4911,467,8,26,2024-05-09,Online,8.0,Completed
4912,301,10,46,2024-08-03,Mobile,16.0,Completed
4913,2,8,26,2024-03-01,Store,10.0,Completed
4914,584,6,41,2024-05-07,Store,14.0,Completed
4915,1182,11,52,2025-01-20,Store,12.0,Completed
4916,908,7,51,2024-06-20,Online,14.0,Completed
4917,282,12,58,2025-02-17,Store,18.0,Completed
4918,187,8,34,2024-11-08,Online,15.0,Completed
4919,1132,7,31,2024-07-19,Online,18.0,Completed
4920,941,8,84,2024-01-08,Store,2.0,Cancelled
4921,807,6,16,2024-01-18,Online,13.0,Completed
4922,335,7,18,2024-02-08,Store,3.0,Completed
4923,465,11,7,2025-07-22,Mobile,6.0,Completed
4924,540,11,52,2024-05-16,Online,18.0,Completed
4925,512,6,23,2025-09-21,Mobile,10.0,Completed
4926,1199,9,28,2024-08-05,Mobile,,Completed
4927,88,12,59,2025-02-22,Online,12.0,Completed
4928,353,3,50,2024-08-26,Mobile,2.0,Completed
4929,773,5,42,2024-12-12,Online,13.0,Completed
4930,1114,6,64,2025-05-14,Store,10.0,Cancelled
4931,796,7,55,2024-07-20,Mobile,2.0,Completed
4932,430,3,88,2024-05-18,Online,18.0,Completed
4933,1082,4,10,2025-07-22,Online,17.0,Completed
4934,379,10,71,2024-09-13,Store,12.0,Completed
4935,1144,8,75,2024-05-04,Online,,Completed
4936,435,1,21,2025-04-04,Online,7.0,Completed
4937,137,9,68,2024-12-08,Mobile,12.0,Completed
4938,770,6,54,2025-03-01,Online,7.0,Completed
4939,675,5,62,2025-11-19,Store,16.0,Completed
4940,322,5,39,2025-11-08,Online,8.0,Completed
4941,492,4,6,2025-07-20,Store,13.0,Completed
4942,245,12,58,2024-11-22,Store,3.0,Completed
4943,175,1,21,2024-10-14,Online,4.0,Completed
4944,801,8,69,2025-04-27,Online,1.0,Completed
4945,959,3,82,2024-01-01,Online,18.0,Completed
4946,731,5,62,2024-02-26,Store,7.0,Completed
4947,444,2,72,2025-08-04,Online,,Completed
4948,1103,7,51,2024-08-01,Mobile,13.0,Completed
4949,594,3,82,2025-08-29,Online,7.0,Cancelled
4950,448,8,26,2025-07-07,Online,16.0,Completed
4951,336,2,27,2025-04-17,Online,,Completed
4952,982,6,1,2025-03-19,Store,,Cancelled
4953,403,2,77,2025-12-18,Online,16.0,Completed
4954,582,8,29,2025-05-09,Store,6.0,Completed
4955,1118,8,75,2024-08-23,Mobile,1.0,Completed
4956,618,1,21,2025-11-25,Online,2.0,Completed
4957,1124,1,65,2025-08-14,Online,8.0,Completed
4958,1057,1,13,2024-10-07,Store,3.0,Completed
4959,687,12,58,2024-08-29,Mobile,18.0,Completed
4960,1183,2,48,2024-09-01,Store,15.0,Cancelled
4961,497,7,51,2025-07-14,Store,5.0,Completed
4962,158,4,86,2025-02-16,Online,17.0,Completed
4963,243,12,43,2025-05-27,Store,,Completed
4964,177,12,61,2025-08-15,Online,,Completed
4965,73,3,50,2024-03-24,Store,17.0,Cancelled
4966,409,2,48,2025-07-23,Mobile,,Completed
4967,946,6,41,2024-03-07,Store,13.0,Completed
4968,230,7,51,2025-05-01,Online,15.0,Completed
4969,1072,3,70,2025-06-20,Online,13.0,Completed
4970,453,12,59,2025-05-14,Online,9.0,Completed
4971,880,4,83,2024-01-09,Store,8.0,Completed
4972,253,12,61,2024-07-26,Online,2.0,Completed
4973,264,3,15,2024-03-30,Store,1.0,Cancelled
4974,551,10,46,2024-08-24,Store,5.0,Completed
4975,651,7,18,2024-10-30,Online,11.0,Completed
4976,506,5,42,2024-01-25,Mobile,17.0,Completed
4977,681,11,7,2025-12-22,Online,,Completed
4978,840,12,58,2024-11-19,Mobile,,Completed
4979,236,8,75,2025-04-23,Store,15.0,Cancelled
4980,1002,5,42,2024-05-01,Store,,Completed
4981,543,12,4,2025-02-12,Store,16.0,Completed
4982,887,1,76,2024-06-29,Store,3.0,Completed
4983,948,4,10,2025-08-07,Store,,Completed
4984,221,3,49,2024-04-21,Online,2.0,Completed
4985,577,5,74,2024-11-02,Online,,Cancelled
4986,118,7,31,2024-12-07,Mobile,10.0,Cancelled
4987,341,6,23,2024-08-20,Store,,Completed
4988,395,10,66,2024-10-21,Store,13.0,Completed
4989,140,2,77,2025-03-22,Online,,Completed
4990,22,6,54,2025-07-11,Mobile,9.0,Completed
4991,960,9,19,2025-03-22,Online,17.0,Completed
4992,644,4,80,2024-10-03,Store,4.0,Completed
4993,86,9,68,2025-12-09,Store,7.0,Completed
4994,418,5,67,2024-01-16,Store,4.0,Completed
4995,1139,5,42,2024-03-09,Store,14.0,Completed
4996,167,5,81,2024-01-09,Store,14.0,Cancelled
4997,290,4,6,2024-11-01,Mobile,12.0,Cancelled
4998,241,2,44,2025-02-14,Store,3.0,Completed
4999,958,2,40,2024-04-19,Store,18.0,Cancelled
5000,1011,5,3,2024-08-20,Store,11.0,Completed
5001,897,1,85,2025-03-22,Online,9.0,Completed
5002,668,10,78,2024-01-05,Online,17.0,Completed
5003,1074,4,83,2025-09-23,Online,9.0,Completed
5004,238,10,46,2024-02-21,Online,,Cancelled
5005,777,3,88,2024-10-16,Online,5.0,Cancelled
5006,244,1,30,2024-12-08,Store,12.0,Completed
5007,1004,3,87,2024-11-11,Online,,Completed
5008,366,6,41,2025-06-16,Online,12.0,Cancelled
5009,83,12,11,2025-08-17,Store,18.0,Cancelled
5010,44,2,12,2025-10-08,Online,17.0,Cancelled
5011,840,1,65,2025-01-06,Mobile,17.0,Completed
5012,447,12,43,2024-09-08,Mobile,,Completed
5013,1122,4,83,2024-09-20,Store,12.0,Completed
5014,521,7,55,2024-04-26,Store,17.0,Cancelled
5015,362,3,88,2024-04-01,Store,9.0,Completed
5016,1043,3,70,2025-07-26,Mobile,4.0,Completed
5017,761,4,24,2024-08-19,Online,2.0,Completed
5018,906,7,51,2024-02-10,Store,11.0,Completed
5019,302,3,87,2025-05-21,Mobile,15.0,Completed
5020,160,4,24,2024-12-04,Mobile,13.0,Completed
5021,542,8,84,2024-07-23,Online,15.0,Cancelled
5022,210,5,74,2024-07-08,Store,,Completed
5023,829,5,53,2025-11-10,Mobile,18.0,Cancelled
5024,573,9,8,2024-08-08,Online,10.0,Completed
5025,782,11,52,2024-04-26,Online,,Cancelled
5026,110,12,43,2025-06-16,Store,,Completed
5027,30,4,83,2025-12-05,Store,12.0,Completed
5028,1004,2,44,2024-12-04,Online,12.0,Cancelled
5029,1099,6,54,2025-03-01,Store,13.0,Completed
5030,112,4,36,2024-01-13,Mobile,16.0,Completed
5031,179,4,24,2024-06-09,Mobile,12.0,Completed
5032,577,11,7,2024-05-23,Store,7.0,Completed
5033,200,6,54,2025-03-03,Store,10.0,Cancelled
5034,445,8,26,2024-07-15,Online,1.0,Cancelled
5035,989,12,58,2024-11-19,Mobile,1.0,Completed
5036,653,4,86,2024-09-17,Store,7.0,Completed
5037,919,3,15,2025-04-03,Online,13.0,Cancelled
5038,992,3,87,2025-12-18,Store,5.0,Completed
5039,1192,7,31,2024-10-10,Online,10.0,Completed
5040,708,5,81,2025-01-06,Online,9.0,Completed
5041,429,9,2,2024-04-16,Store,16.0,Completed
5042,211,12,4,2024-07-14,Store,12.0,Completed
5043,114,5,62,2024-03-14,Online,11.0,Completed
5044,713,12,61,2025-11-29,Mobile,6.0,Cancelled
5045,253,6,32,2024-03-16,Store,,Completed
5046,262,10,90,2024-11-18,Store,10.0,Cancelled
5047,172,7,18,2025-03-06,Store,14.0,Completed
5048,137,4,24,2025-06-03,Online,13.0,Completed
5049,209,5,81,2025-01-03,Online,11.0,Completed
5050,990,8,75,2025-03-01,Store,17.0,Completed
5051,1100,11,56,2024-04-21,Store,7.0,Completed
5052,682,11,56,2024-09-23,Online,2.0,Completed
5053,111,9,2,2024-05-12,Mobile,9.0,Completed
5054,558,12,58,2024-09-21,Mobile,7.0,Cancelled
5055,1192,1,73,2025-06-11,Store,,Completed
5056,420,7,51,2024-08-29,Online,,Completed
5057,948,12,79,2025-05-28,Store,1.0,Completed
5058,655,2,48,2025-07-26,Online,3.0,Completed
5059,916,8,29,2024-12-05,Online,7.0,Cancelled
5060,1033,3,82,2024-01-15,Store,15.0,Completed
5061,934,9,33,2024-11-07,Store,6.0,Completed
5062,360,10,78,2024-03-14,Online,2.0,Completed
5063,623,5,3,2025-12-25,Store,5.0,Completed
5064,235,7,51,2025-05-31,Mobile,7.0,Completed
5065,524,10,71,2024-02-15,Online,4.0,Cancelled
5066,2,10,78,2024-08-15,Online,6.0,Cancelled
5067,385,6,64,2025-06-26,Mobile,4.0,Completed
5068,859,9,2,2024-01-17,Online,16.0,Completed
5069,840,4,57,2025-05-06,Store,8.0,Completed
5070,496,4,6,2024-01-17,Store,12.0,Completed
5071,655,3,88,2025-01-05,Store,13.0,Completed
5072,223,1,76,2024-05-15,Online,14.0,Cancelled
5073,128,10,78,2024-12-24,Mobile,5.0,Completed
5074,77,7,31,2025-07-04,Online,2.0,Completed
5075,1179,1,13,2025-05-27,Store,16.0,Completed
5076,169,1,21,2025-01-21,Online,7.0,Completed
5077,1176,3,88,2024-09-24,Store,8.0,Completed
5078,458,1,73,2025-03-08,Online,6.0,Completed
5079,138,12,58,2025-12-05,Online,18.0,Completed
5080,373,11,7,2024-04-20,Store,17.0,Cancelled
5081,97,9,37,2024-03-18,Mobile,6.0,Completed
5082,352,12,61,2024-05-21,Store,2.0,Completed
5083,1106,8,84,2024-01-13,Mobile,18.0,Completed
5084,195,2,12,2024-06-29,Store,16.0,Completed
5085,1157,11,7,2024-05-23,Store,9.0,Completed
5086,1086,12,58,2024-09-18,Online,4.0,Cancelled
5087,541,7,55,2025-07-13,Store,1.0,Completed
5088,89,1,85,2025-07-05,Mobile,9.0,Completed
5089,581,2,72,2025-03-02,Store,1.0,Cancelled
5090,158,12,59,2025-01-01,Online,15.0,Completed
5091,391,6,54,2024-12-20,Online,,Completed
5092,1167,12,4,2024-01-20,Online,12.0,Completed
5093,861,3,49,2024-01-08,Mobile,13.0,Completed
5094,922,8,34,2025-08-04,Online,11.0,Cancelled
5095,236,5,39,2024-09-13,Mobile,1.0,Completed
5096,47,6,23,2024-03-22,Mobile,1.0,Completed
5097,793,4,89,2025-08-06,Store,,Completed
5098,685,1,85,2024-11-16,Store,3.0,Completed
5099,1174,1,22,2024-06-11,Store,4.0,Completed
5100,125,8,26,2025-04-14,Mobile,,Completed
5101,280,10,46,2025-02-25,Online,14.0,Completed
5102,658,12,61,2025-06-27,Online,9.0,Completed
5103,270,1,9,2025-06-02,Online,16.0,Completed
5104,933,10,78,2024-10-08,Store,16.0,Cancelled
5105,357,12,59,2024-12-04,Store,17.0,Completed
5106,859,7,31,2025-08-24,Online,13.0,Completed
5107,94,11,63,2025-12-14,Mobile,8.0,Completed
5108,376,7,51,2024-06-16,Store,16.0,Completed
5109,752,9,2,2025-09-26,Store,7.0,Cancelled
5110,720,8,84,2025-10-16,Store,,Completed
5111,442,5,81,2025-04-08,Mobile,15.0,Cancelled
5112,403,4,6,2025-04-17,Online,,Completed
5113,903,11,56,2024-04-11,Mobile,12.0,Cancelled
5114,43,7,31,2024-04-26,Online,10.0,Completed
5115,642,3,87,2024-10-06,Online,10.0,Completed
5116,851,5,53,2024-04-01,Store,,Completed
5117,503,4,83,2024-03-15,Store,,Completed
5118,463,6,32,2024-01-31,Mobile,7.0,Cancelled
5119,634,3,88,2024-04-24,Mobile,7.0,Completed
5120,997,10,90,2025-01-05,Online,11.0,Completed
5121,77,10,66,2025-06-15,Store,17.0,Completed
5122,588,12,61,2024-03-14,Store,11.0,Completed
5123,422,10,78,2024-11-13,Online,5.0,Completed
5124,626,4,45,2025-05-12,Online,10.0,Cancelled
5125,698,6,23,2024-08-12,Online,17.0,Completed
5126,419,9,33,2025-11-04,Online,13.0,Completed
5127,611,8,14,2024-12-04,Mobile,17.0,Completed
5128,995,4,24,2024-11-30,Online,17.0,Completed
5129,490,8,75,2024-05-03,Store,15.0,Completed
5130,278,1,35,2024-12-14,Store,18.0,Completed
5131,476,2,77,2024-02-14,Store,10.0,Cancelled
5132,376,1,35,2025-12-24,Store,5.0,Completed
5133,717,11,56,2025-09-24,Mobile,8.0,Cancelled
5134,126,12,58,2025-04-07,Store,,Completed
5135,1195,5,53,2025-01-06,Online,16.0,Completed
5136,379,1,9,2024-11-19,Mobile,2.0,Completed
5137,1194,6,1,2025-10-01,Store,16.0,Completed
5138,635,12,11,2025-12-09,Mobile,9.0,Completed
5139,598,1,76,2024-10-18,Online,17.0,Completed
5140,90,11,52,2025-01-19,Online,,Completed
5141,680,6,1,2025-03-23,Store,,Cancelled
5142,89,12,43,2025-04-18,Online,15.0,Completed
5143,635,7,18,2024-04-13,Store,5.0,Completed
5144,749,12,58,2025-10-18,Store,,Completed
5145,725,2,27,2024-07-31,Online,16.0,Completed
5146,678,10,66,2024-12-26,Store,,Completed
5147,1027,11,7,2024-12-01,Store,4.0,Completed
5148,399,6,32,2024-11-23,Online,14.0,Cancelled
5149,984,10,66,2024-05-15,Store,12.0,Cancelled
5150,473,10,71,2024-07-11,Store,3.0,Completed
5151,767,6,16,2025-03-12,Mobile,17.0,Completed
5152,911,7,31,2025-12-08,Store,12.0,Completed
5153,851,5,67,2025-02-21,Online,1.0,Completed
5154,909,9,37,2024-11-24,Online,15.0,Completed
5155,622,3,70,2024-09-21,Online,2.0,Completed
5156,531,11,7,2025-07-19,Store,1.0,Completed
5157,109,5,53,2024-12-15,Store,13.0,Cancelled
5158,757,1,65,2025-07-05,Store,11.0,Completed
5159,315,5,67,2024-10-12,Online,4.0,Completed
5160,321,12,58,2024-12-15,Online,,Completed
5161,1181,12,43,2025-06-09,Online,7.0,Completed
5162,619,8,69,2024-07-20,Online,,Completed
5163,234,4,83,2025-01-11,Mobile,3.0,Completed
5164,1101,4,89,2024-01-09,Store,17.0,Completed
5165,980,9,20,2024-09-18,Online,,Completed
5166,526,7,31,2025-02-10,Store,12.0,Completed
5167,205,2,27,2025-10-01,Store,14.0,Completed
5168,1017,4,83,2024-10-27,Store,11.0,Cancelled
5169,923,5,53,2024-10-02,Online,2.0,Cancelled
5170,1179,1,13,2024-05-10,Store,9.0,Cancelled
5171,28,3,15,2024-11-14,Store,17.0,Completed
5172,369,12,59,2025-06-01,Online,8.0,Completed
5173,1039,8,29,2024-08-16,Mobile,12.0,Completed
5174,478,8,34,2025-02-12,Mobile,10.0,Completed
5175,89,8,5,2024-07-30,Store,14.0,Completed
5176,756,7,18,2024-08-20,Online,9.0,Cancelled
5177,1191,1,13,2024-07-21,Store,13.0,Completed
5178,640,6,54,2025-12-25,Store,10.0,Completed
5179,838,6,23,2024-11-22,Mobile,17.0,Completed
5180,372,4,86,2024-01-06,Store,14.0,Completed
5181,345,11,52,2024-10-29,Online,10.0,Cancelled
5182,1010,2,48,2024-02-12,Online,1.0,Completed
5183,252,12,61,2025-04-30,Store,3.0,Completed
5184,143,1,9,2025-03-19,Online,16.0,Completed
5185,181,11,63,2025-03-04,Store,13.0,Completed
5186,1084,6,23,2024-08-13,Store,17.0,Completed
5187,456,3,87,2024-03-11,Store,13.0,Completed
5188,495,11,7,2025-06-07,Store,17.0,Cancelled
5189,857,4,45,2024-12-07,Store,17.0,Completed
5190,849,3,87,2024-03-24,Store,6.0,Completed
5191,963,4,89,2024-08-14,Online,9.0,Completed
5192,161,1,22,2025-10-31,Store,7.0,Completed
5193,1024,11,56,2025-10-16,Store,,Completed
5194,260,6,1,2024-10-07,Mobile,18.0,Completed
5195,411,7,18,2024-11-28,Store,8.0,Cancelled
5196,561,6,17,2025-04-14,Store,17.0,Cancelled
5197,800,10,78,2025-09-23,Online,,Completed
5198,413,12,79,2024-12-31,Online,2.0,Completed
5199,1063,11,7,2024-04-26,Store,18.0,Completed
5200,1014,2,48,2024-10-19,Online,16.0,Completed
5201,1194,1,13,2024-10-17,Mobile,16.0,Completed
5202,864,11,63,2024-06-13,Mobile,7.0,Completed
5203,822,11,52,2024-05-29,Mobile,3.0,Cancelled
5204,211,3,49,2025-05-18,Store,12.0,Completed
5205,585,6,54,2024-02-06,Mobile,9.0,Completed
5206,620,4,10,2024-01-09,Store,9.0,Completed
5207,1120,6,64,2025-08-29,Online,3.0,Completed
5208,543,12,61,2025-06-28,Store,10.0,Completed
5209,307,11,52,2025-02-13,Mobile,8.0,Completed
5210,929,10,66,2025-01-20,Mobile,,Completed
5211,516,1,22,2024-03-26,Online,2.0,Cancelled
5212,476,7,51,2024-12-15,Store,9.0,Completed
5213,422,5,81,2025-06-05,Online,16.0,Completed
5214,237,11,56,2025-12-18,Mobile,,Completed
5215,50,4,45,2024-09-10,Mobile,11.0,Cancelled
5216,1153,6,23,2025-09-01,Online,7.0,Completed
5217,95,8,5,2025-11-06,Mobile,5.0,Completed
5218,504,7,51,2025-11-11,Online,9.0,Completed
5219,591,11,56,2024-11-20,Online,10.0,Completed
5220,221,4,6,2024-08-18,Online,9.0,Completed
5221,181,8,29,2024-05-21,Store,5.0,Completed
5222,636,2,77,2025-05-05,Online,4.0,Completed
5223,437,4,24,2025-08-06,Online,9.0,Completed
5224,1160,5,38,2025-01-04,Store,,Completed
5225,432,1,65,2025-02-13,Store,9.0,Completed
5226,512,1,13,2025-01-22,Online,5.0,Cancelled
5227,65,11,56,2025-11-20,Mobile,13.0,Completed
5228,1051,1,21,2024-06-25,Online,1.0,Completed
5229,154,3,88,2025-11-09,Mobile,12.0,Cancelled
5230,248,10,90,2024-08-08,Mobile,12.0,Completed
5231,1094,2,12,2024-03-01,Online,9.0,Completed
5232,799,5,67,2024-05-19,Store,18.0,Cancelled
5233,851,2,44,2025-05-06,Online,7.0,Cancelled
5234,974,7,55,2025-07-09,Store,15.0,Completed
5235,333,7,51,2025-07-14,Online,1.0,Completed
5236,1074,2,27,2025-03-06,Store,2.0,Completed
5237,14,5,39,2024-05-08,Store,5.0,Completed
5238,578,10,78,2024-11-24,Store,,Completed
5239,508,8,84,2024-07-22,Store,3.0,Completed
5240,118,5,74,2024-02-10,Online,18.0,Completed
5241,121,12,43,2025-11-15,Store,10.0,Completed
5242,1166,11,52,2025-12-06,Store,6.0,Completed
5243,900,12,4,2024-12-01,Store,5.0,Completed
5244,154,10,46,2025-01-31,Online,1.0,Completed
5245,543,11,7,2025-01-29,Store,2.0,Completed
5246,664,4,10,2025-12-02,Mobile,12.0,Completed
5247,547,9,19,2024-09-13,Online,17.0,Cancelled
5248,368,6,23,2024-04-19,Mobile,,Completed
5249,101,4,89,2025-05-10,Online,5.0,Completed
5250,479,9,28,2025-09-22,Mobile,12.0,Completed
5251,858,1,76,2024-01-04,Store,13.0,Completed
5252,61,7,55,2025-01-14,Store,2.0,Completed
5253,119,8,69,2025-01-21,Mobile,8.0,Cancelled
5254,722,11,52,2025-10-20,Mobile,18.0,Completed
5255,1055,8,26,2025-01-15,Online,3.0,Completed
5256,664,5,62,2025-08-04,Store,9.0,Completed
5257,413,3,87,2024-03-25,Store,7.0,Completed
5258,585,9,68,2024-02-27,Store,2.0,Cancelled
5259,967,12,58,2025-08-05,Mobile,11.0,Completed
5260,827,1,65,2024-12-29,Online,16.0,Completed
5261,177,8,5,2024-05-23,Online,12.0,Completed
5262,963,10,90,2024-03-14,Mobile,2.0,Completed
5263,62,12,58,2024-11-05,Store,7.0,Completed
5264,1007,10,78,2024-07-24,Online,1.0,Cancelled
5265,330,6,17,2024-02-15,Store,17.0,Completed
5266,1010,4,36,2024-02-03,Store,,Completed
5267,254,3,50,2024-04-22,Store,1.0,Cancelled
5268,1021,11,52,2025-10-28,Mobile,2.0,Completed
5269,1171,4,83,2025-05-08,Store,11.0,Completed
5270,443,2,77,2024-03-30,Store,11.0,Completed
5271,878,9,28,2025-12-08,Mobile,,Completed
5272,103,6,23,2025-01-01,Store,11.0,Completed
5273,677,6,54,2024-09-06,Online,1.0,Completed
5274,542,3,82,2025-02-10,Online,12.0,Completed
5275,181,7,18,2024-06-23,Store,14.0,Completed
5276,365,10,66,2024-07-31,Online,17.0,Completed
5277,139,11,63,2025-05-11,Store,13.0,Completed
5278,1116,8,34,2025-11-22,Online,7.0,Completed
5279,156,12,4,2025-08-01,Mobile,11.0,Cancelled
5280,1009,9,20,2024-05-03,Store,14.0,Completed
5281,582,7,31,2024-11-06,Online,5.0,Completed
5282,847,2,40,2024-04-29,Mobile,6.0,Completed
5283,162,7,51,2024-03-14,Store,12.0,Completed
5284,500,5,38,2024-01-29,Store,1.0,Completed
5285,742,4,10,2024-05-20,Store,13.0,Cancelled
5286,560,12,58,2024-05-24,Store,17.0,Cancelled
5287,1086,6,16,2025-09-24,Online,13.0,Cancelled
5288,1088,12,11,2025-02-13,Store,9.0,Completed
5289,1079,1,13,2025-12-18,Online,11.0,Completed
5290,1086,2,27,2024-04-19,Store,10.0,Cancelled
5291,39,8,84,2025-04-19,Online,14.0,Completed
5292,473,10,71,2025-09-12,Online,13.0,Completed
5293,26,12,58,2024-08-26,Online,18.0,Completed
5294,150,11,63,2025-11-30,Store,6.0,Completed
5295,742,5,25,2024-12-28,Store,12.0,Completed
5296,54,10,66,2024-09-20,Mobile,12.0,Completed
5297,764,4,6,2024-08-24,Store,18.0,Cancelled
5298,411,1,76,2025-05-10,Store,13.0,Completed
5299,277,5,60,2024-01-25,Mobile,11.0,Cancelled
5300,525,1,73,2025-10-02,Store,16.0,Cancelled
5301,1046,5,60,2024-10-21,Store,1.0,Completed
5302,594,9,68,2025-04-25,Store,7.0,Completed
5303,476,6,54,2025-06-18,Store,9.0,Completed
5304,380,1,65,2025-11-11,Store,18.0,Completed
5305,59,5,25,2024-04-24,Online,12.0,Completed
5306,943,2,44,2025-08-20,Online,14.0,Completed
5307,162,6,1,2024-03-14,Store,9.0,Completed
5308,235,10,46,2025-11-07,Store,18.0,Completed
5309,641,5,53,2025-03-30,Online,,Cancelled
5310,72,4,24,2025-03-14,Online,16.0,Completed
5311,810,3,15,2024-01-09,Online,16.0,Cancelled
5312,608,7,55,2024-02-07,Store,13.0,Completed
5313,1175,2,40,2025-09-24,Store,,Cancelled
5314,784,11,63,2024-06-29,Store,18.0,Completed
5315,40,4,83,2025-10-09,Store,11.0,Completed
5316,136,12,11,2024-11-19,Store,11.0,Completed
5317,485,11,52,2024-08-27,Online,16.0,Completed
5318,923,11,7,2024-06-16,Store,14.0,Completed
5319,916,6,16,2025-07-08,Mobile,13.0,Completed
5320,294,7,18,2025-04-06,Online,7.0,Cancelled
5321,923,2,77,2024-09-05,Store,5.0,Completed
5322,864,12,43,2024-12-17,Store,11.0,Cancelled
5323,524,8,14,2024-06-16,Store,16.0,Completed
5324,941,6,17,2024-10-22,Store,13.0,Completed
5325,535,5,42,2024-01-13,Online,13.0,Cancelled
5326,66,11,7,2025-02-26,Store,7.0,Completed
5327,69,11,7,2024-09-24,Store,9.0,Completed
5328,913,5,39,2024-11-23,Store,15.0,Completed
5329,560,9,20,2024-12-09,Online,15.0,Completed
5330,878,7,31,2024-09-09,Online,10.0,Completed
5331,127,6,54,2024-07-12,Online,1.0,Completed
5332,407,5,25,2024-05-13,Store,8.0,Completed
5333,1194,1,73,2024-02-07,Store,,Completed
5334,780,12,61,2025-10-09,Store,14.0,Completed
5335,181,6,1,2025-12-12,Online,2.0,Cancelled
5336,594,4,6,2024-10-29,Mobile,2.0,Completed
5337,180,5,47,2024-05-08,Store,11.0,Completed
5338,560,11,52,2025-01-09,Mobile,17.0,Completed
5339,1048,7,55,2025-03-31,Mobile,,Completed
5340,1009,12,61,2024-08-22,Store,18.0,Completed
5341,306,7,18,2025-06-24,Store,14.0,Completed
5342,1118,11,63,2024-11-01,Online,7.0,Completed
5343,835,2,27,2025-11-19,Store,18.0,Cancelled
5344,1069,10,46,2024-09-10,Online,13.0,Completed
5345,806,3,88,2025-09-13,Store,13.0,Completed
5346,414,3,15,2025-10-10,Online,,Completed
5347,758,5,39,2025-04-28,Online,2.0,Completed
5348,333,5,67,2025-05-02,Store,,Completed
5349,258,8,26,2024-02-29,Online,,Completed
5350,1162,7,51,2025-01-24,Online,,Completed
5351,532,6,17,2024-05-27,Online,,Completed
5352,89,8,69,2024-07-13,Store,3.0,Completed
5353,119,9,2,2025-04-12,Online,2.0,Completed
5354,59,6,54,2024-06-19,Online,3.0,Cancelled
5355,442,1,22,2025-07-22,Online,11.0,Completed
5356,729,1,30,2025-10-04,Online,1.0,Completed
5357,393,4,86,2025-01-30,Online,,Cancelled
5358,698,3,88,2024-09-15,Store,10.0,Completed
5359,899,8,14,2025-04-07,Store,10.0,Completed
5360,1194,11,52,2025-06-07,Mobile,,Completed
5361,214,12,79,2025-05-31,Mobile,17.0,Completed
5362,707,7,31,2024-03-09,Store,18.0,Completed
5363,939,9,28,2024-03-23,Mobile,4.0,Completed
5364,822,12,4,2025-08-19,Store,4.0,Completed
5365,18,8,34,2025-12-28,Online,18.0,Completed
5366,480,5,81,2024-02-25,Store,17.0,Completed
5367,553,9,37,2025-01-24,Mobile,2.0,Completed
5368,1183,2,77,2025-08-17,Store,15.0,Completed
5369,523,6,32,2024-07-25,Store,11.0,Completed
5370,139,10,71,2024-02-02,Store,8.0,Completed
5371,356,10,66,2025-07-09,Mobile,18.0,Cancelled
5372,636,1,35,2024-07-03,Online,4.0,Cancelled
5373,652,3,49,2024-02-21,Store,7.0,Completed
5374,1166,2,12,2024-09-25,Store,8.0,Completed
5375,679,7,18,2024-08-07,Store,4.0,Completed
5376,1132,2,72,2025-02-06,Mobile,2.0,Cancelled
5377,463,2,77,2025-04-26,Online,,Completed
5378,162,8,84,2025-08-04,Store,13.0,Completed
5379,172,12,11,2024-03-03,Online,,Cancelled
5380,349,9,20,2025-08-05,Store,4.0,Cancelled
5381,156,2,77,2024-02-03,Online,12.0,Completed
5382,809,2,12,2025-02-02,Online,5.0,Completed
5383,15,1,73,2024-01-18,Store,4.0,Completed
5384,182,8,5,2025-08-01,Mobile,12.0,Completed
5385,402,12,61,2025-07-01,Store,,Completed
5386,668,3,87,2025-03-10,Store,,Cancelled
5387,244,12,11,2024-09-15,Mobile,1.0,Completed
5388,728,7,51,2024-05-04,Mobile,6.0,Completed
5389,1031,8,14,2025-01-16,Store,,Completed
5390,1007,1,35,2025-02-27,Store,17.0,Completed
5391,125,8,84,2024-01-12,Store,3.0,Completed
5392,879,1,73,2024-04-10,Online,,Completed
5393,1156,4,36,2024-06-11,Online,2.0,Completed
5394,292,1,85,2025-07-23,Store,2.0,Completed
5395,239,4,86,2024-05-11,Online,7.0,Completed
5396,1172,4,89,2025-05-21,Store,9.0,Completed
5397,658,4,80,2025-09-16,Store,8.0,Cancelled
5398,920,3,87,2024-12-16,Store,,Completed
5399,550,5,38,2024-06-30,Online,4.0,Completed
5400,17,6,17,2025-10-30,Store,12.0,Completed
5401,1157,11,52,2024-07-18,Online,14.0,Completed
5402,958,7,18,2025-09-05,Mobile,6.0,Cancelled
5403,792,2,40,2024-10-04,Online,15.0,Cancelled
5404,1052,9,8,2025-09-19,Store,3.0,Cancelled
5405,1072,2,27,2024-03-15,Store,11.0,Completed
5406,36,11,56,2024-06-22,Online,9.0,Completed
5407,785,8,69,2025-05-17,Store,10.0,Completed
5408,114,5,81,2024-11-30,Store,16.0,Completed
5409,157,4,24,2024-12-12,Store,11.0,Completed
5410,53,7,51,2025-05-24,Mobile,1.0,Completed
5411,1002,9,20,2024-05-05,Online,10.0,Completed
5412,567,10,78,2025-07-05,Mobile,,Completed
5413,1063,7,51,2024-01-30,Store,1.0,Completed
5414,197,12,43,2025-11-24,Mobile,11.0,Cancelled
5415,491,11,52,2024-07-09,Mobile,5.0,Completed
5416,1157,3,88,2024-09-07,Store,11.0,Cancelled
5417,872,8,5,2025-06-27,Online,9.0,Completed
5418,1158,10,78,2024-10-11,Online,12.0,Completed
5419,514,10,78,2024-03-31,Store,9.0,Completed
5420,471,1,9,2024-10-07,Store,3.0,Completed
5421,745,4,80,2025-12-23,Online,18.0,Completed
5422,538,11,52,2024-01-08,Online,16.0,Completed
5423,1032,2,40,2024-05-25,Store,,Cancelled
5424,388,2,44,2024-03-17,Store,12.0,Cancelled
5425,360,3,82,2024-02-06,Store,4.0,Completed
5426,1152,3,88,2025-02-27,Store,16.0,Completed
5427,1096,7,31,2024-06-12,Store,6.0,Completed
5428,148,3,50,2024-04-20,Store,,Completed
5429,1166,3,88,2024-11-07,Mobile,4.0,Completed
5430,1159,4,45,2024-02-10,Store,16.0,Completed
5431,616,8,26,2025-10-17,Online,10.0,Completed
5432,1035,8,75,2025-04-20,Store,10.0,Completed
5433,638,6,1,2024-08-17,Store,5.0,Completed
5434,76,3,50,2025-11-17,Online,15.0,Completed
5435,275,6,17,2025-05-20,Mobile,17.0,Cancelled
5436,253,7,31,2024-12-07,Store,,Completed
5437,490,1,35,2024-02-14,Online,2.0,Completed
5438,684,1,73,2024-09-23,Online,8.0,Completed
5439,45,5,47,2024-02-27,Online,18.0,Completed
5440,126,2,12,2024-02-06,Online,15.0,Completed
5441,340,3,70,2024-03-08,Store,11.0,Completed
5442,386,7,31,2024-03-11,Online,12.0,Cancelled
5443,1091,11,63,2024-05-29,Store,12.0,Completed
5444,625,9,2,2024-05-27,Online,,Completed
5445,840,3,49,2025-02-17,Store,16.0,Cancelled
5446,1072,10,78,2025-07-21,Store,7.0,Completed
5447,941,1,13,2024-11-10,Online,11.0,Completed
5448,982,8,29,2024-01-17,Store,,Cancelled
5449,278,7,51,2024-09-23,Online,11.0,Completed
5450,128,12,58,2024-07-16,Store,6.0,Completed
5451,191,4,80,2025-07-17,Mobile,,Completed
5452,999,5,60,2025-04-25,Store,7.0,Completed
5453,125,5,42,2024-03-06,Store,10.0,Completed
5454,943,2,48,2024-11-25,Online,17.0,Completed
5455,737,2,48,2024-09-01,Mobile,10.0,Completed
5456,382,10,71,2024-07-28,Store,,Completed
5457,430,12,11,2025-02-16,Store,7.0,Cancelled
5458,283,7,31,2024-07-18,Online,9.0,Cancelled
5459,234,2,72,2024-02-09,Store,6.0,Completed
5460,604,5,47,2024-11-19,Store,5.0,Cancelled
5461,1117,3,50,2025-12-20,Store,12.0,Completed
5462,1174,9,19,2025-11-10,Mobile,7.0,Completed
5463,410,4,24,2024-10-14,Online,18.0,Cancelled
5464,1175,12,58,2025-09-21,Mobile,10.0,Cancelled
5465,673,1,35,2024-10-25,Mobile,14.0,Completed
5466,60,10,90,2024-10-03,Online,15.0,Completed
5467,278,1,76,2024-09-29,Store,8.0,Completed
5468,207,7,55,2024-08-13,Store,,Completed
5469,983,6,54,2025-10-01,Store,1.0,Completed
5470,835,2,77,2025-11-01,Online,4.0,Completed
5471,891,11,56,2025-06-08,Mobile,17.0,Completed
5472,53,12,61,2024-01-07,Store,4.0,Cancelled
5473,218,10,90,2025-11-13,Online,11.0,Completed
5474,1149,10,46,2024-08-21,Mobile,12.0,Completed
5475,933,9,8,2025-07-15,Store,10.0,Completed
5476,158,9,37,2025-10-19,Online,,Completed
5477,895,2,12,2024-04-05,Store,1.0,Completed
5478,1100,12,43,2024-09-23,Mobile,3.0,Completed
5479,744,6,23,2025-11-12,Store,,Completed
5480,736,1,21,2025-07-18,Online,7.0,Cancelled
5481,688,10,78,2024-12-02,Store,15.0,Completed
5482,939,12,58,2024-06-29,Online,,Completed
5483,831,7,31,2024-04-25,Online,,Completed
5484,200,4,10,2024-08-22,Online,3.0,Completed
5485,622,10,90,2024-06-12,Mobile,16.0,Completed
5486,590,4,36,2025-08-06,Store,8.0,Completed
5487,29,8,34,2025-04-22,Mobile,2.0,Cancelled
5488,354,11,56,2025-09-03,Store,10.0,Completed
5489,959,2,12,2025-01-22,Online,1.0,Completed
5490,458,8,75,2025-06-13,Online,2.0,Completed
5491,1007,2,77,2025-04-01,Store,15.0,Completed
5492,402,11,63,2025-10-03,Mobile,15.0,Cancelled
5493,1156,12,59,2025-11-26,Online,12.0,Completed
5494,981,3,50,2024-07-09,Online,,Completed
5495,49,5,47,2025-12-01,Store,7.0,Cancelled
5496,101,4,57,2024-09-30,Store,11.0,Cancelled
5497,848,3,87,2025-07-29,Store,17.0,Cancelled
5498,319,6,64,2024-08-08,Mobile,,Cancelled
5499,158,9,28,2025-04-20,Store,8.0,Completed
5500,648,3,50,2024-06-27,Online,12.0,Cancelled
5501,439,2,27,2024-10-30,Online,17.0,Cancelled
5502,224,12,58,2024-12-09,Online,6.0,Completed
5503,317,7,31,2025-02-02,Online,14.0,Completed
5504,148,7,18,2024-01-24,Store,14.0,Completed
5505,806,5,42,2025-11-23,Mobile,10.0,Completed
5506,674,2,44,2025-11-11,Online,18.0,Completed
5507,36,7,31,2025-09-26,Mobile,7.0,Completed
5508,1120,11,7,2025-09-05,Store,,Completed
5509,302,9,68,2025-03-21,Mobile,18.0,Completed
5510,524,8,84,2024-06-08,Store,8.0,Cancelled
5511,267,5,25,2025-04-11,Online,2.0,Completed
5512,238,11,63,2024-02-19,Store,14.0,Cancelled
5513,809,9,37,2025-04-18,Store,,Completed
5514,356,6,41,2025-05-21,Mobile,14.0,Completed
5515,1169,2,12,2025-08-03,Mobile,,Completed
5516,1168,7,55,2024-06-18,Mobile,2.0,Completed
5517,663,8,14,2024-08-15,Mobile,1.0,Completed
5518,831,1,73,2025-10-11,Store,,Cancelled
5519,527,1,30,2024-02-03,Store,,Completed
5520,426,12,61,2024-01-25,Online,18.0,Completed
5521,120,6,32,2024-10-29,Online,8.0,Completed
5522,168,7,18,2024-12-29,Store,10.0,Completed
5523,214,8,14,2025-06-28,Mobile,5.0,Completed
5524,21,3,82,2024-05-14,Online,7.0,Completed
5525,117,1,76,2025-06-23,Online,11.0,Completed
5526,183,9,37,2024-04-02,Store,11.0,Completed
5527,401,6,1,2024-06-23,Online,4.0,Completed
5528,935,12,59,2024-09-16,Online,17.0,Completed
5529,767,12,79,2024-11-20,Online,7.0,Completed
5530,571,11,56,2025-11-11,Store,16.0,Completed
5531,207,5,53,2025-04-29,Store,16.0,Completed
5532,856,9,37,2025-11-20,Mobile,13.0,Cancelled
5533,611,6,16,2025-03-08,Store,5.0,Completed
5534,404,5,39,2024-05-26,Store,18.0,Completed
5535,473,6,54,2024-07-25,Store,9.0,Completed
5536,39,10,46,2025-01-30,Store,5.0,Completed
5537,1129,8,29,2024-06-16,Online,,Cancelled
5538,12,6,64,2024-05-02,Online,14.0,Cancelled
5539,773,6,41,2024-10-31,Store,17.0,Cancelled
5540,661,2,40,2025-07-31,Mobile,18.0,Completed
5541,1200,1,22,2025-07-26,Online,17.0,Cancelled
5542,284,12,59,2025-04-05,Store,2.0,Completed
5543,171,1,35,2024-03-26,Store,17.0,Cancelled
5544,639,8,5,2024-10-11,Mobile,17.0,Completed
5545,471,12,11,2025-11-29,Online,13.0,Completed
5546,198,11,7,2024-02-06,Mobile,1.0,Completed
5547,644,2,27,2024-02-10,Store,8.0,Completed
5548,662,11,63,2024-01-24,Store,8.0,Cancelled
5549,485,1,13,2025-11-25,Online,11.0,Completed
5550,681,7,31,2025-12-21,Store,2.0,Completed
5551,556,12,43,2024-04-23,Online,17.0,Completed
5552,973,6,54,2025-07-15,Store,14.0,Completed
5553,584,12,43,2024-04-25,Online,7.0,Completed
5554,322,5,25,2025-07-07,Mobile,3.0,Cancelled
5555,1099,7,31,2024-08-06,Store,11.0,Completed
5556,1200,10,46,2024-05-31,Online,15.0,Completed
5557,98,8,69,2024-09-09,Online,2.0,Cancelled
5558,606,4,45,2024-07-09,Online,,Cancelled
5559,962,6,32,2025-04-26,Online,8.0,Completed
5560,196,11,56,2024-10-23,Mobile,5.0,Cancelled
5561,270,10,46,2024-11-24,Store,3.0,Completed
5562,733,12,43,2024-03-23,Store,11.0,Completed
5563,702,12,61,2024-10-29,Store,18.0,Completed
5564,541,6,54,2025-10-14,Online,1.0,Completed
5565,2,9,8,2025-05-08,Mobile,3.0,Cancelled
5566,386,11,7,2025-12-14,Online,2.0,Completed
5567,166,12,58,2024-08-04,Online,,Cancelled
5568,162,2,77,2024-12-15,Store,10.0,Cancelled
5569,1093,1,9,2024-03-11,Online,1.0,Completed
5570,621,4,89,2025-11-03,Online,10.0,Completed
5571,1138,9,8,2024-08-12,Online,10.0,Completed
5572,752,12,4,2025-09-29,Store,14.0,Completed
5573,1016,1,9,2025-07-22,Mobile,13.0,Completed
5574,118,2,40,2025-10-17,Store,13.0,Completed
5575,40,5,25,2024-06-19,Store,,Completed
5576,110,11,63,2024-09-06,Mobile,2.0,Completed
5577,606,10,90,2025-08-25,Online,14.0,Completed
5578,709,12,58,2025-09-06,Store,3.0,Completed
5579,458,9,68,2024-02-24,Store,6.0,Completed
5580,805,5,60,2025-05-23,Mobile,16.0,Completed
5581,253,8,34,2024-08-16,Online,10.0,Completed
5582,68,9,68,2025-12-14,Mobile,10.0,Completed
5583,870,1,76,2025-04-10,Store,11.0,Completed
5584,725,7,18,2025-02-04,Store,5.0,Completed
5585,640,2,77,2025-09-03,Online,7.0,Completed
5586,428,10,66,2025-04-25,Mobile,11.0,Completed
5587,765,1,22,2025-08-08,Mobile,17.0,Completed
5588,768,4,24,2024-06-10,Store,16.0,Completed
5589,784,5,42,2025-12-21,Mobile,16.0,Completed
5590,66,8,34,2024-05-24,Store,5.0,Completed
5591,638,11,52,2024-06-03,Online,4.0,Completed
5592,1083,11,56,2024-04-05,Online,6.0,Completed
5593,849,11,7,2025-10-09,Store,12.0,Completed
5594,987,12,59,2024-11-11,Store,15.0,Completed
5595,358,11,63,2024-12-18,Online,9.0,Completed
5596,1075,5,62,2024-08-04,Store,14.0,Cancelled
5597,298,7,18,2024-04-16,Online,8.0,Completed
5598,671,8,34,2024-04-30,Store,18.0,Completed
5599,354,4,57,2024-07-25,Store,13.0,Completed
5600,315,1,65,2024-01-31,Store,15.0,Completed
5601,239,5,3,2024-07-23,Store,16.0,Completed
5602,1031,2,77,2025-04-07,Mobile,4.0,Completed
5603,712,8,69,2025-01-27,Store,18.0,Completed
5604,859,8,75,2024-06-05,Online,14.0,Completed
5605,427,2,40,2024-07-22,Online,9.0,Completed
5606,948,10,90,2024-11-13,Online,16.0,Completed
5607,827,1,13,2024-05-05,Store,11.0,Completed
5608,1094,5,38,2025-03-16,Store,18.0,Completed
5609,659,3,82,2025-02-09,Online,11.0,Completed
5610,928,12,58,2025-07-02,Store,5.0,Completed
5611,1104,6,54,2024-08-01,Online,3.0,Completed
5612,837,11,63,2025-10-08,Store,5.0,Completed
5613,105,2,12,2024-06-14,Store,17.0,Completed
5614,998,2,40,2025-12-28,Online,15.0,Completed
5615,306,5,3,2024-10-26,Store,3.0,Completed
5616,530,3,49,2025-11-02,Mobile,17.0,Completed
5617,773,1,9,2025-11-26,Store,8.0,Completed
5618,83,6,23,2024-03-01,Online,6.0,Cancelled
5619,1191,11,7,2025-11-08,Store,,Completed
5620,297,2,27,2025-12-10,Store,15.0,Completed
5621,748,10,90,2024-08-17,Store,8.0,Completed
5622,511,2,12,2025-10-31,Mobile,3.0,Completed
5623,273,11,56,2025-01-10,Store,3.0,Completed
5624,598,6,41,2025-03-08,Online,13.0,Completed
5625,507,7,51,2024-10-02,Store,16.0,Completed
5626,839,11,7,2025-05-15,Store,11.0,Completed
5627,774,1,22,2025-01-11,Online,,Completed
5628,531,10,66,2025-01-30,Store,5.0,Completed
5629,219,10,46,2025-05-28,Mobile,5.0,Completed
5630,42,4,45,2024-04-02,Store,7.0,Cancelled
5631,792,11,7,2025-06-30,Store,6.0,Cancelled
5632,556,11,63,2025-04-07,Online,7.0,Completed
5633,999,1,35,2024-09-28,Mobile,7.0,Cancelled
5634,960,2,27,2025-04-09,Online,16.0,Completed
5635,303,7,51,2025-02-08,Store,6.0,Cancelled
5636,435,2,48,2024-05-30,Store,11.0,Cancelled
5637,124,10,71,2025-10-20,Online,3.0,Completed
5638,435,6,17,2025-11-29,Store,1.0,Completed
5639,426,1,21,2024-10-29,Store,12.0,Completed
5640,155,9,33,2024-03-22,Store,13.0,Completed
5641,166,6,54,2024-06-03,Store,,Completed
5642,591,10,90,2025-05-31,Online,5.0,Cancelled
5643,1124,4,45,2024-04-05,Online,12.0,Completed
5644,261,6,23,2024-09-25,Store,14.0,Completed
5645,919,10,46,2025-09-12,Store,12.0,Completed
5646,939,11,52,2025-12-12,Online,,Completed
5647,962,10,90,2025-01-04,Store,16.0,Completed
5648,604,12,59,2025-11-12,Store,4.0,Completed
5649,1122,6,32,2024-02-05,Store,14.0,Completed
5650,1036,12,58,2025-09-09,Store,3.0,Completed
5651,888,3,87,2024-03-03,Online,2.0,Completed
5652,1003,10,66,2024-11-19,Store,,Completed
5653,37,2,77,2024-12-20,Online,,Completed
5654,716,2,27,2024-07-01,Online,16.0,Completed
5655,870,11,63,2025-04-24,Store,8.0,Completed
5656,522,1,85,2024-01-16,Store,2.0,Completed
5657,814,4,80,2025-08-11,Store,5.0,Completed
5658,189,9,19,2024-09-24,Online,15.0,Completed
5659,627,12,43,2024-02-23,Store,6.0,Completed
5660,96,7,31,2025-07-18,Online,10.0,Completed
5661,795,2,27,2024-07-28,Online,17.0,Completed
5662,1057,12,11,2025-03-19,Store,8.0,Completed
5663,1138,3,15,2024-05-09,Online,17.0,Completed
5664,536,12,11,2024-01-27,Store,18.0,Completed
5665,1047,8,29,2025-06-04,Online,,Completed
5666,18,3,82,2025-02-05,Store,10.0,Cancelled
5667,121,1,35,2024-05-24,Mobile,13.0,Completed
5668,1090,6,1,2024-02-25,Online,4.0,Cancelled
5669,128,9,2,2024-04-14,Mobile,1.0,Completed
5670,929,4,89,2025-11-21,Store,2.0,Completed
5671,48,4,89,2024-01-26,Online,17.0,Completed
5672,1123,8,34,2024-03-29,Store,13.0,Completed
5673,320,6,54,2024-07-05,Store,,Completed
5674,1182,12,61,2025-11-04,Store,12.0,Completed
5675,592,3,50,2024-05-05,Store,,Cancelled
5676,1005,10,66,2025-03-03,Mobile,11.0,Completed
5677,254,10,90,2025-06-25,Store,,Completed
5678,688,3,50,2024-05-04,Store,15.0,Completed
5679,929,6,23,2024-12-18,Online,16.0,Completed
5680,570,10,90,2024-09-12,Store,,Completed
5681,785,1,65,2024-10-01,Online,17.0,Completed
5682,527,8,69,2025-06-03,Mobile,17.0,Completed
5683,467,9,33,2024-11-24,Store,,Cancelled
5684,144,3,70,2025-07-11,Store,,Cancelled
5685,1029,3,88,2024-12-11,Store,4.0,Completed
5686,696,5,74,2024-08-11,Online,1.0,Completed
5687,875,7,55,2024-06-10,Store,7.0,Cancelled
5688,645,9,33,2025-10-22,Online,9.0,Cancelled
5689,633,6,17,2025-06-13,Mobile,18.0,Completed
5690,371,10,66,2024-02-25,Store,7.0,Completed
5691,293,3,15,2024-04-30,Store,11.0,Completed
5692,120,3,50,2024-04-11,Online,,Cancelled
5693,250,7,31,2024-07-24,Store,7.0,Completed
5694,508,2,12,2025-04-02,Online,18.0,Completed
5695,807,10,46,2024-04-04,Online,3.0,Completed
5696,402,6,17,2025-09-14,Store,10.0,Completed
5697,1055,7,18,2024-10-20,Store,3.0,Cancelled
5698,649,5,25,2025-01-04,Online,,Completed
5699,973,12,61,2025-01-24,Store,10.0,Completed
5700,451,1,73,2025-04-24,Online,11.0,Completed
5701,779,11,56,2025-03-25,Store,10.0,Completed
5702,143,5,74,2025-06-25,Store,17.0,Cancelled
5703,278,5,53,2025-03-24,Online,11.0,Completed
5704,771,2,40,2024-02-19,Online,,Completed
5705,403,12,59,2025-10-13,Online,9.0,Completed
5706,471,9,8,2024-02-11,Mobile,16.0,Completed
5707,506,11,56,2024-12-18,Online,2.0,Completed
5708,19,6,41,2025-07-21,Store,11.0,Completed
5709,369,12,43,2024-07-22,Online,9.0,Completed
5710,479,3,70,2024-10-18,Store,,Completed
5711,87,5,62,2024-01-02,Store,8.0,Cancelled
5712,585,12,58,2025-08-23,Store,,Completed
5713,1145,5,62,2024-09-15,Store,7.0,Cancelled
5714,637,3,49,2024-12-31,Online,2.0,Completed
5715,650,12,79,2025-10-31,Store,9.0,Cancelled
5716,259,12,79,2024-08-15,Online,4.0,Cancelled
5717,9,11,7,2025-06-14,Online,13.0,Completed
5718,946,1,73,2024-07-07,Store,3.0,Completed
5719,826,3,82,2025-12-17,Store,,Completed
5720,584,6,64,2024-05-21,Online,16.0,Completed
5721,171,1,85,2025-04-24,Online,12.0,Completed
5722,876,11,7,2024-01-09,Online,12.0,Completed
5723,1027,12,11,2024-05-14,Online,18.0,Completed
5724,802,10,46,2024-05-07,Store,6.0,Completed
5725,809,7,18,2024-07-29,Store,16.0,Cancelled
5726,947,1,30,2025-10-20,Online,3.0,Completed
5727,1007,8,69,2024-01-05,Store,,Completed
5728,202,7,51,2025-03-19,Mobile,4.0,Completed
5729,955,4,83,2024-06-16,Online,15.0,Completed
5730,750,9,33,2024-07-01,Online,7.0,Completed
5731,555,4,6,2024-10-27,Online,,Completed
5732,76,12,61,2024-03-25,Store,6.0,Cancelled
5733,616,6,16,2025-06-12,Online,7.0,Completed
5734,448,9,28,2025-08-02,Store,13.0,Cancelled
5735,977,1,35,2024-04-18,Online,13.0,Completed
5736,841,6,41,2024-09-21,Store,15.0,Completed
5737,608,3,49,2024-07-12,Online,12.0,Completed
5738,832,11,52,2025-01-03,Store,17.0,Completed
5739,54,3,15,2025-11-19,Mobile,11.0,Completed
5740,1184,11,63,2024-12-23,Store,7.0,Completed
5741,667,8,69,2024-06-02,Mobile,9.0,Cancelled
5742,1125,6,23,2025-11-25,Online,6.0,Completed
5743,948,1,65,2025-12-24,Store,10.0,Cancelled
5744,827,8,34,2025-01-19,Online,16.0,Completed
5745,977,9,33,2024-07-03,Online,,Completed
5746,837,4,86,2025-01-30,Online,17.0,Completed
5747,1000,1,65,2025-04-04,Mobile,8.0,Completed
5748,657,9,2,2025-10-13,Online,10.0,Cancelled
5749,894,7,31,2025-02-16,Store,3.0,Completed
5750,830,6,1,2024-10-12,Store,,Completed
5751,761,5,38,2025-04-01,Mobile,15.0,Completed
5752,836,6,23,2024-09-11,Mobile,5.0,Completed
5753,1050,12,4,2024-03-22,Online,18.0,Completed
5754,805,3,82,2025-08-06,Store,7.0,Cancelled
5755,700,5,81,2024-10-29,Online,5.0,Completed
5756,606,3,88,2025-07-28,Mobile,4.0,Completed
5757,138,4,10,2024-03-18,Online,10.0,Completed
5758,383,5,60,2025-09-05,Online,3.0,Completed
5759,493,12,11,2024-06-20,Store,8.0,Completed
5760,706,2,40,2024-07-23,Store,6.0,Completed
5761,817,2,12,2024-11-02,Online,5.0,Completed
5762,219,6,17,2024-06-20,Online,16.0,Completed
5763,695,5,47,2025-02-05,Store,,Completed
5764,146,9,28,2024-10-27,Online,13.0,Completed
5765,98,2,48,2025-11-11,Store,10.0,Cancelled
5766,811,8,14,2025-07-18,Mobile,18.0,Completed
5767,639,8,69,2025-11-10,Store,1.0,Completed
5768,808,11,7,2025-05-05,Online,10.0,Cancelled
5769,447,2,48,2025-01-29,Store,2.0,Completed
5770,489,6,41,2024-07-18,Online,7.0,Completed
5771,794,12,4,2025-07-05,Online,14.0,Completed
5772,908,4,36,2025-12-26,Store,11.0,Completed
5773,967,1,30,2025-05-12,Store,1.0,Cancelled
5774,1179,5,62,2024-05-28,Online,1.0,Completed
5775,1061,9,2,2025-10-30,Store,,Completed
5776,273,8,75,2024-01-11,Online,7.0,Completed
5777,146,10,66,2025-05-31,Store,1.0,Completed
5778,975,7,51,2024-03-05,Store,6.0,Completed
5779,609,8,84,2025-03-12,Online,,Cancelled
5780,1098,9,19,2025-12-28,Store,4.0,Completed
5781,1148,4,57,2025-11-05,Store,10.0,Completed
5782,130,7,55,2024-10-03,Store,12.0,Completed
5783,1123,4,57,2024-11-18,Store,9.0,Completed
5784,587,1,76,2024-10-09,Mobile,18.0,Completed
5785,1126,8,5,2025-11-19,Mobile,3.0,Completed
5786,592,6,1,2024-08-02,Online,,Cancelled
5787,1157,6,32,2025-04-16,Mobile,7.0,Completed
5788,688,11,7,2024-07-28,Store,7.0,Completed
5789,820,8,14,2025-02-23,Online,17.0,Completed
5790,215,2,44,2024-11-21,Mobile,17.0,Completed
5791,452,2,48,2024-02-16,Online,18.0,Completed
5792,149,6,32,2025-04-04,Store,10.0,Cancelled
5793,1113,9,8,2024-03-10,Online,13.0,Completed
5794,380,5,67,2024-02-03,Online,4.0,Completed
5795,392,5,81,2024-04-17,Online,,Completed
5796,260,7,55,2024-09-09,Store,11.0,Completed
5797,1003,7,18,2024-06-29,Online,7.0,Completed
5798,911,10,78,2025-01-20,Online,13.0,Cancelled
5799,116,7,51,2024-11-18,Online,16.0,Completed
5800,515,10,71,2024-11-04,Online,2.0,Completed
5801,646,6,17,2025-07-14,Store,17.0,Completed
5802,836,4,80,2024-01-29,Store,5.0,Completed
5803,803,7,55,2025-06-16,Online,15.0,Completed
5804,616,4,6,2025-11-03,Store,,Cancelled
5805,814,11,56,2024-04-29,Online,15.0,Completed
5806,1048,6,23,2025-07-09,Store,6.0,Completed
5807,153,6,41,2025-05-25,Mobile,16.0,Completed
5808,32,11,56,2024-11-23,Online,,Completed
5809,108,4,24,2025-10-31,Online,8.0,Completed
5810,767,10,78,2025-11-26,Online,2.0,Completed
5811,546,11,7,2024-09-29,Online,3.0,Completed
5812,694,2,44,2024-10-09,Mobile,4.0,Completed
5813,1026,6,54,2025-12-07,Store,7.0,Completed
5814,893,8,29,2025-11-01,Store,3.0,Completed
5815,1192,2,12,2024-03-12,Online,9.0,Completed
5816,970,8,26,2024-09-11,Mobile,4.0,Completed
5817,83,2,77,2024-05-09,Online,8.0,Completed
5818,486,11,7,2025-05-04,Store,10.0,Completed
5819,241,9,2,2025-02-07,Store,,Completed
5820,1049,5,47,2024-04-28,Mobile,4.0,Completed
5821,1089,2,40,2024-05-30,Store,,Cancelled
5822,1158,6,16,2024-11-28,Store,,Completed
5823,896,7,18,2025-12-20,Mobile,6.0,Completed
5824,161,2,27,2024-08-11,Online,15.0,Completed
5825,852,9,68,2024-06-08,Store,11.0,Completed
5826,93,10,78,2025-08-14,Store,10.0,Completed
5827,370,8,29,2025-12-23,Store,,Cancelled
5828,748,10,66,2025-09-27,Store,3.0,Completed
5829,1018,6,41,2024-05-31,Store,3.0,Completed
5830,777,9,68,2024-03-04,Store,12.0,Completed
5831,425,11,56,2025-07-31,Online,,Completed
5832,221,4,83,2024-01-22,Store,13.0,Completed
5833,578,8,26,2025-05-29,Mobile,5.0,Completed
5834,822,5,81,2024-04-04,Online,12.0,Completed
5835,1009,11,56,2025-12-19,Store,18.0,Completed
5836,206,2,48,2024-12-28,Online,1.0,Completed
5837,443,2,77,2024-04-16,Store,14.0,Completed
5838,766,12,58,2024-07-16,Store,4.0,Completed
5839,1008,10,46,2025-12-19,Online,6.0,Completed
5840,655,7,31,2024-07-04,Mobile,4.0,Completed
5841,623,12,79,2024-03-05,Store,12.0,Completed
5842,780,1,73,2024-05-12,Store,15.0,Cancelled
5843,286,2,44,2024-03-22,Store,17.0,Completed
5844,6,2,77,2025-12-03,Store,16.0,Cancelled
5845,109,12,4,2024-09-08,Store,6.0,Completed
5846,264,3,50,2024-05-12,Store,,Cancelled
5847,361,7,18,2024-06-15,Store,2.0,Completed
5848,103,11,52,2025-09-14,Online,8.0,Completed
5849,1124,11,63,2025-01-31,Store,7.0,Cancelled
5850,792,5,25,2025-04-13,Store,12.0,Completed
5851,80,6,23,2024-12-23,Online,9.0,Cancelled
5852,412,11,7,2024-10-29,Store,18.0,Completed
5853,52,2,44,2025-05-08,Mobile,15.0,Completed
5854,395,8,26,2025-10-02,Store,10.0,Completed
5855,436,11,63,2024-08-11,Store,14.0,Cancelled
5856,173,7,51,2025-07-19,Store,6.0,Completed
5857,580,11,52,2024-08-16,Online,18.0,Completed
5858,577,8,75,2024-11-24,Mobile,11.0,Completed
5859,250,1,30,2025-02-04,Mobile,1.0,Completed
5860,296,11,63,2025-06-20,Store,16.0,Completed
5861,643,12,4,2025-12-31,Store,10.0,Completed
5862,875,1,13,2025-11-19,Online,6.0,Completed
5863,508,3,15,2025-05-31,Online,2.0,Completed
5864,541,8,29,2024-06-30,Online,3.0,Completed
5865,207,8,34,2025-05-27,Online,3.0,Completed
5866,1085,3,49,2025-07-13,Mobile,9.0,Completed
5867,290,8,14,2024-01-11,Mobile,5.0,Completed
5868,257,9,19,2025-04-10,Online,,Completed
5869,1004,1,85,2024-02-02,Store,,Completed
5870,160,3,87,2024-01-25,Store,18.0,Completed
5871,846,6,1,2024-11-02,Online,14.0,Completed
5872,1110,3,82,2024-05-06,Store,10.0,Completed
5873,83,11,52,2024-01-16,Online,5.0,Completed
5874,206,1,21,2025-11-01,Store,,Completed
5875,1020,12,79,2025-12-14,Store,13.0,Cancelled
5876,319,8,34,2025-06-26,Store,17.0,Completed
5877,1099,9,8,2024-06-09,Store,11.0,Completed
5878,943,10,46,2025-07-28,Online,10.0,Completed
5879,1102,3,82,2025-01-06,Online,17.0,Completed
5880,440,10,78,2025-09-05,Mobile,7.0,Completed
5881,1096,8,5,2024-10-03,Store,11.0,Completed
5882,32,11,56,2025-09-06,Online,,Completed
5883,482,3,88,2025-05-19,Online,5.0,Completed
5884,330,12,11,2025-07-30,Store,10.0,Cancelled
5885,323,11,7,2025-10-27,Online,10.0,Cancelled
5886,351,8,29,2024-04-11,Mobile,14.0,Cancelled
5887,57,3,70,2024-12-22,Mobile,16.0,Completed
5888,563,6,16,2024-02-12,Store,4.0,Completed
5889,1169,4,6,2025-02-10,Store,4.0,Completed
5890,142,4,36,2024-11-13,Online,6.0,Completed
5891,464,5,3,2025-07-07,Online,12.0,Completed
5892,1006,4,57,2024-05-23,Online,18.0,Cancelled
5893,340,8,14,2025-05-23,Online,3.0,Completed
5894,1110,6,32,2024-02-20,Store,4.0,Completed
5895,85,12,4,2024-04-17,Online,5.0,Cancelled
5896,872,1,35,2025-04-23,Online,3.0,Completed
5897,1097,8,5,2025-08-25,Store,6.0,Completed
5898,353,8,69,2025-04-29,Online,9.0,Completed
5899,66,3,82,2024-10-14,Online,5.0,Completed
5900,1143,7,55,2024-07-17,Online,15.0,Cancelled
5901,497,11,52,2024-02-19,Online,12.0,Completed
5902,879,9,20,2025-06-23,Store,3.0,Completed
5903,50,10,46,2025-10-16,Online,4.0,Completed
5904,595,9,33,2025-08-19,Store,5.0,Completed
5905,93,3,50,2025-10-30,Store,14.0,Completed
5906,875,3,87,2025-06-27,Mobile,5.0,Completed
5907,279,11,52,2025-10-05,Mobile,11.0,Completed
5908,78,6,32,2025-02-12,Online,15.0,Cancelled
5909,1193,4,6,2024-12-16,Online,2.0,Cancelled
5910,1040,10,78,2025-07-31,Store,5.0,Completed
5911,93,8,34,2025-08-06,Store,2.0,Completed
5912,995,4,10,2025-11-05,Online,5.0,Completed
5913,754,2,27,2025-04-04,Online,1.0,Completed
5914,890,3,87,2024-08-08,Store,8.0,Completed
5915,1074,7,31,2024-09-17,Store,13.0,Completed
5916,982,5,42,2025-09-29,Online,18.0,Completed
5917,922,1,35,2024-05-12,Store,14.0,Completed
5918,958,1,9,2025-03-06,Online,6.0,Completed
5919,982,12,43,2024-01-10,Online,,Completed
5920,386,3,70,2024-10-24,Store,,Completed
5921,197,9,68,2024-09-29,Online,14.0,Cancelled
5922,666,9,37,2025-09-01,Store,4.0,Completed
5923,605,2,40,2024-08-24,Store,4.0,Cancelled
5924,820,7,18,2024-06-03,Mobile,3.0,Completed
5925,1102,1,76,2024-04-08,Store,6.0,Completed
5926,625,12,43,2024-07-16,Store,16.0,Completed
5927,535,7,18,2025-07-29,Store,9.0,Completed
5928,1002,5,81,2025-08-23,Online,18.0,Cancelled
5929,729,12,4,2024-11-02,Online,6.0,Completed
5930,102,12,79,2024-08-20,Store,17.0,Completed
5931,271,2,72,2025-05-05,Online,3.0,Completed
5932,872,2,27,2024-05-29,Store,12.0,Completed
5933,239,2,48,2025-04-09,Store,,Completed
5934,145,1,85,2024-05-04,Mobile,13.0,Completed
5935,124,4,36,2025-03-18,Mobile,18.0,Completed
5936,1048,12,43,2024-07-14,Store,16.0,Completed
5937,329,1,65,2024-03-10,Mobile,14.0,Completed
5938,846,4,89,2025-12-02,Store,15.0,Completed
5939,699,12,59,2025-11-25,Online,,Completed
5940,29,10,66,2024-11-29,Store,13.0,Completed
5941,514,7,31,2025-05-02,Mobile,4.0,Completed
5942,656,6,32,2024-11-01,Store,5.0,Completed
5943,778,1,9,2024-03-17,Store,6.0,Completed
5944,331,7,55,2025-05-04,Online,10.0,Completed
5945,96,10,66,2025-07-23,Online,11.0,Completed
5946,677,5,53,2025-06-12,Store,1.0,Completed
5947,450,3,15,2024-02-18,Online,17.0,Completed
5948,121,7,31,2024-09-12,Online,,Completed
5949,67,12,58,2025-04-15,Store,11.0,Completed
5950,784,9,37,2024-04-28,Store,15.0,Cancelled
5951,247,9,19,2024-03-31,Store,7.0,Completed
5952,433,5,39,2025-07-25,Online,1.0,Completed
5953,905,6,32,2025-04-07,Store,18.0,Completed
5954,118,11,52,2025-10-10,Mobile,8.0,Cancelled
5955,166,10,66,2025-02-18,Store,,Completed
5956,268,5,60,2025-04-11,Mobile,6.0,Cancelled
5957,401,2,12,2024-07-06,Store,7.0,Completed
5958,785,3,87,2025-05-28,Online,12.0,Completed
5959,406,4,83,2025-09-05,Online,12.0,Completed
5960,729,3,87,2024-12-08,Online,,Completed
5961,649,8,5,2025-01-01,Mobile,16.0,Completed
5962,264,1,65,2025-02-20,Store,8.0,Completed
5963,465,12,43,2025-07-23,Store,6.0,Cancelled
5964,715,8,34,2025-06-14,Store,17.0,Completed
5965,86,1,85,2025-12-16,Mobile,12.0,Completed
5966,1178,2,27,2025-11-07,Store,,Completed
5967,535,10,46,2024-09-29,Mobile,15.0,Completed
5968,751,3,88,2024-07-23,Store,,Completed
5969,860,6,41,2025-09-27,Mobile,2.0,Cancelled
5970,1081,6,64,2024-09-24,Online,10.0,Cancelled
5971,882,3,70,2025-03-12,Online,8.0,Cancelled
5972,914,2,72,2025-01-01,Store,13.0,Completed
5973,200,9,2,2025-07-17,Online,1.0,Completed
5974,681,7,55,2025-07-27,Mobile,6.0,Cancelled
5975,613,2,27,2024-08-13,Store,5.0,Completed
5976,885,12,58,2024-02-07,Mobile,1.0,Completed
5977,1045,8,69,2024-08-23,Store,9.0,Completed
5978,492,5,25,2024-01-13,Online,,Completed
5979,268,2,48,2025-04-18,Store,8.0,Cancelled
5980,340,7,31,2025-06-22,Mobile,,Completed
5981,354,4,86,2024-05-31,Online,7.0,Completed
5982,577,7,31,2025-01-21,Store,10.0,Completed
5983,1073,8,29,2025-07-23,Mobile,8.0,Completed
5984,44,2,40,2025-01-01,Online,10.0,Completed
5985,277,4,45,2025-09-14,Online,17.0,Completed
5986,1042,6,1,2024-01-24,Online,5.0,Completed
5987,793,2,12,2024-07-01,Store,11.0,Completed
5988,487,12,59,2025-11-02,Online,6.0,Completed
5989,190,3,82,2024-08-05,Store,3.0,Completed
5990,860,7,31,2025-08-17,Store,12.0,Completed
5991,982,10,71,2025-02-03,Online,17.0,Completed
5992,107,3,70,2024-10-15,Store,15.0,Completed
5993,1071,6,1,2024-12-02,Online,7.0,Completed
5994,717,2,77,2024-10-17,Store,,Cancelled
5995,420,12,58,2024-08-03,Mobile,9.0,Completed
5996,1157,8,26,2025-08-06,Store,,Completed
5997,274,5,60,2024-08-07,Online,17.0,Completed
5998,638,3,82,2024-11-10,Store,10.0,Completed
5999,50,10,46,2025-10-17,Store,,Completed
6000,892,9,20,2025-09-21,Store,11.0,Completed
