shipment_id,order_id,ship_date,promised_date,delivery_date,carrier,shipping_cost
1,1,2024-04-12,2024-04-15,2024-04-16,Local Courier,10.42
2,2,2024-10-31,2024-11-03,2024-11-03,FedEx,26.51
3,4,2025-09-04,2025-09-07,2025-09-08,FedEx,5.52
4,5,2025-04-18,2025-04-21,2025-04-22,UPS,7.5
5,6,2025-12-18,2025-12-21,2025-12-19,USPS,27.09
6,8,2025-05-07,2025-05-10,2025-05-11,FedEx,7.39
7,9,2024-12-11,2024-12-14,2024-12-12,UPS,21.58
8,10,2024-05-13,2024-05-16,2024-05-16,USPS,22.7
9,11,2025-02-04,2025-02-07,2025-02-06,Local Courier,16.45
10,12,2025-01-10,2025-01-13,2025-01-13,FedEx,26.33
11,13,2025-04-04,2025-04-07,2025-04-05,UPS,21.46
12,15,2025-03-27,2025-03-30,2025-04-05,UPS,27.89
13,16,2024-03-09,2024-03-12,2024-03-17,FedEx,27.79
14,17,2024-12-19,2024-12-22,2024-12-21,USPS,11.28
15,18,2024-06-08,2024-06-11,2024-06-10,USPS,4.63
16,19,2024-07-02,2024-07-05,2024-07-04,USPS,22.85
17,20,2024-07-30,2024-08-02,2024-08-01,FedEx,13.57
18,21,2025-12-15,2025-12-18,2025-12-16,FedEx,4.87
19,23,2024-02-14,2024-02-17,2024-02-16,USPS,26.93
20,25,2025-12-08,2025-12-11,2025-12-13,UPS,4.2
21,28,2024-10-08,2024-10-11,2024-10-13,UPS,11.77
22,29,2024-02-26,2024-02-29,2024-03-02,UPS,26.51
23,30,2025-06-27,2025-06-30,2025-07-04,FedEx,12.68
24,31,2024-09-01,2024-09-04,2024-09-04,USPS,20.56
25,32,2024-05-11,2024-05-14,2024-05-13,USPS,7.5
26,33,2025-02-13,2025-02-16,2025-02-14,FedEx,15.28
27,34,2025-07-09,2025-07-12,2025-07-11,Local Courier,13.1
28,35,2025-07-10,2025-07-13,2025-07-15,UPS,12.97
29,36,2025-06-25,2025-06-28,2025-06-29,UPS,22.43
30,37,2025-01-16,2025-01-19,2025-01-17,USPS,11.84
31,38,2024-01-26,2024-01-29,2024-01-29,FedEx,11.06
32,40,2024-04-09,2024-04-12,2024-04-13,USPS,13.8
33,41,2025-08-12,2025-08-15,2025-08-19,USPS,5.75
34,42,2025-02-23,2025-02-26,2025-02-25,USPS,6.56
35,43,2025-01-08,2025-01-11,2025-01-13,USPS,6.98
36,44,2025-03-27,2025-03-30,2025-03-31,UPS,7.59
37,45,2025-05-23,2025-05-26,2025-05-25,Local Courier,23.74
38,47,2024-12-08,2024-12-11,2024-12-11,Local Courier,7.84
39,48,2024-07-26,2024-07-29,2024-07-28,Local Courier,19.19
40,49,2025-11-13,2025-11-16,2025-11-16,USPS,17.22
41,50,2025-10-14,2025-10-17,2025-10-17,USPS,23.66
42,51,2024-04-26,2024-04-29,2024-05-02,UPS,22.14
43,52,2025-10-07,2025-10-10,2025-10-13,UPS,10.36
44,53,2025-10-11,2025-10-14,2025-10-14,FedEx,22.03
45,54,2025-11-15,2025-11-18,2025-11-19,UPS,20.93
46,57,2024-11-05,2024-11-08,2024-11-10,FedEx,15.84
47,58,2024-06-16,2024-06-19,2024-06-17,UPS,24.29
48,59,2024-11-15,2024-11-18,2024-11-18,USPS,9.66
49,60,2025-05-28,2025-05-31,2025-05-31,UPS,5.31
50,61,2024-04-30,2024-05-03,2024-05-03,USPS,14.72
51,62,2025-03-03,2025-03-06,2025-03-09,UPS,8.27
52,64,2024-12-27,2024-12-30,2025-01-01,FedEx,25.79
53,65,2024-03-26,2024-03-29,2024-03-27,UPS,10.81
54,66,2024-08-24,2024-08-27,2024-08-26,Local Courier,16.63
55,67,2025-03-26,2025-03-29,2025-03-30,FedEx,18.07
56,68,2025-04-29,2025-05-02,2025-05-01,USPS,18.42
57,70,2024-11-24,2024-11-27,2024-11-28,UPS,12.11
58,72,2025-05-15,2025-05-18,2025-05-19,USPS,11.41
59,73,2025-05-19,2025-05-22,2025-05-24,Local Courier,17.05
60,74,2024-01-10,2024-01-13,2024-01-11,Local Courier,5.67
61,75,2024-08-04,2024-08-07,2024-08-05,USPS,17.17
62,76,2024-04-29,2024-05-02,2024-05-08,USPS,5.37
63,77,2024-04-07,2024-04-10,2024-04-11,FedEx,18.12
64,78,2025-02-03,2025-02-06,2025-02-06,FedEx,6.42
65,79,2024-04-10,2024-04-13,2024-04-11,FedEx,23.4
66,81,2025-05-17,2025-05-20,2025-05-21,Local Courier,13.16
67,82,2024-07-01,2024-07-04,2024-07-04,UPS,24.38
68,86,2025-10-09,2025-10-12,2025-10-11,FedEx,5.1
69,87,2024-09-17,2024-09-20,2024-09-21,USPS,6.47
70,88,2025-03-31,2025-04-03,2025-04-01,FedEx,24.11
71,90,2025-10-02,2025-10-05,2025-10-07,FedEx,19.71
72,91,2025-05-27,2025-05-30,2025-05-31,Local Courier,26.69
73,92,2025-08-17,2025-08-20,2025-08-21,USPS,11.47
74,93,2024-12-07,2024-12-10,2024-12-09,USPS,23.74
75,94,2025-12-22,2025-12-25,2025-12-26,FedEx,4.82
76,95,2025-01-08,2025-01-11,2025-01-10,USPS,27.76
77,96,2024-07-06,2024-07-09,2024-07-09,UPS,25.92
78,97,2025-01-28,2025-01-31,2025-02-01,FedEx,26.88
79,98,2025-07-12,2025-07-15,2025-07-16,UPS,25.79
80,99,2025-08-11,2025-08-14,2025-08-15,FedEx,11.88
81,101,2024-11-16,2024-11-19,2024-11-23,Local Courier,12.4
82,102,2025-06-14,2025-06-17,2025-06-17,USPS,22.96
83,103,2024-03-03,2024-03-06,2024-03-08,UPS,18.14
84,104,2024-03-13,2024-03-16,2024-03-17,UPS,6.69
85,107,2024-11-03,2024-11-06,2024-11-07,FedEx,15.45
86,108,2024-10-31,2024-11-03,2024-11-04,FedEx,6.71
87,109,2025-12-18,2025-12-21,2025-12-23,UPS,10.26
88,110,2024-04-06,2024-04-09,2024-04-08,USPS,9.06
89,111,2025-01-19,2025-01-22,2025-01-25,Local Courier,25.8
90,112,2025-04-11,2025-04-14,2025-04-14,FedEx,16.62
91,113,2025-03-12,2025-03-15,2025-03-15,USPS,13.03
92,114,2025-10-27,2025-10-30,2025-10-31,UPS,6.22
93,115,2025-06-11,2025-06-14,2025-06-14,FedEx,23.28
94,118,2024-06-17,2024-06-20,2024-06-22,USPS,22.22
95,119,2025-05-04,2025-05-07,2025-05-09,UPS,19.86
96,122,2025-05-15,2025-05-18,2025-05-19,Local Courier,15.71
97,123,2025-08-29,2025-09-01,2025-08-30,UPS,22.78
98,124,2024-04-07,2024-04-10,2024-04-11,USPS,27.39
99,125,2025-09-07,2025-09-10,2025-09-08,FedEx,6.54
100,126,2025-02-14,2025-02-17,2025-02-17,UPS,14.03
101,127,2024-04-03,2024-04-06,2024-04-05,UPS,24.38
102,130,2024-03-20,2024-03-23,2024-03-22,UPS,25.84
103,131,2024-09-27,2024-09-30,2024-10-01,Local Courier,27.32
104,133,2024-12-27,2024-12-30,2025-01-02,FedEx,24.32
105,134,2024-09-24,2024-09-27,2024-09-27,FedEx,16.0
106,135,2024-01-12,2024-01-15,2024-01-16,FedEx,27.77
107,136,2025-07-06,2025-07-09,2025-07-10,FedEx,24.5
108,140,2024-12-17,2024-12-20,2024-12-20,FedEx,15.16
109,142,2024-12-30,2025-01-02,2025-01-01,UPS,19.24
110,143,2024-02-01,2024-02-04,2024-02-05,FedEx,9.09
111,146,2025-03-13,2025-03-16,2025-03-15,FedEx,18.77
112,147,2025-07-20,2025-07-23,2025-07-24,USPS,5.7
113,148,2024-09-23,2024-09-26,2024-09-26,FedEx,6.58
114,149,2024-11-21,2024-11-24,2024-11-24,USPS,4.66
115,150,2025-05-30,2025-06-02,2025-06-02,FedEx,15.94
116,151,2026-01-01,2026-01-04,2026-01-06,USPS,13.11
117,152,2025-12-15,2025-12-18,2025-12-21,FedEx,17.2
118,153,2024-08-05,2024-08-08,2024-08-10,FedEx,24.27
119,154,2024-03-30,2024-04-02,2024-03-31,UPS,8.77
120,155,2025-07-19,2025-07-22,2025-07-25,UPS,14.61
121,156,2025-10-18,2025-10-21,2025-10-22,USPS,18.42
122,157,2024-07-13,2024-07-16,2024-07-16,Local Courier,9.96
123,158,2024-04-11,2024-04-14,2024-04-12,Local Courier,26.26
124,160,2025-10-04,2025-10-07,2025-10-06,Local Courier,20.83
125,161,2025-07-28,2025-07-31,2025-07-30,USPS,14.97
126,163,2025-08-26,2025-08-29,2025-08-29,Local Courier,22.8
127,165,2024-08-24,2024-08-27,2024-08-28,Local Courier,15.63
128,166,2024-07-13,2024-07-16,2024-07-16,USPS,6.67
129,167,2024-09-17,2024-09-20,2024-09-21,UPS,21.79
130,168,2024-11-15,2024-11-18,2024-11-17,UPS,5.31
131,170,2024-05-21,2024-05-24,2024-05-23,Local Courier,22.09
132,171,2024-07-19,2024-07-22,2024-07-22,FedEx,18.53
133,173,2024-06-30,2024-07-03,2024-07-06,FedEx,10.79
134,174,2024-09-12,2024-09-15,2024-09-13,FedEx,23.77
135,175,2025-04-04,2025-04-07,2025-04-09,FedEx,8.48
136,176,2024-05-25,2024-05-28,2024-05-28,UPS,11.79
137,177,2024-12-15,2024-12-18,2024-12-17,USPS,11.85
138,178,2025-09-03,2025-09-06,2025-09-08,Local Courier,27.04
139,179,2024-08-25,2024-08-28,2024-08-27,UPS,26.91
140,180,2024-11-25,2024-11-28,2024-11-29,Local Courier,9.94
141,181,2024-03-03,2024-03-06,2024-03-06,Local Courier,26.53
142,182,2024-02-07,2024-02-10,2024-02-08,Local Courier,11.04
143,183,2024-08-18,2024-08-21,2024-08-26,FedEx,5.83
144,185,2025-08-11,2025-08-14,2025-08-14,Local Courier,14.86
145,186,2024-10-10,2024-10-13,2024-10-12,Local Courier,11.19
146,187,2025-01-18,2025-01-21,2025-01-21,Local Courier,24.07
147,188,2024-06-11,2024-06-14,2024-06-15,FedEx,22.08
148,189,2024-01-28,2024-01-31,2024-01-30,UPS,6.81
149,190,2024-10-16,2024-10-19,2024-10-19,USPS,25.67
150,191,2024-11-25,2024-11-28,2024-12-02,UPS,10.42
151,192,2024-09-28,2024-10-01,2024-10-02,USPS,10.24
152,193,2024-01-01,2024-01-04,2024-01-05,Local Courier,17.9
153,194,2024-11-17,2024-11-20,2024-11-22,FedEx,27.99
154,195,2025-09-13,2025-09-16,2025-09-17,UPS,23.54
155,196,2025-05-18,2025-05-21,2025-05-20,UPS,15.46
156,197,2025-05-22,2025-05-25,2025-05-29,UPS,15.27
157,198,2025-02-04,2025-02-07,2025-02-07,USPS,12.42
158,200,2024-03-20,2024-03-23,2024-03-21,USPS,15.15
159,201,2024-05-14,2024-05-17,2024-05-22,USPS,24.38
160,202,2025-12-07,2025-12-10,2025-12-08,FedEx,20.76
161,203,2024-05-18,2024-05-21,2024-05-19,UPS,7.36
162,204,2026-01-02,2026-01-05,2026-01-07,FedEx,8.31
163,205,2025-11-04,2025-11-07,2025-11-11,FedEx,6.47
164,207,2025-10-05,2025-10-08,2025-10-09,USPS,5.91
165,208,2024-03-22,2024-03-25,2024-03-26,Local Courier,8.58
166,209,2025-11-19,2025-11-22,2025-11-23,UPS,26.05
167,210,2024-06-18,2024-06-21,2024-06-21,UPS,24.97
168,212,2024-11-29,2024-12-02,2024-12-03,FedEx,22.65
169,213,2025-06-13,2025-06-16,2025-06-16,UPS,12.43
170,214,2024-05-28,2024-05-31,2024-05-31,USPS,25.54
171,215,2024-04-30,2024-05-03,2024-05-01,UPS,6.57
172,216,2025-03-13,2025-03-16,2025-03-17,Local Courier,26.37
173,217,2025-09-02,2025-09-05,2025-09-06,UPS,11.18
174,218,2025-02-15,2025-02-18,2025-02-19,USPS,16.02
175,219,2025-10-29,2025-11-01,2025-11-01,USPS,11.11
176,220,2024-04-12,2024-04-15,2024-04-13,USPS,5.98
177,222,2024-11-24,2024-11-27,2024-11-25,Local Courier,27.67
178,223,2024-02-29,2024-03-03,2024-03-03,UPS,20.48
179,224,2024-12-13,2024-12-16,2024-12-15,USPS,7.97
180,225,2025-08-15,2025-08-18,2025-08-17,FedEx,6.33
181,226,2025-03-08,2025-03-11,2025-03-09,Local Courier,9.68
182,227,2024-03-29,2024-04-01,2024-04-02,USPS,17.1
183,228,2025-07-04,2025-07-07,2025-07-07,USPS,13.46
184,229,2024-03-08,2024-03-11,2024-03-12,UPS,18.81
185,230,2024-09-21,2024-09-24,2024-09-22,UPS,14.82
186,231,2025-01-10,2025-01-13,2025-01-12,UPS,14.03
187,232,2024-03-18,2024-03-21,2024-03-22,USPS,24.98
188,233,2025-10-19,2025-10-22,2025-10-28,USPS,15.97
189,234,2025-11-19,2025-11-22,2025-11-21,Local Courier,21.68
190,236,2025-05-17,2025-05-20,2025-05-18,FedEx,10.93
191,237,2024-03-10,2024-03-13,2024-03-14,UPS,14.26
192,238,2024-04-27,2024-04-30,2024-05-02,UPS,5.97
193,239,2025-01-13,2025-01-16,2025-01-16,FedEx,25.32
194,240,2024-06-18,2024-06-21,2024-06-23,Local Courier,16.21
195,241,2025-11-29,2025-12-02,2025-12-03,FedEx,5.94
196,242,2024-05-16,2024-05-19,2024-05-20,UPS,22.73
197,243,2024-10-29,2024-11-01,2024-11-01,USPS,26.79
198,244,2024-04-17,2024-04-20,2024-04-18,UPS,11.42
199,245,2024-01-29,2024-02-01,2024-02-01,USPS,12.82
200,246,2025-04-20,2025-04-23,2025-04-24,Local Courier,20.54
201,247,2025-12-20,2025-12-23,2025-12-25,Local Courier,23.57
202,248,2024-07-27,2024-07-30,2024-07-31,USPS,22.99
203,252,2025-12-01,2025-12-04,2025-12-03,USPS,10.47
204,253,2025-10-25,2025-10-28,2025-10-30,UPS,6.17
205,254,2024-02-08,2024-02-11,2024-02-11,Local Courier,19.92
206,256,2024-12-20,2024-12-23,2024-12-21,Local Courier,20.81
207,257,2025-11-05,2025-11-08,2025-11-06,FedEx,18.36
208,259,2025-07-20,2025-07-23,2025-07-23,UPS,27.43
209,261,2025-12-19,2025-12-22,2025-12-23,FedEx,12.81
210,262,2025-07-08,2025-07-11,2025-07-12,FedEx,12.1
211,263,2025-09-14,2025-09-17,2025-09-19,FedEx,13.91
212,264,2024-11-23,2024-11-26,2024-11-26,UPS,19.03
213,265,2024-05-11,2024-05-14,2024-05-15,FedEx,14.66
214,267,2025-07-27,2025-07-30,2025-07-30,USPS,11.2
215,268,2025-02-28,2025-03-03,2025-03-02,Local Courier,20.0
216,270,2024-08-17,2024-08-20,2024-08-18,FedEx,22.86
217,271,2025-08-18,2025-08-21,2025-08-20,USPS,23.24
218,272,2025-06-28,2025-07-01,2025-07-03,FedEx,23.51
219,273,2025-12-29,2026-01-01,2025-12-31,FedEx,15.96
220,275,2025-03-20,2025-03-23,2025-03-22,FedEx,5.22
221,276,2025-09-08,2025-09-11,2025-09-13,UPS,9.62
222,277,2025-12-22,2025-12-25,2025-12-26,Local Courier,12.28
223,278,2024-07-16,2024-07-19,2024-07-19,USPS,13.56
224,279,2025-07-13,2025-07-16,2025-07-18,FedEx,26.27
225,280,2024-09-30,2024-10-03,2024-10-03,FedEx,18.24
226,281,2025-01-28,2025-01-31,2025-02-02,FedEx,22.72
227,283,2025-03-03,2025-03-06,2025-03-07,FedEx,11.72
228,284,2024-05-02,2024-05-05,2024-05-09,UPS,21.22
229,285,2025-09-27,2025-09-30,2025-10-01,FedEx,25.89
230,286,2024-08-10,2024-08-13,2024-08-18,UPS,5.4
231,287,2025-08-23,2025-08-26,2025-08-26,FedEx,10.51
232,289,2025-04-30,2025-05-03,2025-05-02,USPS,12.43
233,291,2024-09-28,2024-10-01,2024-10-02,Local Courier,12.66
234,292,2024-02-14,2024-02-17,2024-02-18,FedEx,20.33
235,293,2024-12-30,2025-01-02,2025-01-03,USPS,5.4
236,295,2025-10-14,2025-10-17,2025-10-19,FedEx,21.12
237,296,2025-05-14,2025-05-17,2025-05-18,UPS,12.42
238,297,2024-07-08,2024-07-11,2024-07-15,USPS,16.22
239,298,2024-05-10,2024-05-13,2024-05-16,UPS,16.19
240,299,2024-04-03,2024-04-06,2024-04-08,Local Courier,15.08
241,301,2025-08-30,2025-09-02,2025-09-04,FedEx,17.7
242,302,2024-10-13,2024-10-16,2024-10-14,Local Courier,24.98
243,303,2024-01-23,2024-01-26,2024-01-25,FedEx,4.86
244,304,2025-04-20,2025-04-23,2025-04-25,USPS,25.01
245,308,2025-11-09,2025-11-12,2025-11-13,UPS,5.5
246,309,2025-06-12,2025-06-15,2025-06-15,UPS,21.29
247,311,2024-11-01,2024-11-04,2024-11-03,FedEx,24.29
248,312,2024-08-22,2024-08-25,2024-08-25,FedEx,10.28
249,314,2024-12-18,2024-12-21,2024-12-23,USPS,19.33
250,315,2024-09-08,2024-09-11,2024-09-13,FedEx,23.81
251,316,2025-04-07,2025-04-10,2025-04-11,FedEx,23.28
252,318,2024-09-27,2024-09-30,2024-10-01,FedEx,25.62
253,319,2024-09-03,2024-09-06,2024-09-04,USPS,4.8
254,322,2025-03-16,2025-03-19,2025-03-20,Local Courier,22.15
255,323,2025-03-22,2025-03-25,2025-03-27,USPS,4.14
256,324,2024-08-26,2024-08-29,2024-08-30,USPS,22.87
257,325,2025-12-08,2025-12-11,2025-12-10,FedEx,6.92
258,326,2024-07-26,2024-07-29,2024-07-28,USPS,14.18
259,327,2025-02-09,2025-02-12,2025-02-12,Local Courier,9.95
260,328,2025-03-24,2025-03-27,2025-03-27,UPS,7.68
261,329,2024-04-14,2024-04-17,2024-04-18,Local Courier,20.39
262,330,2025-05-24,2025-05-27,2025-05-28,Local Courier,23.16
263,331,2025-08-19,2025-08-22,2025-08-23,Local Courier,4.76
264,332,2025-05-10,2025-05-13,2025-05-12,USPS,19.5
265,333,2025-09-29,2025-10-02,2025-10-01,UPS,19.26
266,334,2025-08-17,2025-08-20,2025-08-24,Local Courier,12.51
267,335,2025-02-17,2025-02-20,2025-02-19,Local Courier,23.24
268,336,2025-01-19,2025-01-22,2025-01-26,UPS,4.71
269,337,2025-08-25,2025-08-28,2025-08-28,FedEx,9.66
270,338,2024-07-31,2024-08-03,2024-08-04,USPS,14.14
271,339,2025-11-11,2025-11-14,2025-11-13,Local Courier,16.21
272,340,2024-12-30,2025-01-02,2025-01-06,FedEx,25.61
273,341,2024-10-08,2024-10-11,2024-10-11,USPS,18.9
274,342,2025-11-05,2025-11-08,2025-11-08,UPS,27.85
275,344,2025-09-03,2025-09-06,2025-09-06,USPS,19.55
276,345,2025-12-07,2025-12-10,2025-12-09,FedEx,17.42
277,346,2025-09-03,2025-09-06,2025-09-07,UPS,8.4
278,347,2025-04-08,2025-04-11,2025-04-09,UPS,11.52
279,349,2025-08-21,2025-08-24,2025-08-23,Local Courier,24.41
280,350,2024-02-21,2024-02-24,2024-02-25,Local Courier,24.21
281,351,2024-08-30,2024-09-02,2024-09-03,FedEx,10.27
282,352,2024-01-10,2024-01-13,2024-01-11,UPS,6.41
283,354,2024-09-09,2024-09-12,2024-09-13,USPS,12.93
284,355,2025-11-05,2025-11-08,2025-11-09,USPS,6.44
285,358,2024-11-06,2024-11-09,2024-11-10,USPS,19.32
286,359,2024-12-05,2024-12-08,2024-12-08,USPS,13.23
287,360,2025-02-22,2025-02-25,2025-02-26,USPS,21.82
288,362,2025-07-27,2025-07-30,2025-07-28,FedEx,23.25
289,365,2025-08-13,2025-08-16,2025-08-21,USPS,25.46
290,366,2025-05-15,2025-05-18,2025-05-18,FedEx,18.45
291,367,2025-01-26,2025-01-29,2025-01-29,UPS,19.14
292,369,2025-11-10,2025-11-13,2025-11-13,UPS,18.34
293,371,2024-06-19,2024-06-22,2024-06-22,Local Courier,23.47
294,372,2025-09-06,2025-09-09,2025-09-09,Local Courier,6.66
295,373,2024-08-31,2024-09-03,2024-09-02,FedEx,12.52
296,374,2024-07-03,2024-07-06,2024-07-04,USPS,13.73
297,375,2025-01-04,2025-01-07,2025-01-09,FedEx,22.91
298,376,2025-07-10,2025-07-13,2025-07-14,FedEx,10.89
299,377,2025-07-16,2025-07-19,2025-07-18,UPS,24.22
300,379,2024-10-28,2024-10-31,2024-11-01,USPS,21.67
301,380,2025-10-30,2025-11-02,2025-11-06,USPS,24.97
302,381,2024-11-10,2024-11-13,2024-11-14,Local Courier,5.73
303,382,2024-11-09,2024-11-12,2024-11-10,FedEx,16.09
304,384,2024-07-29,2024-08-01,2024-08-02,Local Courier,24.94
305,385,2024-12-12,2024-12-15,2024-12-18,USPS,13.25
306,386,2024-04-10,2024-04-13,2024-04-12,UPS,9.46
307,387,2025-08-14,2025-08-17,2025-08-17,UPS,16.65
308,389,2024-11-22,2024-11-25,2024-11-25,USPS,13.95
309,390,2024-10-23,2024-10-26,2024-10-25,USPS,6.48
310,391,2025-02-20,2025-02-23,2025-02-28,USPS,21.62
311,392,2025-07-04,2025-07-07,2025-07-06,Local Courier,18.23
312,394,2025-02-16,2025-02-19,2025-02-17,Local Courier,18.8
313,395,2025-06-04,2025-06-07,2025-06-07,Local Courier,21.65
314,396,2024-09-10,2024-09-13,2024-09-11,UPS,4.58
315,397,2024-09-14,2024-09-17,2024-09-18,FedEx,27.3
316,399,2025-02-03,2025-02-06,2025-02-09,UPS,6.06
317,400,2024-12-10,2024-12-13,2024-12-13,UPS,18.74
318,401,2025-04-21,2025-04-24,2025-04-25,UPS,6.54
319,402,2025-12-25,2025-12-28,2025-12-28,USPS,8.48
320,403,2024-01-13,2024-01-16,2024-01-17,USPS,24.87
321,405,2025-10-25,2025-10-28,2025-10-28,Local Courier,6.27
322,406,2024-09-22,2024-09-25,2024-09-26,Local Courier,17.89
323,407,2025-09-12,2025-09-15,2025-09-15,UPS,10.96
324,408,2024-09-27,2024-09-30,2024-10-02,UPS,10.49
325,409,2025-07-06,2025-07-09,2025-07-11,USPS,15.26
326,410,2025-06-23,2025-06-26,2025-06-27,Local Courier,15.77
327,411,2024-04-29,2024-05-02,2024-05-03,USPS,24.51
328,412,2025-04-20,2025-04-23,2025-04-23,FedEx,24.68
329,413,2025-11-29,2025-12-02,2025-12-03,FedEx,26.14
330,414,2025-04-29,2025-05-02,2025-05-01,FedEx,26.53
331,418,2025-05-10,2025-05-13,2025-05-13,FedEx,5.51
332,419,2024-08-18,2024-08-21,2024-08-25,Local Courier,8.55
333,421,2024-08-10,2024-08-13,2024-08-14,FedEx,4.41
334,422,2024-12-24,2024-12-27,2024-12-29,Local Courier,21.36
335,423,2025-05-19,2025-05-22,2025-05-20,UPS,15.56
336,424,2025-07-18,2025-07-21,2025-07-21,FedEx,25.45
337,425,2024-08-28,2024-08-31,2024-09-01,USPS,17.51
338,426,2024-06-11,2024-06-14,2024-06-15,USPS,20.27
339,428,2025-04-04,2025-04-07,2025-04-07,USPS,15.86
340,429,2025-09-24,2025-09-27,2025-09-28,FedEx,19.5
341,430,2025-11-26,2025-11-29,2025-11-28,UPS,18.84
342,431,2024-11-05,2024-11-08,2024-11-08,USPS,17.72
343,432,2025-01-22,2025-01-25,2025-01-23,Local Courier,13.08
344,433,2024-07-01,2024-07-04,2024-07-05,UPS,10.32
345,434,2024-09-30,2024-10-03,2024-10-04,Local Courier,5.68
346,435,2024-07-02,2024-07-05,2024-07-07,FedEx,7.66
347,436,2025-11-23,2025-11-26,2025-11-29,FedEx,10.7
348,438,2025-11-14,2025-11-17,2025-11-20,USPS,7.12
349,440,2024-12-18,2024-12-21,2024-12-23,Local Courier,27.14
350,441,2024-12-18,2024-12-21,2024-12-22,Local Courier,13.65
351,443,2024-05-29,2024-06-01,2024-06-02,UPS,24.13
352,445,2025-10-23,2025-10-26,2025-10-27,UPS,26.4
353,446,2025-12-29,2026-01-01,2025-12-30,USPS,13.32
354,447,2025-11-21,2025-11-24,2025-11-28,UPS,21.47
355,448,2024-02-06,2024-02-09,2024-02-09,UPS,14.06
356,449,2024-05-10,2024-05-13,2024-05-15,FedEx,8.39
357,451,2025-09-20,2025-09-23,2025-09-24,Local Courier,11.45
358,452,2024-02-15,2024-02-18,2024-02-19,USPS,18.79
359,453,2025-01-10,2025-01-13,2025-01-14,UPS,12.41
360,454,2025-11-25,2025-11-28,2025-12-01,USPS,24.35
361,455,2024-06-04,2024-06-07,2024-06-08,Local Courier,15.68
362,456,2024-10-01,2024-10-04,2024-10-09,USPS,15.54
363,457,2024-03-07,2024-03-10,2024-03-10,UPS,23.49
364,460,2025-01-15,2025-01-18,2025-01-19,USPS,17.67
365,462,2025-10-21,2025-10-24,2025-10-26,Local Courier,22.03
366,463,2024-09-12,2024-09-15,2024-09-16,USPS,5.01
367,464,2024-05-14,2024-05-17,2024-05-16,FedEx,11.53
368,465,2024-01-22,2024-01-25,2024-01-24,Local Courier,13.2
369,466,2024-07-16,2024-07-19,2024-07-18,FedEx,6.95
370,467,2025-05-16,2025-05-19,2025-05-20,FedEx,27.23
371,468,2025-07-26,2025-07-29,2025-07-29,UPS,26.34
372,469,2025-09-24,2025-09-27,2025-09-26,FedEx,21.04
373,470,2025-06-06,2025-06-09,2025-06-12,UPS,9.06
374,471,2024-07-06,2024-07-09,2024-07-10,UPS,19.94
375,473,2025-11-19,2025-11-22,2025-11-21,UPS,16.01
376,474,2025-08-21,2025-08-24,2025-08-24,USPS,18.39
377,476,2025-03-29,2025-04-01,2025-04-03,Local Courier,8.17
378,477,2024-03-19,2024-03-22,2024-03-20,FedEx,7.86
379,478,2024-10-02,2024-10-05,2024-10-07,Local Courier,5.23
380,479,2024-05-01,2024-05-04,2024-05-06,USPS,16.61
381,480,2025-11-05,2025-11-08,2025-11-07,Local Courier,5.61
382,481,2025-08-16,2025-08-19,2025-08-21,USPS,15.62
383,482,2024-11-11,2024-11-14,2024-11-15,FedEx,7.54
384,484,2025-01-19,2025-01-22,2025-01-20,FedEx,8.26
385,486,2025-05-09,2025-05-12,2025-05-13,Local Courier,14.52
386,487,2024-01-07,2024-01-10,2024-01-13,Local Courier,20.54
387,488,2024-01-15,2024-01-18,2024-01-19,Local Courier,23.94
388,490,2024-10-29,2024-11-01,2024-11-01,UPS,13.5
389,491,2025-05-13,2025-05-16,2025-05-14,USPS,21.82
390,492,2024-11-05,2024-11-08,2024-11-06,Local Courier,26.15
391,494,2024-05-30,2024-06-02,2024-06-06,UPS,13.51
392,495,2024-07-09,2024-07-12,2024-07-15,USPS,12.15
393,496,2024-10-06,2024-10-09,2024-10-11,FedEx,6.31
394,497,2024-04-06,2024-04-09,2024-04-07,Local Courier,19.91
395,499,2025-03-15,2025-03-18,2025-03-19,UPS,25.53
396,500,2024-06-26,2024-06-29,2024-06-28,FedEx,7.34
397,501,2025-10-09,2025-10-12,2025-10-10,Local Courier,20.65
398,502,2024-04-23,2024-04-26,2024-04-26,Local Courier,24.53
399,503,2024-05-31,2024-06-03,2024-06-05,UPS,7.9
400,505,2025-11-15,2025-11-18,2025-11-21,UPS,5.59
401,506,2024-10-18,2024-10-21,2024-10-22,Local Courier,18.63
402,507,2024-03-12,2024-03-15,2024-03-19,FedEx,13.19
403,508,2025-07-27,2025-07-30,2025-08-02,USPS,15.52
404,509,2025-02-06,2025-02-09,2025-02-10,Local Courier,5.73
405,510,2025-11-08,2025-11-11,2025-11-11,Local Courier,12.68
406,511,2024-10-12,2024-10-15,2024-10-14,USPS,27.83
407,512,2024-09-26,2024-09-29,2024-09-29,UPS,26.3
408,513,2025-12-16,2025-12-19,2025-12-17,Local Courier,24.55
409,514,2024-12-06,2024-12-09,2024-12-09,Local Courier,12.63
410,515,2025-03-22,2025-03-25,2025-03-27,Local Courier,24.3
411,517,2024-06-10,2024-06-13,2024-06-14,USPS,11.99
412,519,2024-08-01,2024-08-04,2024-08-05,UPS,25.33
413,520,2024-06-07,2024-06-10,2024-06-09,FedEx,15.23
414,521,2024-05-24,2024-05-27,2024-05-27,UPS,7.44
415,523,2025-04-23,2025-04-26,2025-04-30,UPS,20.18
416,524,2025-08-12,2025-08-15,2025-08-15,FedEx,4.17
417,525,2025-06-11,2025-06-14,2025-06-14,USPS,27.38
418,526,2025-03-07,2025-03-10,2025-03-09,Local Courier,12.31
419,527,2025-09-14,2025-09-17,2025-09-18,Local Courier,21.27
420,528,2024-02-20,2024-02-23,2024-02-23,USPS,21.73
421,529,2025-08-11,2025-08-14,2025-08-16,Local Courier,24.01
422,530,2025-02-18,2025-02-21,2025-02-19,USPS,16.26
423,532,2024-10-22,2024-10-25,2024-10-26,Local Courier,12.23
424,533,2024-06-08,2024-06-11,2024-06-11,UPS,14.49
425,534,2025-02-21,2025-02-24,2025-02-27,FedEx,10.33
426,536,2025-08-08,2025-08-11,2025-08-09,USPS,22.3
427,537,2024-12-03,2024-12-06,2024-12-05,UPS,18.38
428,538,2025-08-12,2025-08-15,2025-08-13,UPS,21.37
429,539,2025-05-12,2025-05-15,2025-05-15,Local Courier,8.87
430,540,2025-07-03,2025-07-06,2025-07-07,FedEx,8.34
431,541,2024-08-28,2024-08-31,2024-09-02,UPS,20.07
432,542,2025-06-29,2025-07-02,2025-07-02,USPS,8.72
433,544,2024-10-10,2024-10-13,2024-10-15,USPS,27.63
434,545,2024-01-30,2024-02-02,2024-02-03,Local Courier,12.07
435,546,2025-09-07,2025-09-10,2025-09-10,UPS,17.66
436,547,2024-02-21,2024-02-24,2024-02-24,Local Courier,5.04
437,548,2025-09-12,2025-09-15,2025-09-19,Local Courier,24.28
438,549,2024-07-04,2024-07-07,2024-07-06,Local Courier,19.07
439,550,2025-11-19,2025-11-22,2025-11-25,Local Courier,17.53
440,551,2024-03-25,2024-03-28,2024-03-27,FedEx,14.65
441,552,2025-09-21,2025-09-24,2025-09-24,Local Courier,8.44
442,553,2024-09-24,2024-09-27,2024-09-26,USPS,15.8
443,554,2024-10-03,2024-10-06,2024-10-06,Local Courier,25.03
444,555,2025-02-09,2025-02-12,2025-02-17,USPS,27.28
445,556,2025-09-21,2025-09-24,2025-09-22,UPS,10.91
446,557,2024-02-13,2024-02-16,2024-02-18,USPS,21.72
447,559,2025-12-03,2025-12-06,2025-12-04,UPS,19.7
448,562,2025-08-25,2025-08-28,2025-09-01,Local Courier,23.0
449,563,2024-07-11,2024-07-14,2024-07-14,USPS,15.89
450,564,2024-07-23,2024-07-26,2024-07-26,USPS,9.42
451,565,2024-12-03,2024-12-06,2024-12-08,FedEx,18.0
452,567,2024-05-22,2024-05-25,2024-05-26,Local Courier,26.48
453,570,2024-03-16,2024-03-19,2024-03-17,Local Courier,10.03
454,571,2024-08-25,2024-08-28,2024-08-27,USPS,20.81
455,572,2025-01-16,2025-01-19,2025-01-17,FedEx,25.43
456,573,2024-06-13,2024-06-16,2024-06-18,UPS,12.3
457,576,2024-11-01,2024-11-04,2024-11-04,USPS,9.7
458,578,2024-09-25,2024-09-28,2024-10-03,UPS,17.71
459,579,2025-05-02,2025-05-05,2025-05-03,UPS,17.33
460,580,2024-07-02,2024-07-05,2024-07-06,FedEx,26.03
461,581,2025-02-03,2025-02-06,2025-02-07,USPS,25.63
462,583,2024-04-14,2024-04-17,2024-04-22,USPS,17.21
463,584,2024-03-07,2024-03-10,2024-03-08,UPS,26.0
464,585,2024-11-19,2024-11-22,2024-11-24,UPS,8.53
465,587,2024-05-19,2024-05-22,2024-05-24,USPS,25.89
466,589,2024-01-23,2024-01-26,2024-01-25,FedEx,12.92
467,590,2025-03-29,2025-04-01,2025-04-01,UPS,15.39
468,591,2024-07-25,2024-07-28,2024-07-30,Local Courier,22.21
469,592,2025-09-22,2025-09-25,2025-09-24,Local Courier,13.36
470,594,2024-07-02,2024-07-05,2024-07-04,Local Courier,8.77
471,595,2025-12-22,2025-12-25,2025-12-27,Local Courier,18.78
472,597,2024-11-29,2024-12-02,2024-12-01,UPS,17.28
473,598,2024-07-22,2024-07-25,2024-07-26,USPS,11.12
474,600,2025-03-06,2025-03-09,2025-03-10,Local Courier,13.55
475,601,2025-02-12,2025-02-15,2025-02-16,FedEx,10.89
476,602,2024-05-22,2024-05-25,2024-05-25,UPS,21.34
477,603,2025-09-30,2025-10-03,2025-10-04,USPS,19.89
478,604,2025-04-08,2025-04-11,2025-04-11,Local Courier,10.0
479,605,2024-09-17,2024-09-20,2024-09-19,UPS,5.83
480,606,2025-03-14,2025-03-17,2025-03-16,USPS,6.8
481,607,2024-05-21,2024-05-24,2024-05-24,UPS,4.07
482,611,2024-09-26,2024-09-29,2024-09-28,USPS,19.42
483,612,2025-01-14,2025-01-17,2025-01-15,USPS,13.17
484,613,2024-10-05,2024-10-08,2024-10-06,Local Courier,8.0
485,614,2025-08-14,2025-08-17,2025-08-18,Local Courier,11.12
486,616,2024-07-20,2024-07-23,2024-07-21,USPS,23.73
487,617,2025-12-20,2025-12-23,2025-12-22,Local Courier,6.75
488,618,2025-07-08,2025-07-11,2025-07-12,UPS,7.91
489,619,2025-03-05,2025-03-08,2025-03-08,Local Courier,22.7
490,621,2025-05-30,2025-06-02,2025-06-03,UPS,22.99
491,622,2024-03-06,2024-03-09,2024-03-11,USPS,5.74
492,624,2025-12-10,2025-12-13,2025-12-11,USPS,19.54
493,625,2025-04-21,2025-04-24,2025-04-28,FedEx,4.58
494,627,2025-11-15,2025-11-18,2025-11-16,Local Courier,23.84
495,628,2025-03-22,2025-03-25,2025-03-25,USPS,9.01
496,629,2024-07-05,2024-07-08,2024-07-08,Local Courier,9.62
497,630,2025-09-09,2025-09-12,2025-09-13,UPS,21.9
498,631,2025-02-25,2025-02-28,2025-03-02,Local Courier,20.97
499,632,2024-08-13,2024-08-16,2024-08-15,Local Courier,10.75
500,634,2025-05-29,2025-06-01,2025-06-01,UPS,27.5
501,635,2024-10-24,2024-10-27,2024-10-27,USPS,20.09
502,636,2025-10-08,2025-10-11,2025-10-12,FedEx,25.06
503,637,2025-05-01,2025-05-04,2025-05-02,Local Courier,22.12
504,638,2024-04-11,2024-04-14,2024-04-13,USPS,12.78
505,639,2025-07-15,2025-07-18,2025-07-22,USPS,16.87
506,640,2025-12-06,2025-12-09,2025-12-13,FedEx,9.06
507,641,2024-01-19,2024-01-22,2024-01-23,FedEx,17.14
508,642,2025-03-19,2025-03-22,2025-03-22,Local Courier,11.06
509,644,2025-09-11,2025-09-14,2025-09-15,FedEx,6.52
510,645,2024-08-18,2024-08-21,2024-08-22,USPS,12.35
511,646,2025-11-25,2025-11-28,2025-11-27,FedEx,13.73
512,647,2025-06-01,2025-06-04,2025-06-07,Local Courier,23.09
513,648,2025-07-01,2025-07-04,2025-07-05,USPS,26.85
514,649,2025-08-16,2025-08-19,2025-08-23,UPS,7.27
515,651,2025-12-05,2025-12-08,2025-12-08,FedEx,15.53
516,652,2024-03-04,2024-03-07,2024-03-05,FedEx,12.86
517,653,2025-02-25,2025-02-28,2025-02-27,USPS,15.93
518,654,2024-12-18,2024-12-21,2024-12-20,UPS,21.41
519,657,2024-10-04,2024-10-07,2024-10-06,USPS,4.11
520,658,2024-01-13,2024-01-16,2024-01-17,Local Courier,22.08
521,659,2025-07-06,2025-07-09,2025-07-09,UPS,27.89
522,660,2024-02-07,2024-02-10,2024-02-09,UPS,11.28
523,661,2024-05-29,2024-06-01,2024-06-03,FedEx,25.38
524,664,2025-01-23,2025-01-26,2025-01-24,USPS,8.54
525,665,2024-01-16,2024-01-19,2024-01-22,Local Courier,19.26
526,666,2025-11-12,2025-11-15,2025-11-17,FedEx,6.41
527,667,2024-05-17,2024-05-20,2024-05-21,UPS,4.86
528,668,2024-04-20,2024-04-23,2024-04-22,USPS,7.87
529,669,2025-03-23,2025-03-26,2025-03-25,Local Courier,7.35
530,670,2024-05-24,2024-05-27,2024-05-27,UPS,17.96
531,671,2025-04-18,2025-04-21,2025-04-19,Local Courier,14.68
532,673,2024-04-07,2024-04-10,2024-04-11,USPS,23.02
533,674,2024-08-11,2024-08-14,2024-08-16,UPS,10.32
534,675,2024-11-03,2024-11-06,2024-11-05,FedEx,22.6
535,676,2024-12-23,2024-12-26,2024-12-25,USPS,24.01
536,677,2025-10-28,2025-10-31,2025-11-02,FedEx,14.92
537,678,2024-07-07,2024-07-10,2024-07-12,USPS,25.67
538,680,2024-01-31,2024-02-03,2024-02-01,UPS,22.94
539,681,2024-08-18,2024-08-21,2024-08-20,Local Courier,9.1
540,682,2025-12-14,2025-12-17,2025-12-16,USPS,15.34
541,684,2025-10-26,2025-10-29,2025-10-28,Local Courier,27.83
542,685,2024-06-20,2024-06-23,2024-06-22,FedEx,17.02
543,686,2025-11-11,2025-11-14,2025-11-15,USPS,19.92
544,688,2025-07-28,2025-07-31,2025-07-31,Local Courier,21.26
545,689,2024-04-04,2024-04-07,2024-04-09,USPS,23.4
546,690,2024-01-07,2024-01-10,2024-01-10,Local Courier,21.35
547,691,2024-08-21,2024-08-24,2024-08-26,USPS,16.02
548,694,2024-04-28,2024-05-01,2024-05-01,USPS,24.95
549,695,2024-03-13,2024-03-16,2024-03-16,Local Courier,9.93
550,696,2025-06-01,2025-06-04,2025-06-07,FedEx,27.0
551,697,2024-11-28,2024-12-01,2024-12-01,FedEx,24.2
552,698,2025-01-12,2025-01-15,2025-01-13,FedEx,23.98
553,699,2024-03-29,2024-04-01,2024-03-30,FedEx,16.9
554,700,2025-03-10,2025-03-13,2025-03-12,Local Courier,11.03
555,701,2025-06-16,2025-06-19,2025-06-21,USPS,27.99
556,703,2024-11-24,2024-11-27,2024-11-30,FedEx,9.48
557,704,2024-08-26,2024-08-29,2024-08-29,FedEx,15.42
558,705,2025-02-13,2025-02-16,2025-02-17,USPS,16.64
559,706,2025-04-17,2025-04-20,2025-04-19,UPS,24.04
560,707,2025-04-23,2025-04-26,2025-04-25,USPS,9.59
561,708,2025-10-24,2025-10-27,2025-10-27,FedEx,9.83
562,710,2024-12-11,2024-12-14,2024-12-15,Local Courier,24.18
563,711,2025-11-23,2025-11-26,2025-11-30,UPS,19.97
564,712,2024-12-11,2024-12-14,2024-12-15,Local Courier,8.63
565,713,2025-09-24,2025-09-27,2025-09-29,FedEx,13.83
566,714,2024-11-11,2024-11-14,2024-11-15,UPS,8.35
567,715,2025-05-26,2025-05-29,2025-05-30,USPS,9.0
568,716,2024-07-06,2024-07-09,2024-07-08,USPS,16.86
569,717,2025-01-21,2025-01-24,2025-01-23,USPS,24.61
570,719,2024-01-14,2024-01-17,2024-01-16,FedEx,10.78
571,720,2024-07-14,2024-07-17,2024-07-17,UPS,5.21
572,721,2025-04-08,2025-04-11,2025-04-11,FedEx,25.91
573,724,2024-03-24,2024-03-27,2024-03-28,UPS,25.17
574,725,2025-07-21,2025-07-24,2025-07-27,UPS,4.57
575,726,2024-11-02,2024-11-05,2024-11-05,USPS,6.45
576,728,2024-04-01,2024-04-04,2024-04-05,FedEx,11.14
577,729,2024-08-13,2024-08-16,2024-08-15,USPS,4.32
578,730,2024-08-17,2024-08-20,2024-08-22,USPS,6.06
579,731,2024-09-21,2024-09-24,2024-09-23,Local Courier,16.76
580,733,2024-12-07,2024-12-10,2024-12-10,USPS,22.01
581,734,2025-04-16,2025-04-19,2025-04-20,Local Courier,23.12
582,735,2024-05-09,2024-05-12,2024-05-10,FedEx,16.31
583,736,2024-12-25,2024-12-28,2024-12-26,Local Courier,17.32
584,737,2025-01-30,2025-02-02,2025-02-02,FedEx,7.89
585,738,2024-06-25,2024-06-28,2024-06-27,USPS,6.33
586,741,2024-10-01,2024-10-04,2024-10-02,USPS,11.08
587,742,2025-12-04,2025-12-07,2025-12-06,Local Courier,24.55
588,743,2025-02-02,2025-02-05,2025-02-04,FedEx,10.31
589,744,2025-09-12,2025-09-15,2025-09-14,FedEx,23.2
590,746,2025-11-03,2025-11-06,2025-11-06,UPS,23.02
591,747,2024-01-23,2024-01-26,2024-01-27,USPS,12.32
592,748,2024-10-13,2024-10-16,2024-10-17,USPS,11.6
593,749,2025-11-21,2025-11-24,2025-11-25,Local Courier,15.39
594,750,2025-01-03,2025-01-06,2025-01-09,Local Courier,11.81
595,751,2024-08-10,2024-08-13,2024-08-11,UPS,6.18
596,753,2024-02-22,2024-02-25,2024-02-24,FedEx,20.97
597,754,2024-06-17,2024-06-20,2024-06-24,USPS,27.12
598,755,2025-02-08,2025-02-11,2025-02-11,Local Courier,25.84
599,758,2025-04-16,2025-04-19,2025-04-19,FedEx,6.86
600,759,2024-12-15,2024-12-18,2024-12-18,FedEx,11.21
601,760,2025-12-19,2025-12-22,2025-12-21,Local Courier,16.16
602,761,2024-11-14,2024-11-17,2024-11-17,UPS,17.97
603,762,2025-11-30,2025-12-03,2025-12-03,UPS,22.4
604,764,2024-09-11,2024-09-14,2024-09-12,USPS,7.68
605,765,2024-01-13,2024-01-16,2024-01-16,Local Courier,17.05
606,766,2024-11-07,2024-11-10,2024-11-11,USPS,26.53
607,767,2024-10-09,2024-10-12,2024-10-12,Local Courier,7.2
608,768,2024-12-19,2024-12-22,2024-12-23,UPS,15.88
609,769,2024-10-11,2024-10-14,2024-10-13,FedEx,6.03
610,770,2025-12-03,2025-12-06,2025-12-06,FedEx,14.85
611,771,2025-07-26,2025-07-29,2025-08-01,Local Courier,23.17
612,773,2024-12-30,2025-01-02,2025-01-06,USPS,10.02
613,774,2025-04-11,2025-04-14,2025-04-12,USPS,18.03
614,775,2024-12-02,2024-12-05,2024-12-06,UPS,11.75
615,776,2025-04-20,2025-04-23,2025-04-24,FedEx,10.54
616,777,2025-07-28,2025-07-31,2025-07-31,Local Courier,5.96
617,778,2024-02-02,2024-02-05,2024-02-07,USPS,25.27
618,780,2025-05-06,2025-05-09,2025-05-10,Local Courier,26.65
619,781,2025-12-12,2025-12-15,2025-12-15,FedEx,24.23
620,782,2025-10-24,2025-10-27,2025-10-28,UPS,24.62
621,783,2025-07-06,2025-07-09,2025-07-11,Local Courier,25.92
622,785,2025-11-08,2025-11-11,2025-11-10,UPS,10.05
623,786,2025-09-11,2025-09-14,2025-09-12,FedEx,18.89
624,788,2024-02-15,2024-02-18,2024-02-16,Local Courier,12.62
625,789,2025-06-04,2025-06-07,2025-06-05,Local Courier,21.73
626,792,2025-03-08,2025-03-11,2025-03-10,UPS,25.03
627,793,2025-03-20,2025-03-23,2025-03-25,USPS,10.72
628,794,2025-12-05,2025-12-08,2025-12-07,FedEx,24.03
629,795,2025-12-26,2025-12-29,2026-01-02,USPS,11.96
630,797,2025-10-18,2025-10-21,2025-10-21,USPS,17.33
631,799,2024-09-30,2024-10-03,2024-10-04,UPS,15.09
632,800,2024-06-20,2024-06-23,2024-06-24,USPS,20.73
633,801,2024-12-13,2024-12-16,2024-12-17,Local Courier,12.58
634,802,2025-08-16,2025-08-19,2025-08-18,USPS,12.19
635,803,2025-04-18,2025-04-21,2025-04-20,FedEx,12.79
636,804,2025-07-30,2025-08-02,2025-08-01,Local Courier,23.72
637,805,2025-01-20,2025-01-23,2025-01-21,Local Courier,14.45
638,806,2025-10-09,2025-10-12,2025-10-12,USPS,16.57
639,807,2025-01-12,2025-01-15,2025-01-15,FedEx,4.13
640,809,2025-06-15,2025-06-18,2025-06-16,FedEx,6.6
641,810,2024-11-14,2024-11-17,2024-11-15,UPS,12.01
642,811,2024-07-07,2024-07-10,2024-07-13,UPS,11.98
643,812,2025-09-28,2025-10-01,2025-10-02,FedEx,25.22
644,813,2024-08-08,2024-08-11,2024-08-12,USPS,27.4
645,814,2024-09-17,2024-09-20,2024-09-21,USPS,25.12
646,815,2025-01-10,2025-01-13,2025-01-16,FedEx,10.98
647,816,2025-05-12,2025-05-15,2025-05-21,UPS,9.77
648,817,2025-11-26,2025-11-29,2025-11-27,Local Courier,8.25
649,818,2024-09-02,2024-09-05,2024-09-03,Local Courier,26.92
650,819,2024-10-14,2024-10-17,2024-10-17,FedEx,9.31
651,820,2024-11-23,2024-11-26,2024-11-24,UPS,12.27
652,821,2025-04-15,2025-04-18,2025-04-16,UPS,27.65
653,822,2024-03-08,2024-03-11,2024-03-11,UPS,24.03
654,823,2025-03-20,2025-03-23,2025-03-23,FedEx,20.84
655,824,2025-02-01,2025-02-04,2025-02-05,FedEx,18.96
656,827,2025-01-12,2025-01-15,2025-01-13,UPS,21.29
657,828,2024-03-23,2024-03-26,2024-03-24,Local Courier,13.36
658,829,2025-04-05,2025-04-08,2025-04-09,UPS,20.72
659,831,2025-08-13,2025-08-16,2025-08-14,USPS,8.17
660,832,2024-10-20,2024-10-23,2024-10-22,UPS,10.99
661,833,2025-02-24,2025-02-27,2025-02-27,FedEx,9.16
662,834,2025-03-08,2025-03-11,2025-03-12,USPS,19.7
663,835,2025-03-03,2025-03-06,2025-03-08,USPS,10.13
664,836,2024-01-04,2024-01-07,2024-01-08,FedEx,19.87
665,837,2025-11-05,2025-11-08,2025-11-08,FedEx,25.37
666,839,2024-05-05,2024-05-08,2024-05-08,USPS,21.82
667,843,2024-02-26,2024-02-29,2024-03-01,Local Courier,4.24
668,844,2024-04-01,2024-04-04,2024-04-05,UPS,7.5
669,845,2024-01-04,2024-01-07,2024-01-08,USPS,15.99
670,848,2024-07-16,2024-07-19,2024-07-19,FedEx,17.92
671,849,2025-01-19,2025-01-22,2025-01-23,UPS,26.83
672,850,2025-01-31,2025-02-03,2025-02-01,UPS,16.82
673,851,2024-11-20,2024-11-23,2024-11-28,Local Courier,27.19
674,852,2025-08-10,2025-08-13,2025-08-14,USPS,22.84
675,853,2025-06-16,2025-06-19,2025-06-19,USPS,18.28
676,854,2024-11-16,2024-11-19,2024-11-20,USPS,7.56
677,855,2024-04-09,2024-04-12,2024-04-10,Local Courier,14.99
678,856,2024-12-05,2024-12-08,2024-12-10,FedEx,9.81
679,857,2025-01-23,2025-01-26,2025-01-31,Local Courier,13.61
680,858,2024-12-02,2024-12-05,2024-12-08,Local Courier,11.8
681,859,2024-11-30,2024-12-03,2024-12-02,UPS,24.94
682,860,2024-05-14,2024-05-17,2024-05-18,UPS,6.4
683,861,2024-12-19,2024-12-22,2024-12-23,UPS,7.82
684,862,2024-02-12,2024-02-15,2024-02-14,FedEx,9.81
685,864,2025-05-02,2025-05-05,2025-05-06,USPS,14.37
686,865,2025-12-25,2025-12-28,2025-12-29,Local Courier,6.24
687,867,2024-04-30,2024-05-03,2024-05-08,USPS,27.01
688,868,2025-06-29,2025-07-02,2025-06-30,FedEx,13.88
689,869,2024-04-07,2024-04-10,2024-04-14,UPS,25.01
690,870,2025-09-11,2025-09-14,2025-09-14,USPS,7.86
691,871,2025-06-15,2025-06-18,2025-06-21,USPS,18.0
692,873,2024-10-11,2024-10-14,2024-10-15,FedEx,26.26
693,874,2025-03-01,2025-03-04,2025-03-03,USPS,11.79
694,875,2025-09-21,2025-09-24,2025-09-23,UPS,17.74
695,876,2024-04-26,2024-04-29,2024-05-03,UPS,25.92
696,879,2025-05-02,2025-05-05,2025-05-05,FedEx,4.32
697,881,2025-04-07,2025-04-10,2025-04-08,Local Courier,18.89
698,882,2024-03-29,2024-04-01,2024-03-30,UPS,26.59
699,883,2024-05-22,2024-05-25,2024-05-25,UPS,14.21
700,884,2024-09-25,2024-09-28,2024-09-28,Local Courier,23.12
701,885,2025-08-02,2025-08-05,2025-08-03,UPS,19.89
702,886,2024-12-30,2025-01-02,2025-01-03,FedEx,6.72
703,887,2025-08-09,2025-08-12,2025-08-12,FedEx,9.59
704,888,2024-11-03,2024-11-06,2024-11-06,Local Courier,27.58
705,889,2024-11-13,2024-11-16,2024-11-16,USPS,6.14
706,890,2024-03-21,2024-03-24,2024-03-24,USPS,25.46
707,893,2025-08-15,2025-08-18,2025-08-18,Local Courier,9.3
708,894,2025-08-23,2025-08-26,2025-08-26,UPS,26.85
709,895,2024-04-23,2024-04-26,2024-04-26,FedEx,26.61
710,896,2024-02-12,2024-02-15,2024-02-19,FedEx,25.89
711,897,2025-07-13,2025-07-16,2025-07-18,FedEx,26.18
712,898,2025-08-25,2025-08-28,2025-08-27,FedEx,8.72
713,899,2025-05-25,2025-05-28,2025-05-30,UPS,10.66
714,900,2025-05-25,2025-05-28,2025-05-28,USPS,20.34
715,901,2025-12-26,2025-12-29,2026-01-01,FedEx,26.76
716,903,2025-08-30,2025-09-02,2025-09-04,UPS,25.61
717,904,2025-06-25,2025-06-28,2025-06-29,Local Courier,7.2
718,905,2025-08-27,2025-08-30,2025-09-01,Local Courier,22.73
719,906,2025-05-09,2025-05-12,2025-05-13,UPS,9.5
720,908,2025-03-13,2025-03-16,2025-03-15,USPS,19.22
721,909,2025-03-11,2025-03-14,2025-03-14,FedEx,26.55
722,910,2025-09-01,2025-09-04,2025-09-04,UPS,12.74
723,911,2025-11-30,2025-12-03,2025-12-03,USPS,16.49
724,913,2024-01-27,2024-01-30,2024-01-30,UPS,21.16
725,914,2025-02-13,2025-02-16,2025-02-16,UPS,4.43
726,915,2025-05-02,2025-05-05,2025-05-05,Local Courier,17.24
727,916,2024-07-15,2024-07-18,2024-07-18,Local Courier,24.86
728,917,2024-02-03,2024-02-06,2024-02-07,UPS,7.38
729,918,2024-12-09,2024-12-12,2024-12-15,Local Courier,23.04
730,919,2024-12-21,2024-12-24,2024-12-23,USPS,9.45
731,920,2024-08-23,2024-08-26,2024-08-26,FedEx,8.65
732,921,2025-04-24,2025-04-27,2025-04-30,UPS,20.0
733,922,2025-12-23,2025-12-26,2025-12-27,UPS,25.18
734,923,2024-02-28,2024-03-02,2024-03-03,UPS,9.87
735,924,2025-05-29,2025-06-01,2025-05-31,UPS,11.53
736,925,2025-03-04,2025-03-07,2025-03-09,USPS,9.75
737,926,2025-08-16,2025-08-19,2025-08-20,USPS,22.98
738,927,2024-05-01,2024-05-04,2024-05-04,FedEx,8.54
739,928,2025-06-06,2025-06-09,2025-06-13,FedEx,21.79
740,930,2024-08-08,2024-08-11,2024-08-14,UPS,20.73
741,931,2024-03-12,2024-03-15,2024-03-14,FedEx,14.38
742,932,2024-02-06,2024-02-09,2024-02-07,UPS,16.17
743,933,2025-10-22,2025-10-25,2025-10-27,Local Courier,27.15
744,935,2024-07-26,2024-07-29,2024-07-30,USPS,16.49
745,936,2024-06-29,2024-07-02,2024-07-03,USPS,4.63
746,937,2024-04-02,2024-04-05,2024-04-09,USPS,22.13
747,938,2025-04-12,2025-04-15,2025-04-15,Local Courier,23.76
748,939,2025-06-01,2025-06-04,2025-06-03,UPS,4.32
749,940,2025-10-07,2025-10-10,2025-10-09,Local Courier,7.53
750,941,2025-08-18,2025-08-21,2025-08-21,UPS,24.69
751,942,2024-12-21,2024-12-24,2024-12-25,USPS,7.6
752,943,2024-12-09,2024-12-12,2024-12-12,UPS,17.59
753,944,2024-10-13,2024-10-16,2024-10-16,FedEx,9.46
754,945,2024-09-03,2024-09-06,2024-09-05,FedEx,9.76
755,946,2024-07-01,2024-07-04,2024-07-07,USPS,5.32
756,947,2025-06-23,2025-06-26,2025-06-29,UPS,23.85
757,948,2025-03-29,2025-04-01,2025-04-01,Local Courier,15.15
758,949,2025-05-16,2025-05-19,2025-05-20,USPS,25.87
759,951,2024-04-10,2024-04-13,2024-04-14,UPS,27.06
760,952,2024-12-13,2024-12-16,2024-12-20,UPS,9.75
761,953,2024-05-03,2024-05-06,2024-05-05,UPS,26.24
762,955,2024-01-30,2024-02-02,2024-02-02,UPS,16.03
763,956,2025-05-06,2025-05-09,2025-05-10,Local Courier,24.54
764,959,2024-10-22,2024-10-25,2024-10-23,Local Courier,12.04
765,961,2024-12-26,2024-12-29,2024-12-28,Local Courier,23.4
766,962,2025-05-29,2025-06-01,2025-05-31,USPS,6.74
767,963,2025-09-23,2025-09-26,2025-09-28,UPS,10.07
768,964,2024-03-31,2024-04-03,2024-04-05,UPS,20.14
769,967,2025-01-20,2025-01-23,2025-01-26,USPS,17.13
770,968,2024-09-23,2024-09-26,2024-09-27,UPS,23.61
771,969,2024-02-21,2024-02-24,2024-02-23,FedEx,12.11
772,970,2025-01-21,2025-01-24,2025-01-28,UPS,21.32
773,971,2024-09-19,2024-09-22,2024-09-21,Local Courier,22.93
774,973,2025-04-27,2025-04-30,2025-04-29,UPS,19.17
775,974,2025-01-15,2025-01-18,2025-01-21,USPS,14.64
776,975,2025-09-26,2025-09-29,2025-09-28,FedEx,6.81
777,977,2024-08-15,2024-08-18,2024-08-18,USPS,19.86
778,978,2025-10-22,2025-10-25,2025-10-24,USPS,14.99
779,979,2024-09-15,2024-09-18,2024-09-17,UPS,4.7
780,981,2025-02-23,2025-02-26,2025-02-26,UPS,8.74
781,982,2025-11-01,2025-11-04,2025-11-04,Local Courier,8.17
782,984,2024-12-30,2025-01-02,2025-01-03,USPS,16.49
783,986,2025-10-25,2025-10-28,2025-10-29,FedEx,14.23
784,987,2025-02-15,2025-02-18,2025-02-19,FedEx,16.53
785,988,2024-09-08,2024-09-11,2024-09-12,USPS,5.69
786,992,2024-10-29,2024-11-01,2024-10-30,USPS,21.78
787,993,2025-12-18,2025-12-21,2025-12-20,USPS,17.92
788,994,2025-01-27,2025-01-30,2025-01-28,USPS,27.24
789,995,2024-04-08,2024-04-11,2024-04-12,Local Courier,14.61
790,996,2025-07-02,2025-07-05,2025-07-05,Local Courier,13.38
791,997,2024-05-01,2024-05-04,2024-05-06,Local Courier,8.07
792,998,2024-04-25,2024-04-28,2024-04-27,UPS,6.07
793,1000,2024-11-19,2024-11-22,2024-11-21,USPS,5.5
794,1003,2024-12-16,2024-12-19,2024-12-17,FedEx,6.73
795,1004,2024-09-04,2024-09-07,2024-09-08,FedEx,20.53
796,1005,2024-12-26,2024-12-29,2024-12-30,Local Courier,18.27
797,1007,2025-05-31,2025-06-03,2025-06-04,UPS,18.32
798,1009,2025-02-01,2025-02-04,2025-02-03,Local Courier,9.96
799,1012,2025-04-10,2025-04-13,2025-04-12,FedEx,22.81
800,1013,2025-03-03,2025-03-06,2025-03-06,USPS,22.93
801,1014,2025-12-31,2026-01-03,2026-01-03,Local Courier,7.35
802,1017,2025-09-08,2025-09-11,2025-09-13,FedEx,13.76
803,1018,2025-03-26,2025-03-29,2025-03-31,Local Courier,18.09
804,1020,2025-10-14,2025-10-17,2025-10-19,UPS,21.14
805,1021,2025-06-25,2025-06-28,2025-06-28,USPS,13.36
806,1023,2025-10-11,2025-10-14,2025-10-12,FedEx,11.78
807,1024,2024-08-24,2024-08-27,2024-08-30,FedEx,6.33
808,1025,2025-11-26,2025-11-29,2025-11-28,USPS,15.33
809,1026,2024-10-15,2024-10-18,2024-10-16,FedEx,17.73
810,1029,2024-01-23,2024-01-26,2024-01-27,FedEx,15.36
811,1031,2025-04-30,2025-05-03,2025-05-03,USPS,21.71
812,1032,2025-07-04,2025-07-07,2025-07-06,Local Courier,24.02
813,1033,2025-08-14,2025-08-17,2025-08-21,Local Courier,25.86
814,1034,2025-09-05,2025-09-08,2025-09-12,Local Courier,21.52
815,1035,2024-06-11,2024-06-14,2024-06-15,USPS,22.11
816,1036,2025-09-08,2025-09-11,2025-09-13,Local Courier,27.9
817,1038,2024-10-22,2024-10-25,2024-10-23,UPS,9.04
818,1040,2024-05-18,2024-05-21,2024-05-22,Local Courier,6.72
819,1041,2024-07-19,2024-07-22,2024-07-23,UPS,23.17
820,1042,2025-04-08,2025-04-11,2025-04-10,Local Courier,22.09
821,1043,2025-12-02,2025-12-05,2025-12-06,UPS,13.75
822,1046,2025-04-14,2025-04-17,2025-04-15,Local Courier,15.35
823,1048,2025-10-14,2025-10-17,2025-10-18,FedEx,26.42
824,1049,2024-10-21,2024-10-24,2024-10-26,Local Courier,15.77
825,1050,2025-12-29,2026-01-01,2026-01-02,UPS,10.15
826,1051,2024-01-28,2024-01-31,2024-02-05,UPS,12.93
827,1052,2025-11-08,2025-11-11,2025-11-12,USPS,4.62
828,1053,2025-06-21,2025-06-24,2025-06-25,FedEx,6.68
829,1054,2025-04-04,2025-04-07,2025-04-12,UPS,11.45
830,1055,2024-03-27,2024-03-30,2024-04-03,USPS,10.64
831,1056,2025-04-26,2025-04-29,2025-04-30,FedEx,8.39
832,1057,2024-06-08,2024-06-11,2024-06-12,UPS,17.73
833,1058,2024-03-27,2024-03-30,2024-03-29,UPS,5.49
834,1059,2025-04-18,2025-04-21,2025-04-20,FedEx,23.26
835,1061,2024-02-19,2024-02-22,2024-02-20,FedEx,21.78
836,1063,2025-02-07,2025-02-10,2025-02-09,USPS,11.41
837,1064,2024-06-06,2024-06-09,2024-06-12,USPS,7.95
838,1066,2024-03-06,2024-03-09,2024-03-08,FedEx,25.69
839,1067,2024-01-11,2024-01-14,2024-01-14,FedEx,14.0
840,1068,2024-10-10,2024-10-13,2024-10-11,Local Courier,4.38
841,1069,2024-09-09,2024-09-12,2024-09-12,FedEx,22.3
842,1072,2024-01-05,2024-01-08,2024-01-11,Local Courier,11.24
843,1073,2025-07-10,2025-07-13,2025-07-14,Local Courier,22.87
844,1074,2024-03-23,2024-03-26,2024-03-24,Local Courier,18.5
845,1075,2025-03-15,2025-03-18,2025-03-17,UPS,16.36
846,1076,2024-01-02,2024-01-05,2024-01-04,USPS,17.22
847,1079,2024-12-06,2024-12-09,2024-12-08,USPS,7.49
848,1081,2024-06-13,2024-06-16,2024-06-18,UPS,25.82
849,1082,2025-06-19,2025-06-22,2025-06-24,UPS,12.96
850,1084,2025-01-01,2025-01-04,2025-01-05,FedEx,14.29
851,1085,2025-08-27,2025-08-30,2025-08-31,FedEx,16.18
852,1086,2025-07-21,2025-07-24,2025-07-23,Local Courier,11.07
853,1087,2025-10-30,2025-11-02,2025-11-04,USPS,15.85
854,1088,2024-09-05,2024-09-08,2024-09-09,Local Courier,12.73
855,1089,2025-06-24,2025-06-27,2025-06-29,FedEx,14.98
856,1090,2024-03-01,2024-03-04,2024-03-04,USPS,19.37
857,1092,2024-04-17,2024-04-20,2024-04-20,USPS,25.67
858,1093,2024-09-17,2024-09-20,2024-09-20,USPS,12.27
859,1095,2024-07-25,2024-07-28,2024-07-26,USPS,23.51
860,1096,2024-02-13,2024-02-16,2024-02-15,FedEx,21.21
861,1100,2024-08-18,2024-08-21,2024-08-19,USPS,7.07
862,1101,2025-11-13,2025-11-16,2025-11-15,FedEx,22.98
863,1102,2024-10-14,2024-10-17,2024-10-17,UPS,26.77
864,1103,2024-08-07,2024-08-10,2024-08-08,USPS,23.74
865,1104,2024-09-27,2024-09-30,2024-10-05,UPS,24.78
866,1105,2025-06-04,2025-06-07,2025-06-07,UPS,16.08
867,1106,2025-11-20,2025-11-23,2025-11-24,FedEx,18.83
868,1107,2024-10-15,2024-10-18,2024-10-16,Local Courier,12.93
869,1108,2024-10-05,2024-10-08,2024-10-07,UPS,10.6
870,1109,2025-10-30,2025-11-02,2025-11-01,UPS,26.78
871,1110,2024-02-12,2024-02-15,2024-02-18,Local Courier,9.47
872,1111,2024-04-20,2024-04-23,2024-04-21,FedEx,18.07
873,1112,2025-02-06,2025-02-09,2025-02-08,Local Courier,13.41
874,1113,2025-09-09,2025-09-12,2025-09-12,Local Courier,27.86
875,1114,2025-10-25,2025-10-28,2025-10-28,UPS,19.63
876,1115,2024-12-28,2024-12-31,2024-12-30,UPS,10.77
877,1116,2025-02-07,2025-02-10,2025-02-13,FedEx,7.22
878,1117,2024-12-12,2024-12-15,2024-12-13,USPS,17.34
879,1118,2024-06-17,2024-06-20,2024-06-18,FedEx,5.82
880,1119,2024-09-06,2024-09-09,2024-09-09,USPS,4.27
881,1120,2024-06-16,2024-06-19,2024-06-19,Local Courier,10.6
882,1122,2024-08-15,2024-08-18,2024-08-17,FedEx,8.85
883,1123,2025-12-04,2025-12-07,2025-12-06,USPS,6.48
884,1124,2024-12-21,2024-12-24,2024-12-27,USPS,21.89
885,1125,2024-06-25,2024-06-28,2024-06-27,Local Courier,23.01
886,1126,2024-06-17,2024-06-20,2024-06-18,Local Courier,23.51
887,1127,2024-08-12,2024-08-15,2024-08-15,UPS,6.93
888,1130,2025-09-18,2025-09-21,2025-09-22,USPS,7.95
889,1131,2024-09-19,2024-09-22,2024-09-27,FedEx,10.17
890,1132,2024-12-17,2024-12-20,2024-12-22,USPS,15.29
891,1133,2024-10-18,2024-10-21,2024-10-22,FedEx,6.14
892,1134,2024-08-13,2024-08-16,2024-08-14,USPS,21.97
893,1135,2025-05-28,2025-05-31,2025-05-31,Local Courier,26.98
894,1136,2024-03-15,2024-03-18,2024-03-18,Local Courier,19.24
895,1137,2025-07-12,2025-07-15,2025-07-16,Local Courier,15.39
896,1138,2024-04-12,2024-04-15,2024-04-16,UPS,22.79
897,1139,2024-06-21,2024-06-24,2024-06-22,FedEx,4.87
898,1141,2024-06-11,2024-06-14,2024-06-14,USPS,7.76
899,1142,2024-01-03,2024-01-06,2024-01-05,FedEx,5.61
900,1143,2024-02-05,2024-02-08,2024-02-07,USPS,6.25
901,1144,2025-02-28,2025-03-03,2025-03-01,Local Courier,11.65
902,1145,2024-08-20,2024-08-23,2024-08-22,FedEx,11.79
903,1146,2024-02-21,2024-02-24,2024-02-24,UPS,18.73
904,1147,2024-07-11,2024-07-14,2024-07-14,UPS,27.48
905,1148,2025-04-15,2025-04-18,2025-04-18,UPS,18.57
906,1149,2025-10-02,2025-10-05,2025-10-11,Local Courier,21.92
907,1150,2025-08-10,2025-08-13,2025-08-15,USPS,16.65
908,1151,2024-06-10,2024-06-13,2024-06-13,UPS,21.84
909,1152,2025-09-13,2025-09-16,2025-09-17,Local Courier,19.79
910,1153,2025-11-14,2025-11-17,2025-11-19,FedEx,26.94
911,1154,2025-09-13,2025-09-16,2025-09-16,USPS,8.59
912,1155,2025-04-24,2025-04-27,2025-05-03,USPS,5.84
913,1156,2025-06-04,2025-06-07,2025-06-06,Local Courier,6.57
914,1157,2025-10-18,2025-10-21,2025-10-21,FedEx,18.82
915,1158,2024-02-23,2024-02-26,2024-02-27,FedEx,8.24
916,1159,2025-02-13,2025-02-16,2025-02-15,UPS,17.25
917,1160,2024-08-05,2024-08-08,2024-08-06,Local Courier,20.99
918,1161,2024-02-20,2024-02-23,2024-02-26,FedEx,24.44
919,1162,2024-04-26,2024-04-29,2024-04-29,USPS,9.52
920,1163,2024-11-14,2024-11-17,2024-11-15,USPS,20.95
921,1165,2025-08-18,2025-08-21,2025-08-21,FedEx,8.63
922,1170,2024-04-04,2024-04-07,2024-04-06,Local Courier,25.14
923,1171,2024-06-25,2024-06-28,2024-06-28,Local Courier,19.61
924,1172,2025-07-29,2025-08-01,2025-07-30,Local Courier,8.45
925,1173,2024-07-26,2024-07-29,2024-07-28,FedEx,24.1
926,1174,2025-05-06,2025-05-09,2025-05-10,UPS,17.82
927,1178,2024-04-18,2024-04-21,2024-04-20,Local Courier,5.59
928,1179,2025-11-05,2025-11-08,2025-11-08,Local Courier,25.87
929,1180,2024-11-09,2024-11-12,2024-11-13,USPS,16.14
930,1181,2025-02-21,2025-02-24,2025-02-25,USPS,17.9
931,1182,2025-03-27,2025-03-30,2025-03-29,UPS,25.53
932,1183,2024-05-19,2024-05-22,2024-05-24,Local Courier,19.51
933,1184,2025-12-31,2026-01-03,2026-01-05,USPS,24.31
934,1186,2025-08-22,2025-08-25,2025-08-25,USPS,7.38
935,1189,2025-12-14,2025-12-17,2025-12-18,Local Courier,10.51
936,1190,2025-03-13,2025-03-16,2025-03-15,USPS,6.37
937,1191,2025-06-24,2025-06-27,2025-06-27,FedEx,25.72
938,1193,2024-12-11,2024-12-14,2024-12-16,Local Courier,7.4
939,1194,2025-02-15,2025-02-18,2025-02-19,FedEx,25.04
940,1195,2025-08-24,2025-08-27,2025-09-02,USPS,15.04
941,1198,2025-03-01,2025-03-04,2025-03-03,FedEx,21.61
942,1199,2025-12-05,2025-12-08,2025-12-11,Local Courier,23.19
943,1200,2024-05-12,2024-05-15,2024-05-16,UPS,4.3
944,1201,2024-06-28,2024-07-01,2024-06-30,UPS,10.96
945,1202,2025-10-30,2025-11-02,2025-11-01,UPS,21.41
946,1203,2024-05-19,2024-05-22,2024-05-23,FedEx,4.01
947,1205,2024-05-21,2024-05-24,2024-05-23,UPS,24.99
948,1209,2026-01-01,2026-01-04,2026-01-03,USPS,19.71
949,1210,2025-11-03,2025-11-06,2025-11-05,UPS,13.49
950,1211,2024-10-10,2024-10-13,2024-10-12,FedEx,7.26
951,1212,2025-06-30,2025-07-03,2025-07-03,Local Courier,11.98
952,1213,2025-10-20,2025-10-23,2025-10-21,UPS,9.32
953,1214,2024-04-18,2024-04-21,2024-04-22,Local Courier,13.42
954,1215,2025-03-26,2025-03-29,2025-03-30,Local Courier,4.11
955,1217,2025-10-26,2025-10-29,2025-10-30,Local Courier,18.85
956,1218,2024-03-31,2024-04-03,2024-04-02,FedEx,6.77
957,1219,2024-09-03,2024-09-06,2024-09-06,FedEx,12.0
958,1220,2024-01-09,2024-01-12,2024-01-10,FedEx,11.09
959,1221,2025-10-04,2025-10-07,2025-10-07,FedEx,10.61
960,1222,2025-06-12,2025-06-15,2025-06-13,FedEx,8.75
961,1226,2024-08-04,2024-08-07,2024-08-08,UPS,23.37
962,1227,2025-03-25,2025-03-28,2025-03-30,FedEx,8.55
963,1228,2024-12-20,2024-12-23,2024-12-25,Local Courier,22.19
964,1229,2025-01-19,2025-01-22,2025-01-23,Local Courier,7.39
965,1230,2025-10-23,2025-10-26,2025-10-27,UPS,17.11
966,1232,2024-06-15,2024-06-18,2024-06-23,USPS,12.51
967,1233,2025-01-12,2025-01-15,2025-01-14,Local Courier,22.54
968,1234,2025-05-02,2025-05-05,2025-05-06,USPS,7.98
969,1235,2024-12-04,2024-12-07,2024-12-08,FedEx,16.77
970,1237,2025-09-21,2025-09-24,2025-09-22,FedEx,26.74
971,1238,2024-12-23,2024-12-26,2024-12-25,Local Courier,22.05
972,1239,2024-07-02,2024-07-05,2024-07-04,USPS,22.0
973,1241,2024-09-16,2024-09-19,2024-09-22,FedEx,19.43
974,1242,2024-10-07,2024-10-10,2024-10-11,Local Courier,21.25
975,1243,2024-04-09,2024-04-12,2024-04-10,Local Courier,20.53
976,1244,2025-12-05,2025-12-08,2025-12-09,USPS,18.54
977,1245,2025-06-18,2025-06-21,2025-06-20,Local Courier,21.37
978,1246,2024-03-27,2024-03-30,2024-04-01,Local Courier,11.37
979,1247,2025-07-09,2025-07-12,2025-07-11,Local Courier,13.85
980,1250,2024-09-10,2024-09-13,2024-09-12,UPS,25.99
981,1251,2024-09-11,2024-09-14,2024-09-12,USPS,26.93
982,1252,2024-06-05,2024-06-08,2024-06-09,UPS,20.48
983,1253,2024-11-26,2024-11-29,2024-11-27,FedEx,25.85
984,1254,2025-08-15,2025-08-18,2025-08-19,USPS,27.79
985,1255,2025-09-09,2025-09-12,2025-09-11,UPS,14.08
986,1257,2025-09-12,2025-09-15,2025-09-14,FedEx,5.45
987,1258,2025-10-14,2025-10-17,2025-10-17,UPS,18.07
988,1259,2025-08-10,2025-08-13,2025-08-14,FedEx,11.77
989,1260,2024-11-27,2024-11-30,2024-12-01,UPS,14.66
990,1261,2024-12-29,2025-01-01,2025-01-01,UPS,25.19
991,1263,2025-08-28,2025-08-31,2025-08-30,UPS,11.57
992,1264,2024-04-28,2024-05-01,2024-05-02,FedEx,12.45
993,1265,2024-11-17,2024-11-20,2024-11-19,FedEx,8.65
994,1266,2025-11-29,2025-12-02,2025-12-01,USPS,27.0
995,1267,2024-03-21,2024-03-24,2024-03-23,USPS,15.95
996,1268,2025-01-04,2025-01-07,2025-01-07,FedEx,11.66
997,1269,2024-04-17,2024-04-20,2024-04-20,Local Courier,27.81
998,1270,2024-05-18,2024-05-21,2024-05-19,UPS,25.25
999,1271,2024-12-21,2024-12-24,2024-12-23,Local Courier,19.27
1000,1272,2024-12-15,2024-12-18,2024-12-18,USPS,17.14
1001,1273,2024-12-31,2025-01-03,2025-01-08,UPS,21.15
1002,1276,2025-11-02,2025-11-05,2025-11-08,UPS,19.52
1003,1277,2024-01-30,2024-02-02,2024-02-03,USPS,19.63
1004,1279,2024-01-17,2024-01-20,2024-01-20,FedEx,13.2
1005,1280,2024-02-12,2024-02-15,2024-02-14,Local Courier,12.89
1006,1281,2024-09-27,2024-09-30,2024-10-02,USPS,24.81
1007,1283,2024-05-04,2024-05-07,2024-05-05,USPS,27.71
1008,1285,2024-01-17,2024-01-20,2024-01-26,Local Courier,8.47
1009,1286,2024-09-13,2024-09-16,2024-09-14,FedEx,14.04
1010,1287,2024-11-06,2024-11-09,2024-11-09,USPS,24.21
1011,1288,2024-01-04,2024-01-07,2024-01-05,USPS,10.8
1012,1289,2024-11-07,2024-11-10,2024-11-13,FedEx,11.56
1013,1291,2025-09-22,2025-09-25,2025-09-24,Local Courier,21.83
1014,1292,2025-06-22,2025-06-25,2025-06-28,FedEx,13.68
1015,1293,2024-10-08,2024-10-11,2024-10-09,UPS,22.07
1016,1294,2024-11-28,2024-12-01,2024-12-01,USPS,8.26
1017,1296,2024-09-25,2024-09-28,2024-09-29,Local Courier,17.41
1018,1297,2025-10-23,2025-10-26,2025-10-26,USPS,12.68
1019,1298,2024-01-24,2024-01-27,2024-01-26,USPS,25.92
1020,1299,2025-01-11,2025-01-14,2025-01-14,USPS,11.14
1021,1301,2025-05-09,2025-05-12,2025-05-11,UPS,21.91
1022,1302,2025-08-28,2025-08-31,2025-08-29,Local Courier,8.81
1023,1303,2025-05-10,2025-05-13,2025-05-15,UPS,23.09
1024,1305,2024-09-29,2024-10-02,2024-09-30,FedEx,7.04
1025,1308,2024-03-28,2024-03-31,2024-04-01,UPS,16.14
1026,1309,2025-02-16,2025-02-19,2025-02-18,Local Courier,11.39
1027,1310,2025-02-21,2025-02-24,2025-02-25,Local Courier,10.81
1028,1312,2025-06-06,2025-06-09,2025-06-07,FedEx,8.88
1029,1313,2025-04-04,2025-04-07,2025-04-07,Local Courier,25.23
1030,1315,2024-12-02,2024-12-05,2024-12-07,FedEx,18.1
1031,1316,2024-07-12,2024-07-15,2024-07-14,FedEx,10.37
1032,1317,2025-03-22,2025-03-25,2025-03-24,FedEx,17.91
1033,1319,2025-11-19,2025-11-22,2025-11-20,FedEx,8.32
1034,1320,2024-12-29,2025-01-01,2025-01-04,USPS,16.96
1035,1321,2024-12-09,2024-12-12,2024-12-10,USPS,8.38
1036,1322,2025-11-06,2025-11-09,2025-11-10,Local Courier,22.58
1037,1323,2025-08-26,2025-08-29,2025-08-30,FedEx,26.81
1038,1324,2024-07-01,2024-07-04,2024-07-03,FedEx,9.61
1039,1326,2024-08-31,2024-09-03,2024-09-06,UPS,23.9
1040,1327,2024-03-31,2024-04-03,2024-04-05,FedEx,9.27
1041,1328,2025-03-06,2025-03-09,2025-03-07,FedEx,17.6
1042,1329,2024-07-17,2024-07-20,2024-07-18,FedEx,19.08
1043,1332,2025-04-26,2025-04-29,2025-05-04,FedEx,4.8
1044,1333,2024-09-24,2024-09-27,2024-09-26,FedEx,18.35
1045,1334,2024-11-24,2024-11-27,2024-11-28,UPS,24.39
1046,1335,2024-10-04,2024-10-07,2024-10-07,UPS,24.93
1047,1336,2025-12-15,2025-12-18,2025-12-17,USPS,11.26
1048,1337,2024-09-16,2024-09-19,2024-09-19,FedEx,18.15
1049,1339,2025-02-11,2025-02-14,2025-02-14,USPS,22.26
1050,1341,2024-01-31,2024-02-03,2024-02-03,Local Courier,20.52
1051,1342,2024-10-19,2024-10-22,2024-10-20,Local Courier,6.27
1052,1344,2025-10-31,2025-11-03,2025-11-03,Local Courier,21.32
1053,1345,2024-07-26,2024-07-29,2024-07-27,USPS,22.67
1054,1346,2025-09-12,2025-09-15,2025-09-16,USPS,16.98
1055,1347,2025-01-12,2025-01-15,2025-01-15,FedEx,27.78
1056,1348,2024-01-23,2024-01-26,2024-01-26,USPS,12.52
1057,1349,2025-07-03,2025-07-06,2025-07-07,UPS,19.62
1058,1350,2024-05-25,2024-05-28,2024-05-26,UPS,7.7
1059,1351,2025-02-26,2025-03-01,2025-03-01,FedEx,7.86
1060,1353,2024-06-20,2024-06-23,2024-06-23,USPS,14.69
1061,1354,2025-01-07,2025-01-10,2025-01-11,FedEx,11.54
1062,1355,2024-08-18,2024-08-21,2024-08-20,UPS,6.92
1063,1356,2025-07-17,2025-07-20,2025-07-21,Local Courier,15.27
1064,1357,2024-08-20,2024-08-23,2024-08-22,FedEx,19.13
1065,1358,2024-07-07,2024-07-10,2024-07-11,UPS,21.2
1066,1359,2024-08-24,2024-08-27,2024-08-29,FedEx,25.63
1067,1360,2025-10-08,2025-10-11,2025-10-11,FedEx,14.69
1068,1362,2024-03-02,2024-03-05,2024-03-04,Local Courier,26.37
1069,1363,2024-01-02,2024-01-05,2024-01-08,Local Courier,19.07
1070,1364,2025-07-21,2025-07-24,2025-07-26,FedEx,22.49
1071,1365,2024-05-24,2024-05-27,2024-05-28,USPS,23.73
1072,1367,2024-04-17,2024-04-20,2024-04-22,UPS,16.0
1073,1368,2024-09-30,2024-10-03,2024-10-02,FedEx,12.39
1074,1370,2024-07-15,2024-07-18,2024-07-20,FedEx,15.19
1075,1371,2024-07-27,2024-07-30,2024-07-29,UPS,23.21
1076,1372,2025-11-05,2025-11-08,2025-11-06,USPS,15.89
1077,1373,2024-10-02,2024-10-05,2024-10-06,Local Courier,12.72
1078,1374,2025-08-10,2025-08-13,2025-08-14,Local Courier,15.26
1079,1375,2024-10-04,2024-10-07,2024-10-05,FedEx,13.73
1080,1376,2025-08-30,2025-09-02,2025-09-07,Local Courier,5.98
1081,1377,2024-06-23,2024-06-26,2024-06-25,UPS,25.52
1082,1380,2024-03-23,2024-03-26,2024-03-26,Local Courier,20.6
1083,1381,2025-05-01,2025-05-04,2025-05-03,USPS,15.62
1084,1383,2025-02-19,2025-02-22,2025-02-22,USPS,22.09
1085,1384,2025-07-23,2025-07-26,2025-07-25,UPS,27.77
1086,1385,2024-11-22,2024-11-25,2024-11-25,FedEx,19.4
1087,1386,2025-01-27,2025-01-30,2025-02-03,Local Courier,8.36
1088,1387,2025-01-24,2025-01-27,2025-01-28,Local Courier,7.68
1089,1388,2024-09-03,2024-09-06,2024-09-05,FedEx,16.3
1090,1389,2025-11-01,2025-11-04,2025-11-03,FedEx,8.57
1091,1390,2024-03-25,2024-03-28,2024-03-27,FedEx,17.29
1092,1392,2024-06-09,2024-06-12,2024-06-12,USPS,25.07
1093,1393,2025-08-07,2025-08-10,2025-08-11,UPS,10.61
1094,1394,2025-04-24,2025-04-27,2025-04-26,UPS,15.36
1095,1395,2024-01-05,2024-01-08,2024-01-09,FedEx,7.53
1096,1397,2025-11-14,2025-11-17,2025-11-16,FedEx,26.28
1097,1398,2024-06-23,2024-06-26,2024-06-26,Local Courier,15.74
1098,1399,2024-10-28,2024-10-31,2024-11-01,FedEx,14.39
1099,1400,2024-01-21,2024-01-24,2024-01-26,Local Courier,9.04
1100,1401,2024-05-16,2024-05-19,2024-05-18,UPS,6.69
1101,1402,2025-08-13,2025-08-16,2025-08-18,Local Courier,26.29
1102,1403,2025-06-03,2025-06-06,2025-06-08,FedEx,21.04
1103,1405,2024-07-11,2024-07-14,2024-07-12,FedEx,25.01
1104,1406,2024-04-13,2024-04-16,2024-04-15,USPS,18.27
1105,1407,2024-08-28,2024-08-31,2024-09-02,UPS,14.43
1106,1408,2024-10-06,2024-10-09,2024-10-09,UPS,24.57
1107,1409,2024-09-14,2024-09-17,2024-09-18,USPS,21.73
1108,1413,2024-08-04,2024-08-07,2024-08-08,UPS,18.68
1109,1414,2025-09-27,2025-09-30,2025-10-01,FedEx,7.12
1110,1415,2024-10-16,2024-10-19,2024-10-18,UPS,7.75
1111,1416,2024-11-24,2024-11-27,2024-11-26,FedEx,12.51
1112,1417,2025-06-23,2025-06-26,2025-06-25,Local Courier,26.15
1113,1418,2025-08-20,2025-08-23,2025-08-24,USPS,10.72
1114,1420,2024-11-01,2024-11-04,2024-11-06,FedEx,6.61
1115,1422,2025-12-20,2025-12-23,2025-12-21,USPS,4.14
1116,1424,2024-01-17,2024-01-20,2024-01-18,USPS,7.17
1117,1426,2025-01-29,2025-02-01,2025-02-05,USPS,6.77
1118,1427,2025-04-28,2025-05-01,2025-05-04,FedEx,27.27
1119,1428,2024-06-09,2024-06-12,2024-06-13,USPS,14.3
1120,1429,2024-01-03,2024-01-06,2024-01-06,UPS,18.8
1121,1430,2024-09-26,2024-09-29,2024-09-30,FedEx,17.38
1122,1431,2024-09-29,2024-10-02,2024-10-08,Local Courier,12.82
1123,1432,2025-01-10,2025-01-13,2025-01-12,FedEx,22.77
1124,1433,2024-10-14,2024-10-17,2024-10-17,Local Courier,7.7
1125,1434,2024-10-18,2024-10-21,2024-10-19,FedEx,4.6
1126,1435,2024-03-05,2024-03-08,2024-03-11,FedEx,7.37
1127,1436,2025-04-08,2025-04-11,2025-04-11,USPS,11.4
1128,1437,2025-02-26,2025-03-01,2025-03-02,FedEx,10.71
1129,1438,2024-06-08,2024-06-11,2024-06-10,FedEx,10.41
1130,1440,2025-06-20,2025-06-23,2025-06-22,FedEx,26.78
1131,1443,2025-10-01,2025-10-04,2025-10-03,Local Courier,23.31
1132,1444,2024-10-19,2024-10-22,2024-10-22,FedEx,14.19
1133,1445,2024-12-04,2024-12-07,2024-12-05,FedEx,24.67
1134,1446,2025-01-26,2025-01-29,2025-01-30,USPS,8.76
1135,1447,2025-01-17,2025-01-20,2025-01-20,FedEx,18.76
1136,1450,2024-07-04,2024-07-07,2024-07-06,USPS,15.18
1137,1452,2025-03-28,2025-03-31,2025-03-29,USPS,27.52
1138,1455,2024-12-06,2024-12-09,2024-12-11,USPS,13.49
1139,1456,2024-01-08,2024-01-11,2024-01-12,FedEx,23.47
1140,1457,2025-02-14,2025-02-17,2025-02-17,FedEx,12.27
1141,1458,2025-07-14,2025-07-17,2025-07-20,FedEx,25.3
1142,1459,2024-04-16,2024-04-19,2024-04-19,UPS,7.23
1143,1460,2024-10-21,2024-10-24,2024-10-25,USPS,8.45
1144,1461,2025-05-29,2025-06-01,2025-05-31,FedEx,18.05
1145,1462,2025-09-25,2025-09-28,2025-09-28,FedEx,22.8
1146,1463,2025-10-19,2025-10-22,2025-10-23,FedEx,24.58
1147,1466,2025-11-06,2025-11-09,2025-11-08,Local Courier,22.7
1148,1467,2024-12-26,2024-12-29,2025-01-01,USPS,14.2
1149,1468,2024-08-25,2024-08-28,2024-08-28,USPS,15.96
1150,1470,2025-05-11,2025-05-14,2025-05-16,USPS,17.66
1151,1471,2025-03-12,2025-03-15,2025-03-18,Local Courier,20.11
1152,1472,2025-06-24,2025-06-27,2025-06-27,USPS,13.67
1153,1473,2024-11-10,2024-11-13,2024-11-13,Local Courier,12.6
1154,1474,2024-07-01,2024-07-04,2024-07-05,FedEx,15.05
1155,1475,2025-08-13,2025-08-16,2025-08-16,FedEx,15.47
1156,1478,2024-11-05,2024-11-08,2024-11-08,USPS,11.25
1157,1479,2025-01-01,2025-01-04,2025-01-06,USPS,7.44
1158,1480,2025-12-16,2025-12-19,2025-12-20,UPS,15.79
1159,1481,2024-07-11,2024-07-14,2024-07-15,USPS,20.72
1160,1482,2025-12-14,2025-12-17,2025-12-15,FedEx,15.15
1161,1483,2024-01-21,2024-01-24,2024-01-23,UPS,16.36
1162,1484,2025-08-02,2025-08-05,2025-08-03,USPS,10.61
1163,1486,2024-09-10,2024-09-13,2024-09-15,FedEx,25.79
1164,1487,2024-11-17,2024-11-20,2024-11-20,Local Courier,26.49
1165,1488,2025-12-04,2025-12-07,2025-12-08,USPS,10.12
1166,1489,2024-08-26,2024-08-29,2024-08-31,USPS,26.82
1167,1491,2024-01-05,2024-01-08,2024-01-07,FedEx,15.01
1168,1492,2025-07-21,2025-07-24,2025-07-25,Local Courier,27.08
1169,1493,2024-12-03,2024-12-06,2024-12-07,FedEx,21.49
1170,1494,2024-09-03,2024-09-06,2024-09-07,USPS,10.6
1171,1496,2025-05-20,2025-05-23,2025-05-24,Local Courier,13.09
1172,1497,2024-10-10,2024-10-13,2024-10-13,FedEx,16.87
1173,1498,2025-12-01,2025-12-04,2025-12-04,Local Courier,13.42
1174,1499,2025-04-28,2025-05-01,2025-05-03,UPS,13.17
1175,1500,2025-09-18,2025-09-21,2025-09-26,UPS,23.23
1176,1501,2025-05-12,2025-05-15,2025-05-14,FedEx,23.06
1177,1502,2024-03-25,2024-03-28,2024-04-01,Local Courier,5.44
1178,1503,2024-07-18,2024-07-21,2024-07-22,UPS,4.91
1179,1505,2024-05-20,2024-05-23,2024-05-22,Local Courier,11.56
1180,1507,2025-07-20,2025-07-23,2025-07-23,FedEx,26.41
1181,1508,2024-09-23,2024-09-26,2024-09-24,FedEx,20.32
1182,1509,2024-09-22,2024-09-25,2024-09-23,USPS,12.5
1183,1510,2024-12-06,2024-12-09,2024-12-09,FedEx,15.85
1184,1511,2025-02-07,2025-02-10,2025-02-10,FedEx,10.38
1185,1512,2025-10-05,2025-10-08,2025-10-11,FedEx,25.87
1186,1513,2024-11-08,2024-11-11,2024-11-14,FedEx,27.14
1187,1514,2024-06-18,2024-06-21,2024-06-25,USPS,10.86
1188,1515,2025-03-25,2025-03-28,2025-03-29,Local Courier,21.38
1189,1516,2024-08-30,2024-09-02,2024-08-31,Local Courier,10.25
1190,1518,2025-02-01,2025-02-04,2025-02-04,USPS,9.79
1191,1520,2024-04-06,2024-04-09,2024-04-10,FedEx,5.59
1192,1521,2025-03-30,2025-04-02,2025-04-08,FedEx,27.75
1193,1522,2024-07-24,2024-07-27,2024-07-28,FedEx,4.74
1194,1523,2025-06-28,2025-07-01,2025-07-01,FedEx,26.48
1195,1525,2025-03-22,2025-03-25,2025-03-24,Local Courier,8.15
1196,1526,2024-11-11,2024-11-14,2024-11-14,USPS,6.99
1197,1529,2024-01-19,2024-01-22,2024-01-22,Local Courier,26.72
1198,1530,2025-11-04,2025-11-07,2025-11-07,USPS,16.63
1199,1531,2025-01-16,2025-01-19,2025-01-20,UPS,24.26
1200,1532,2025-03-31,2025-04-03,2025-04-03,USPS,7.35
1201,1533,2025-03-22,2025-03-25,2025-03-27,FedEx,19.02
1202,1534,2024-02-20,2024-02-23,2024-02-26,USPS,19.96
1203,1535,2024-12-01,2024-12-04,2024-12-05,FedEx,11.89
1204,1536,2024-10-16,2024-10-19,2024-10-22,USPS,17.31
1205,1537,2025-06-19,2025-06-22,2025-06-22,FedEx,5.46
1206,1538,2024-09-14,2024-09-17,2024-09-21,UPS,26.33
1207,1540,2025-01-06,2025-01-09,2025-01-07,USPS,19.84
1208,1541,2025-10-29,2025-11-01,2025-10-31,USPS,20.88
1209,1544,2024-06-18,2024-06-21,2024-06-24,USPS,16.71
1210,1545,2025-10-19,2025-10-22,2025-10-24,UPS,12.11
1211,1546,2025-02-24,2025-02-27,2025-02-27,FedEx,9.29
1212,1547,2024-12-15,2024-12-18,2024-12-21,Local Courier,11.7
1213,1548,2024-10-09,2024-10-12,2024-10-16,Local Courier,12.2
1214,1549,2024-01-20,2024-01-23,2024-01-22,USPS,27.57
1215,1551,2024-07-31,2024-08-03,2024-08-01,Local Courier,12.55
1216,1552,2024-01-02,2024-01-05,2024-01-07,USPS,8.16
1217,1553,2025-06-28,2025-07-01,2025-07-01,FedEx,27.6
1218,1554,2024-09-23,2024-09-26,2024-09-29,USPS,14.04
1219,1556,2024-02-01,2024-02-04,2024-02-05,UPS,4.95
1220,1557,2025-05-31,2025-06-03,2025-06-04,FedEx,20.73
1221,1558,2024-03-19,2024-03-22,2024-03-25,USPS,12.51
1222,1559,2025-05-23,2025-05-26,2025-05-24,Local Courier,24.55
1223,1560,2024-12-12,2024-12-15,2024-12-16,UPS,12.68
1224,1561,2024-07-13,2024-07-16,2024-07-14,FedEx,27.73
1225,1562,2024-01-09,2024-01-12,2024-01-13,USPS,13.58
1226,1563,2024-04-23,2024-04-26,2024-04-24,Local Courier,5.04
1227,1565,2025-03-25,2025-03-28,2025-03-29,USPS,9.71
1228,1566,2024-09-09,2024-09-12,2024-09-12,UPS,19.94
1229,1567,2025-05-26,2025-05-29,2025-05-29,Local Courier,22.13
1230,1569,2024-10-02,2024-10-05,2024-10-03,UPS,15.93
1231,1570,2024-02-12,2024-02-15,2024-02-16,Local Courier,13.63
1232,1572,2025-11-14,2025-11-17,2025-11-17,UPS,22.72
1233,1573,2025-04-16,2025-04-19,2025-04-18,Local Courier,18.18
1234,1574,2024-07-09,2024-07-12,2024-07-13,FedEx,13.25
1235,1576,2025-04-18,2025-04-21,2025-04-20,Local Courier,14.34
1236,1577,2025-11-09,2025-11-12,2025-11-11,USPS,24.56
1237,1578,2024-01-29,2024-02-01,2024-01-31,USPS,12.57
1238,1580,2025-05-27,2025-05-30,2025-05-31,USPS,9.59
1239,1581,2024-11-25,2024-11-28,2024-11-28,Local Courier,4.82
1240,1582,2025-12-17,2025-12-20,2025-12-20,USPS,7.65
1241,1583,2024-05-06,2024-05-09,2024-05-12,Local Courier,15.88
1242,1584,2025-07-06,2025-07-09,2025-07-10,Local Courier,4.86
1243,1586,2024-06-03,2024-06-06,2024-06-07,FedEx,6.27
1244,1587,2025-01-14,2025-01-17,2025-01-17,FedEx,23.93
1245,1588,2024-09-29,2024-10-02,2024-10-02,UPS,22.2
1246,1590,2024-04-14,2024-04-17,2024-04-17,USPS,25.88
1247,1591,2025-02-06,2025-02-09,2025-02-09,FedEx,15.78
1248,1592,2024-08-14,2024-08-17,2024-08-17,Local Courier,24.14
1249,1593,2024-12-19,2024-12-22,2024-12-23,UPS,13.5
1250,1594,2024-09-25,2024-09-28,2024-09-30,UPS,24.38
1251,1596,2024-10-19,2024-10-22,2024-10-21,UPS,12.77
1252,1597,2025-07-05,2025-07-08,2025-07-08,UPS,17.46
1253,1598,2025-01-06,2025-01-09,2025-01-09,USPS,14.68
1254,1599,2025-10-28,2025-10-31,2025-11-01,FedEx,11.67
1255,1600,2025-05-18,2025-05-21,2025-05-26,Local Courier,19.64
1256,1601,2025-11-01,2025-11-04,2025-11-03,USPS,8.99
1257,1603,2025-10-17,2025-10-20,2025-10-21,USPS,15.37
1258,1604,2024-01-11,2024-01-14,2024-01-14,Local Courier,9.21
1259,1605,2025-03-28,2025-03-31,2025-04-02,Local Courier,19.92
1260,1606,2024-07-15,2024-07-18,2024-07-19,USPS,10.35
1261,1608,2024-03-27,2024-03-30,2024-04-03,FedEx,27.18
1262,1611,2025-02-21,2025-02-24,2025-02-22,Local Courier,10.99
1263,1612,2025-10-18,2025-10-21,2025-10-26,FedEx,17.53
1264,1613,2025-08-17,2025-08-20,2025-08-22,Local Courier,21.05
1265,1614,2025-02-06,2025-02-09,2025-02-07,UPS,21.78
1266,1616,2024-07-27,2024-07-30,2024-07-29,Local Courier,20.74
1267,1617,2024-02-21,2024-02-24,2024-02-26,UPS,17.75
1268,1618,2025-11-19,2025-11-22,2025-11-21,Local Courier,6.65
1269,1619,2024-04-29,2024-05-02,2024-05-02,FedEx,8.32
1270,1620,2025-09-29,2025-10-02,2025-10-01,UPS,24.25
1271,1622,2024-06-05,2024-06-08,2024-06-06,Local Courier,18.96
1272,1623,2025-03-04,2025-03-07,2025-03-05,USPS,5.64
1273,1624,2024-10-26,2024-10-29,2024-11-01,FedEx,21.13
1274,1625,2024-10-26,2024-10-29,2024-10-28,FedEx,22.4
1275,1626,2025-09-14,2025-09-17,2025-09-18,USPS,7.25
1276,1627,2024-02-09,2024-02-12,2024-02-11,UPS,9.86
1277,1628,2025-01-14,2025-01-17,2025-01-19,FedEx,13.65
1278,1629,2024-11-01,2024-11-04,2024-11-03,UPS,17.64
1279,1630,2025-01-20,2025-01-23,2025-01-22,Local Courier,27.47
1280,1632,2024-12-21,2024-12-24,2024-12-23,UPS,25.56
1281,1633,2025-10-13,2025-10-16,2025-10-17,USPS,26.79
1282,1634,2024-11-03,2024-11-06,2024-11-07,USPS,26.64
1283,1635,2024-09-01,2024-09-04,2024-09-07,UPS,15.49
1284,1637,2024-01-22,2024-01-25,2024-01-23,UPS,4.34
1285,1638,2025-08-14,2025-08-17,2025-08-15,USPS,15.87
1286,1640,2024-06-20,2024-06-23,2024-06-27,FedEx,5.62
1287,1642,2025-07-21,2025-07-24,2025-07-24,Local Courier,11.32
1288,1644,2024-12-10,2024-12-13,2024-12-14,USPS,18.08
1289,1645,2025-06-30,2025-07-03,2025-07-02,USPS,22.86
1290,1646,2025-02-04,2025-02-07,2025-02-09,USPS,20.64
1291,1647,2024-01-22,2024-01-25,2024-01-25,FedEx,4.38
1292,1648,2024-01-30,2024-02-02,2024-02-02,FedEx,15.51
1293,1650,2025-07-02,2025-07-05,2025-07-08,Local Courier,24.35
1294,1651,2025-08-14,2025-08-17,2025-08-18,USPS,22.69
1295,1652,2025-12-18,2025-12-21,2025-12-21,UPS,22.2
1296,1653,2025-06-15,2025-06-18,2025-06-18,USPS,9.88
1297,1654,2024-03-26,2024-03-29,2024-03-28,FedEx,19.3
1298,1655,2024-07-13,2024-07-16,2024-07-20,USPS,21.8
1299,1656,2024-02-23,2024-02-26,2024-02-24,Local Courier,17.47
1300,1657,2024-09-23,2024-09-26,2024-09-26,Local Courier,16.49
1301,1659,2024-05-21,2024-05-24,2024-05-22,FedEx,9.28
1302,1660,2025-05-16,2025-05-19,2025-05-19,Local Courier,6.59
1303,1661,2025-08-12,2025-08-15,2025-08-16,FedEx,14.12
1304,1663,2025-12-30,2026-01-02,2026-01-05,FedEx,10.03
1305,1664,2025-04-01,2025-04-04,2025-04-08,USPS,25.33
1306,1666,2025-11-26,2025-11-29,2025-11-28,Local Courier,18.05
1307,1667,2025-04-12,2025-04-15,2025-04-16,FedEx,11.23
1308,1668,2024-01-31,2024-02-03,2024-02-03,FedEx,13.31
1309,1670,2024-07-24,2024-07-27,2024-07-28,UPS,13.59
1310,1671,2025-11-07,2025-11-10,2025-11-16,FedEx,5.05
1311,1672,2025-03-31,2025-04-03,2025-04-04,FedEx,13.38
1312,1673,2024-06-22,2024-06-25,2024-06-23,Local Courier,10.09
1313,1674,2025-09-07,2025-09-10,2025-09-11,Local Courier,4.35
1314,1675,2024-09-04,2024-09-07,2024-09-08,FedEx,25.55
1315,1676,2025-12-07,2025-12-10,2025-12-12,FedEx,20.58
1316,1679,2025-05-27,2025-05-30,2025-05-28,Local Courier,11.39
1317,1680,2025-02-13,2025-02-16,2025-02-17,Local Courier,11.73
1318,1682,2024-09-21,2024-09-24,2024-09-27,FedEx,16.76
1319,1684,2024-09-29,2024-10-02,2024-10-02,FedEx,25.49
1320,1685,2024-07-26,2024-07-29,2024-07-28,USPS,22.91
1321,1687,2025-11-26,2025-11-29,2025-11-29,Local Courier,10.55
1322,1688,2025-05-05,2025-05-08,2025-05-09,Local Courier,25.47
1323,1689,2025-04-11,2025-04-14,2025-04-13,USPS,13.95
1324,1691,2025-10-19,2025-10-22,2025-10-27,Local Courier,21.1
1325,1693,2025-11-04,2025-11-07,2025-11-09,Local Courier,19.73
1326,1694,2025-09-16,2025-09-19,2025-09-17,USPS,7.23
1327,1695,2025-09-14,2025-09-17,2025-09-18,USPS,13.25
1328,1696,2025-12-04,2025-12-07,2025-12-05,FedEx,12.55
1329,1698,2025-09-26,2025-09-29,2025-09-30,USPS,9.67
1330,1699,2024-01-26,2024-01-29,2024-02-01,UPS,22.81
1331,1700,2024-08-05,2024-08-08,2024-08-09,UPS,20.45
1332,1701,2024-08-20,2024-08-23,2024-08-23,Local Courier,21.46
1333,1703,2025-02-19,2025-02-22,2025-02-22,UPS,5.06
1334,1704,2025-04-30,2025-05-03,2025-05-05,USPS,12.84
1335,1705,2024-01-14,2024-01-17,2024-01-19,USPS,17.11
1336,1706,2025-01-21,2025-01-24,2025-01-23,FedEx,4.97
1337,1707,2024-12-01,2024-12-04,2024-12-05,FedEx,7.51
1338,1708,2025-05-09,2025-05-12,2025-05-10,USPS,4.25
1339,1709,2025-03-01,2025-03-04,2025-03-05,Local Courier,6.49
1340,1711,2025-10-30,2025-11-02,2025-10-31,FedEx,13.18
1341,1712,2024-06-27,2024-06-30,2024-06-30,Local Courier,21.98
1342,1713,2025-02-23,2025-02-26,2025-02-26,USPS,6.89
1343,1715,2025-05-15,2025-05-18,2025-05-19,USPS,17.92
1344,1717,2025-12-22,2025-12-25,2025-12-24,UPS,7.72
1345,1718,2024-09-05,2024-09-08,2024-09-08,FedEx,12.26
1346,1719,2025-08-13,2025-08-16,2025-08-15,UPS,19.58
1347,1720,2024-05-27,2024-05-30,2024-05-28,FedEx,15.98
1348,1721,2025-05-03,2025-05-06,2025-05-06,FedEx,19.02
1349,1723,2024-05-07,2024-05-10,2024-05-09,USPS,19.72
1350,1724,2025-02-10,2025-02-13,2025-02-13,UPS,23.17
1351,1725,2025-12-08,2025-12-11,2025-12-11,Local Courier,21.13
1352,1726,2025-06-03,2025-06-06,2025-06-08,UPS,24.07
1353,1727,2024-06-13,2024-06-16,2024-06-17,UPS,23.59
1354,1728,2024-01-12,2024-01-15,2024-01-16,Local Courier,12.23
1355,1729,2024-05-07,2024-05-10,2024-05-09,FedEx,27.92
1356,1730,2024-11-06,2024-11-09,2024-11-08,FedEx,22.4
1357,1732,2025-08-16,2025-08-19,2025-08-19,USPS,7.64
1358,1733,2025-01-28,2025-01-31,2025-01-29,UPS,10.56
1359,1734,2025-07-12,2025-07-15,2025-07-14,Local Courier,16.22
1360,1735,2025-06-02,2025-06-05,2025-06-08,Local Courier,19.16
1361,1736,2025-09-07,2025-09-10,2025-09-08,Local Courier,24.4
1362,1737,2025-03-28,2025-03-31,2025-03-31,UPS,25.07
1363,1738,2024-12-22,2024-12-25,2024-12-29,USPS,22.05
1364,1739,2025-01-06,2025-01-09,2025-01-07,Local Courier,9.84
1365,1740,2025-11-16,2025-11-19,2025-11-19,UPS,5.55
1366,1741,2024-01-23,2024-01-26,2024-01-26,USPS,21.99
1367,1742,2024-12-16,2024-12-19,2024-12-22,FedEx,15.68
1368,1743,2025-05-10,2025-05-13,2025-05-11,USPS,21.93
1369,1744,2025-05-09,2025-05-12,2025-05-13,FedEx,14.53
1370,1745,2024-04-04,2024-04-07,2024-04-05,Local Courier,17.15
1371,1746,2024-03-09,2024-03-12,2024-03-12,UPS,15.27
1372,1747,2025-04-25,2025-04-28,2025-04-27,UPS,23.65
1373,1748,2025-07-27,2025-07-30,2025-07-28,USPS,9.08
1374,1749,2024-12-14,2024-12-17,2024-12-17,FedEx,26.22
1375,1750,2025-02-10,2025-02-13,2025-02-12,Local Courier,25.05
1376,1751,2024-01-16,2024-01-19,2024-01-21,UPS,21.96
1377,1753,2025-06-05,2025-06-08,2025-06-13,Local Courier,7.04
1378,1754,2025-06-10,2025-06-13,2025-06-14,USPS,25.83
1379,1755,2025-11-22,2025-11-25,2025-11-29,USPS,22.03
1380,1757,2024-05-30,2024-06-02,2024-06-02,USPS,16.23
1381,1758,2024-09-04,2024-09-07,2024-09-10,UPS,5.3
1382,1761,2024-04-19,2024-04-22,2024-04-20,FedEx,8.78
1383,1762,2025-01-21,2025-01-24,2025-01-23,Local Courier,17.37
1384,1763,2025-10-07,2025-10-10,2025-10-08,USPS,27.24
1385,1764,2025-06-20,2025-06-23,2025-06-24,Local Courier,20.22
1386,1765,2025-11-23,2025-11-26,2025-11-26,USPS,7.15
1387,1766,2024-07-10,2024-07-13,2024-07-15,UPS,27.05
1388,1767,2025-06-05,2025-06-08,2025-06-06,UPS,6.8
1389,1768,2025-08-03,2025-08-06,2025-08-08,USPS,8.15
1390,1769,2025-03-02,2025-03-05,2025-03-07,USPS,27.28
1391,1770,2025-01-15,2025-01-18,2025-01-18,UPS,19.29
1392,1772,2024-07-06,2024-07-09,2024-07-11,Local Courier,23.93
1393,1773,2024-01-05,2024-01-08,2024-01-07,USPS,8.09
1394,1774,2024-03-04,2024-03-07,2024-03-08,FedEx,23.2
1395,1775,2025-09-17,2025-09-20,2025-09-21,Local Courier,8.89
1396,1777,2025-06-19,2025-06-22,2025-06-21,Local Courier,7.1
1397,1778,2025-05-26,2025-05-29,2025-05-30,UPS,18.16
1398,1779,2025-03-25,2025-03-28,2025-03-28,USPS,8.14
1399,1780,2024-03-29,2024-04-01,2024-04-01,USPS,26.35
1400,1782,2024-10-29,2024-11-01,2024-11-04,Local Courier,26.71
1401,1783,2024-08-04,2024-08-07,2024-08-05,Local Courier,23.88
1402,1784,2024-02-06,2024-02-09,2024-02-10,FedEx,5.8
1403,1785,2024-10-05,2024-10-08,2024-10-07,FedEx,12.56
1404,1786,2025-03-06,2025-03-09,2025-03-07,USPS,15.31
1405,1788,2024-09-28,2024-10-01,2024-10-05,UPS,12.93
1406,1789,2025-07-21,2025-07-24,2025-07-26,USPS,20.98
1407,1790,2025-04-26,2025-04-29,2025-04-29,UPS,8.58
1408,1794,2025-02-25,2025-02-28,2025-02-27,UPS,13.91
1409,1795,2024-09-29,2024-10-02,2024-10-01,UPS,11.42
1410,1796,2025-01-04,2025-01-07,2025-01-07,Local Courier,21.94
1411,1798,2024-11-28,2024-12-01,2024-11-29,USPS,8.46
1412,1800,2025-01-27,2025-01-30,2025-02-02,UPS,20.0
1413,1802,2025-11-19,2025-11-22,2025-11-21,USPS,15.04
1414,1803,2025-05-13,2025-05-16,2025-05-16,FedEx,20.08
1415,1804,2025-08-16,2025-08-19,2025-08-21,FedEx,24.24
1416,1805,2025-02-20,2025-02-23,2025-02-25,Local Courier,5.75
1417,1807,2024-09-08,2024-09-11,2024-09-15,FedEx,24.52
1418,1809,2024-09-22,2024-09-25,2024-09-25,FedEx,5.12
1419,1810,2025-05-30,2025-06-02,2025-06-02,Local Courier,5.1
1420,1811,2025-11-21,2025-11-24,2025-11-23,FedEx,7.49
1421,1812,2024-09-14,2024-09-17,2024-09-17,FedEx,24.75
1422,1813,2025-12-28,2025-12-31,2026-01-03,FedEx,11.93
1423,1814,2024-12-03,2024-12-06,2024-12-06,FedEx,12.6
1424,1815,2025-04-09,2025-04-12,2025-04-11,Local Courier,4.66
1425,1816,2024-01-04,2024-01-07,2024-01-11,Local Courier,19.42
1426,1817,2024-05-03,2024-05-06,2024-05-05,UPS,11.9
1427,1818,2025-03-07,2025-03-10,2025-03-09,USPS,22.42
1428,1819,2024-07-09,2024-07-12,2024-07-13,Local Courier,14.71
1429,1821,2024-10-22,2024-10-25,2024-10-26,UPS,24.73
1430,1822,2024-08-13,2024-08-16,2024-08-17,USPS,22.4
1431,1823,2025-01-25,2025-01-28,2025-01-28,UPS,16.32
1432,1824,2024-04-21,2024-04-24,2024-04-22,Local Courier,8.98
1433,1826,2024-07-13,2024-07-16,2024-07-21,Local Courier,14.01
1434,1827,2024-09-23,2024-09-26,2024-09-28,UPS,27.16
1435,1828,2025-05-07,2025-05-10,2025-05-08,Local Courier,19.77
1436,1829,2025-06-25,2025-06-28,2025-06-28,Local Courier,25.79
1437,1831,2024-03-14,2024-03-17,2024-03-19,USPS,19.17
1438,1832,2024-09-10,2024-09-13,2024-09-13,UPS,7.28
1439,1833,2024-12-22,2024-12-25,2024-12-25,FedEx,10.45
1440,1836,2025-09-12,2025-09-15,2025-09-15,Local Courier,4.34
1441,1838,2024-11-24,2024-11-27,2024-11-30,UPS,13.53
1442,1839,2024-11-25,2024-11-28,2024-11-29,USPS,20.92
1443,1840,2025-10-28,2025-10-31,2025-10-31,USPS,23.09
1444,1842,2024-01-25,2024-01-28,2024-01-28,Local Courier,24.84
1445,1843,2025-10-25,2025-10-28,2025-10-28,UPS,17.24
1446,1845,2025-10-16,2025-10-19,2025-10-21,UPS,25.34
1447,1846,2024-06-15,2024-06-18,2024-06-16,USPS,17.3
1448,1848,2025-03-26,2025-03-29,2025-03-30,UPS,7.57
1449,1850,2024-07-07,2024-07-10,2024-07-10,UPS,12.27
1450,1851,2024-12-19,2024-12-22,2024-12-21,FedEx,14.46
1451,1852,2024-09-28,2024-10-01,2024-10-02,USPS,27.64
1452,1853,2024-10-26,2024-10-29,2024-11-02,UPS,20.2
1453,1854,2025-12-11,2025-12-14,2025-12-13,UPS,18.31
1454,1855,2024-03-02,2024-03-05,2024-03-05,FedEx,4.57
1455,1856,2024-05-06,2024-05-09,2024-05-09,FedEx,8.06
1456,1857,2024-02-21,2024-02-24,2024-02-24,USPS,19.69
1457,1858,2024-01-31,2024-02-03,2024-02-02,Local Courier,12.21
1458,1860,2024-07-04,2024-07-07,2024-07-09,FedEx,19.44
1459,1861,2025-04-25,2025-04-28,2025-04-26,Local Courier,15.63
1460,1862,2025-09-15,2025-09-18,2025-09-17,USPS,21.35
1461,1864,2025-01-05,2025-01-08,2025-01-08,UPS,5.96
1462,1865,2025-11-10,2025-11-13,2025-11-12,Local Courier,10.44
1463,1866,2024-10-02,2024-10-05,2024-10-09,FedEx,15.57
1464,1867,2025-01-19,2025-01-22,2025-01-21,UPS,11.9
1465,1868,2024-01-20,2024-01-23,2024-01-21,FedEx,15.12
1466,1869,2024-04-19,2024-04-22,2024-04-24,USPS,14.97
1467,1870,2024-05-26,2024-05-29,2024-05-30,USPS,12.74
1468,1871,2024-04-05,2024-04-08,2024-04-06,UPS,5.69
1469,1872,2024-02-07,2024-02-10,2024-02-14,UPS,24.91
1470,1873,2024-11-20,2024-11-23,2024-11-23,UPS,16.64
1471,1875,2025-05-31,2025-06-03,2025-06-01,FedEx,17.59
1472,1876,2025-06-16,2025-06-19,2025-06-21,USPS,9.78
1473,1877,2025-11-28,2025-12-01,2025-12-01,USPS,13.61
1474,1879,2024-07-26,2024-07-29,2024-07-30,FedEx,21.58
1475,1880,2025-06-01,2025-06-04,2025-06-06,Local Courier,25.84
1476,1882,2024-11-10,2024-11-13,2024-11-14,USPS,6.04
1477,1883,2024-02-11,2024-02-14,2024-02-12,FedEx,25.24
1478,1885,2025-03-28,2025-03-31,2025-04-01,USPS,22.83
1479,1886,2025-04-17,2025-04-20,2025-04-20,USPS,6.59
1480,1887,2025-08-23,2025-08-26,2025-08-27,USPS,16.16
1481,1888,2025-01-06,2025-01-09,2025-01-12,FedEx,24.73
1482,1889,2025-08-02,2025-08-05,2025-08-10,UPS,4.8
1483,1890,2025-04-27,2025-04-30,2025-04-29,UPS,4.03
1484,1891,2024-03-05,2024-03-08,2024-03-09,FedEx,13.36
1485,1892,2025-11-27,2025-11-30,2025-12-02,Local Courier,14.64
1486,1893,2024-10-03,2024-10-06,2024-10-04,USPS,25.7
1487,1894,2024-12-02,2024-12-05,2024-12-04,Local Courier,5.24
1488,1895,2025-07-11,2025-07-14,2025-07-15,Local Courier,14.05
1489,1896,2025-04-10,2025-04-13,2025-04-13,UPS,23.05
1490,1897,2025-11-22,2025-11-25,2025-11-26,FedEx,5.94
1491,1898,2024-03-04,2024-03-07,2024-03-07,FedEx,4.51
1492,1900,2025-04-10,2025-04-13,2025-04-13,Local Courier,11.0
1493,1902,2024-02-11,2024-02-14,2024-02-15,FedEx,4.42
1494,1903,2024-08-26,2024-08-29,2024-08-29,Local Courier,16.88
1495,1904,2024-09-22,2024-09-25,2024-09-28,USPS,19.93
1496,1905,2024-10-02,2024-10-05,2024-10-04,FedEx,11.38
1497,1906,2024-09-20,2024-09-23,2024-09-22,FedEx,16.45
1498,1907,2025-04-03,2025-04-06,2025-04-06,Local Courier,11.91
1499,1909,2025-06-28,2025-07-01,2025-07-01,USPS,22.4
1500,1910,2025-11-16,2025-11-19,2025-11-21,UPS,17.58
1501,1911,2025-06-16,2025-06-19,2025-06-20,USPS,16.12
1502,1912,2024-08-27,2024-08-30,2024-09-01,FedEx,23.11
1503,1913,2024-08-30,2024-09-02,2024-09-03,FedEx,8.17
1504,1914,2024-02-05,2024-02-08,2024-02-06,USPS,16.67
1505,1915,2024-10-19,2024-10-22,2024-10-22,FedEx,9.96
1506,1916,2024-11-07,2024-11-10,2024-11-09,USPS,4.66
1507,1917,2025-04-19,2025-04-22,2025-04-22,Local Courier,14.35
1508,1918,2024-02-16,2024-02-19,2024-02-19,FedEx,7.69
1509,1919,2025-06-08,2025-06-11,2025-06-10,Local Courier,12.11
1510,1921,2024-02-07,2024-02-10,2024-02-13,USPS,26.63
1511,1923,2024-07-15,2024-07-18,2024-07-16,FedEx,18.64
1512,1926,2025-02-05,2025-02-08,2025-02-07,USPS,22.03
1513,1927,2024-12-14,2024-12-17,2024-12-15,UPS,15.16
1514,1928,2025-03-29,2025-04-01,2025-03-30,USPS,21.51
1515,1930,2024-09-24,2024-09-27,2024-09-28,FedEx,19.13
1516,1932,2025-02-05,2025-02-08,2025-02-08,USPS,11.18
1517,1933,2024-07-28,2024-07-31,2024-08-01,FedEx,21.96
1518,1934,2024-08-29,2024-09-01,2024-08-30,Local Courier,19.69
1519,1935,2024-04-02,2024-04-05,2024-04-09,FedEx,13.79
1520,1936,2025-10-24,2025-10-27,2025-10-28,Local Courier,17.18
1521,1937,2024-03-19,2024-03-22,2024-03-20,Local Courier,10.55
1522,1938,2024-09-18,2024-09-21,2024-09-21,UPS,11.8
1523,1939,2024-03-22,2024-03-25,2024-03-24,UPS,17.68
1524,1941,2025-07-31,2025-08-03,2025-08-04,FedEx,18.64
1525,1942,2024-10-23,2024-10-26,2024-10-26,UPS,22.05
1526,1943,2025-12-28,2025-12-31,2026-01-01,USPS,22.68
1527,1944,2025-08-20,2025-08-23,2025-08-23,UPS,18.85
1528,1946,2024-11-12,2024-11-15,2024-11-17,UPS,9.67
1529,1947,2024-01-05,2024-01-08,2024-01-10,FedEx,7.58
1530,1949,2025-07-21,2025-07-24,2025-07-24,FedEx,12.99
1531,1950,2025-03-09,2025-03-12,2025-03-12,FedEx,24.73
1532,1951,2024-11-23,2024-11-26,2024-11-30,Local Courier,14.81
1533,1952,2025-05-07,2025-05-10,2025-05-10,FedEx,8.23
1534,1953,2024-05-21,2024-05-24,2024-05-24,USPS,14.67
1535,1954,2024-06-25,2024-06-28,2024-06-27,USPS,25.23
1536,1955,2025-03-20,2025-03-23,2025-03-24,USPS,24.62
1537,1956,2025-01-01,2025-01-04,2025-01-04,UPS,9.37
1538,1957,2025-07-17,2025-07-20,2025-07-21,FedEx,6.23
1539,1958,2024-02-26,2024-02-29,2024-03-02,UPS,21.34
1540,1960,2025-12-15,2025-12-18,2025-12-20,UPS,17.41
1541,1961,2024-09-07,2024-09-10,2024-09-09,Local Courier,27.64
1542,1963,2025-02-06,2025-02-09,2025-02-11,USPS,11.03
1543,1964,2024-08-15,2024-08-18,2024-08-20,USPS,11.27
1544,1968,2025-09-26,2025-09-29,2025-09-29,Local Courier,15.13
1545,1969,2025-03-23,2025-03-26,2025-03-26,USPS,12.99
1546,1971,2024-12-12,2024-12-15,2024-12-15,USPS,15.36
1547,1972,2024-10-13,2024-10-16,2024-10-17,Local Courier,10.06
1548,1973,2025-04-16,2025-04-19,2025-04-18,Local Courier,17.26
1549,1974,2025-11-27,2025-11-30,2025-12-01,Local Courier,15.73
1550,1975,2025-09-26,2025-09-29,2025-09-29,USPS,8.89
1551,1976,2024-03-08,2024-03-11,2024-03-10,USPS,6.95
1552,1978,2025-02-15,2025-02-18,2025-02-18,UPS,21.13
1553,1979,2025-05-22,2025-05-25,2025-05-25,USPS,27.48
1554,1980,2024-10-09,2024-10-12,2024-10-14,UPS,11.71
1555,1981,2025-06-10,2025-06-13,2025-06-13,FedEx,11.44
1556,1983,2024-02-01,2024-02-04,2024-02-08,UPS,13.72
1557,1984,2024-12-10,2024-12-13,2024-12-13,FedEx,8.95
1558,1985,2025-01-18,2025-01-21,2025-01-21,USPS,5.11
1559,1986,2025-08-17,2025-08-20,2025-08-20,Local Courier,22.36
1560,1987,2024-10-01,2024-10-04,2024-10-05,Local Courier,4.67
1561,1988,2024-12-26,2024-12-29,2024-12-30,Local Courier,10.54
1562,1989,2025-05-28,2025-05-31,2025-05-31,UPS,20.89
1563,1991,2025-06-05,2025-06-08,2025-06-08,Local Courier,15.27
1564,1992,2025-10-25,2025-10-28,2025-10-29,USPS,26.81
1565,1993,2024-10-13,2024-10-16,2024-10-18,UPS,27.53
1566,1996,2024-01-21,2024-01-24,2024-01-24,Local Courier,13.31
1567,1997,2024-02-17,2024-02-20,2024-02-18,FedEx,18.63
1568,1998,2025-06-14,2025-06-17,2025-06-16,USPS,8.88
1569,1999,2024-11-07,2024-11-10,2024-11-09,Local Courier,23.84
1570,2000,2025-09-14,2025-09-17,2025-09-15,UPS,13.57
1571,2001,2024-02-05,2024-02-08,2024-02-09,UPS,20.16
1572,2002,2024-06-13,2024-06-16,2024-06-16,UPS,15.13
1573,2003,2025-10-20,2025-10-23,2025-10-23,FedEx,27.78
1574,2005,2025-02-25,2025-02-28,2025-02-28,FedEx,15.46
1575,2006,2025-12-14,2025-12-17,2025-12-16,Local Courier,22.84
1576,2007,2024-11-12,2024-11-15,2024-11-14,UPS,23.95
1577,2008,2024-11-09,2024-11-12,2024-11-12,USPS,14.77
1578,2009,2024-11-06,2024-11-09,2024-11-08,UPS,23.33
1579,2010,2024-03-02,2024-03-05,2024-03-04,UPS,17.52
1580,2012,2025-07-28,2025-07-31,2025-07-30,Local Courier,22.4
1581,2014,2024-12-07,2024-12-10,2024-12-11,FedEx,21.97
1582,2015,2024-12-07,2024-12-10,2024-12-10,UPS,24.49
1583,2016,2025-12-17,2025-12-20,2025-12-18,USPS,27.64
1584,2017,2024-01-13,2024-01-16,2024-01-22,Local Courier,16.36
1585,2018,2024-06-05,2024-06-08,2024-06-07,FedEx,15.62
1586,2020,2025-08-04,2025-08-07,2025-08-06,UPS,22.52
1587,2022,2024-01-07,2024-01-10,2024-01-08,FedEx,5.89
1588,2023,2024-05-18,2024-05-21,2024-05-24,UPS,7.65
1589,2024,2024-10-22,2024-10-25,2024-10-25,Local Courier,19.97
1590,2025,2025-01-23,2025-01-26,2025-01-25,Local Courier,18.69
1591,2026,2025-08-06,2025-08-09,2025-08-08,Local Courier,15.79
1592,2027,2024-11-28,2024-12-01,2024-11-30,USPS,26.84
1593,2028,2025-03-19,2025-03-22,2025-03-27,UPS,18.8
1594,2031,2024-05-12,2024-05-15,2024-05-16,USPS,7.69
1595,2032,2025-12-14,2025-12-17,2025-12-21,UPS,14.27
1596,2033,2024-01-24,2024-01-27,2024-01-30,USPS,15.58
1597,2034,2024-03-17,2024-03-20,2024-03-19,Local Courier,12.22
1598,2035,2024-09-19,2024-09-22,2024-09-24,Local Courier,6.47
1599,2036,2024-09-21,2024-09-24,2024-09-23,Local Courier,13.13
1600,2038,2025-11-08,2025-11-11,2025-11-11,FedEx,16.0
1601,2039,2025-11-19,2025-11-22,2025-11-23,USPS,26.78
1602,2040,2025-08-14,2025-08-17,2025-08-17,Local Courier,21.3
1603,2042,2025-12-30,2026-01-02,2025-12-31,Local Courier,23.92
1604,2043,2025-04-19,2025-04-22,2025-04-20,UPS,24.14
1605,2044,2024-09-22,2024-09-25,2024-09-26,UPS,11.22
1606,2045,2024-04-18,2024-04-21,2024-04-19,UPS,9.57
1607,2046,2025-02-01,2025-02-04,2025-02-05,Local Courier,12.16
1608,2047,2024-02-25,2024-02-28,2024-02-29,USPS,20.92
1609,2048,2025-04-10,2025-04-13,2025-04-11,Local Courier,5.79
1610,2050,2025-07-14,2025-07-17,2025-07-21,FedEx,6.46
1611,2051,2024-04-15,2024-04-18,2024-04-17,FedEx,18.89
1612,2052,2025-11-15,2025-11-18,2025-11-17,Local Courier,13.11
1613,2053,2025-09-06,2025-09-09,2025-09-07,Local Courier,7.19
1614,2054,2024-07-03,2024-07-06,2024-07-11,Local Courier,18.37
1615,2055,2025-07-27,2025-07-30,2025-07-30,UPS,19.74
1616,2056,2024-10-16,2024-10-19,2024-10-21,Local Courier,23.35
1617,2057,2024-09-01,2024-09-04,2024-09-03,USPS,27.14
1618,2058,2024-02-24,2024-02-27,2024-02-28,FedEx,12.33
1619,2059,2025-12-11,2025-12-14,2025-12-13,USPS,6.77
1620,2060,2025-06-20,2025-06-23,2025-06-23,Local Courier,26.67
1621,2061,2025-06-11,2025-06-14,2025-06-18,FedEx,5.1
1622,2062,2025-10-13,2025-10-16,2025-10-15,Local Courier,23.86
1623,2063,2025-02-14,2025-02-17,2025-02-18,FedEx,20.53
1624,2064,2025-08-21,2025-08-24,2025-08-24,UPS,5.91
1625,2065,2024-12-01,2024-12-04,2024-12-02,FedEx,7.69
1626,2066,2024-08-12,2024-08-15,2024-08-14,UPS,24.67
1627,2067,2024-04-29,2024-05-02,2024-05-03,UPS,19.99
1628,2069,2025-03-13,2025-03-16,2025-03-18,USPS,20.33
1629,2070,2024-04-05,2024-04-08,2024-04-09,FedEx,13.34
1630,2071,2025-09-21,2025-09-24,2025-09-22,FedEx,15.47
1631,2072,2024-06-23,2024-06-26,2024-06-25,Local Courier,22.42
1632,2073,2024-09-19,2024-09-22,2024-09-23,Local Courier,12.31
1633,2075,2025-12-12,2025-12-15,2025-12-15,USPS,25.66
1634,2077,2024-08-25,2024-08-28,2024-09-02,UPS,14.82
1635,2078,2025-09-14,2025-09-17,2025-09-18,Local Courier,6.27
1636,2079,2025-08-21,2025-08-24,2025-08-23,UPS,9.09
1637,2080,2024-11-24,2024-11-27,2024-11-28,UPS,9.84
1638,2081,2025-07-22,2025-07-25,2025-07-30,FedEx,22.45
1639,2082,2025-08-12,2025-08-15,2025-08-14,USPS,11.13
1640,2083,2024-06-22,2024-06-25,2024-06-25,UPS,27.81
1641,2084,2025-06-26,2025-06-29,2025-06-27,Local Courier,16.49
1642,2085,2025-04-01,2025-04-04,2025-04-06,UPS,14.72
1643,2086,2024-11-18,2024-11-21,2024-11-23,USPS,22.57
1644,2087,2025-01-22,2025-01-25,2025-01-25,UPS,14.03
1645,2088,2025-12-24,2025-12-27,2025-12-28,Local Courier,7.31
1646,2089,2024-04-06,2024-04-09,2024-04-10,Local Courier,8.7
1647,2090,2025-02-18,2025-02-21,2025-02-23,FedEx,8.84
1648,2091,2025-08-18,2025-08-21,2025-08-22,Local Courier,9.09
1649,2092,2025-04-16,2025-04-19,2025-04-20,FedEx,19.79
1650,2095,2025-11-05,2025-11-08,2025-11-09,UPS,23.84
1651,2096,2025-07-28,2025-07-31,2025-08-01,FedEx,7.74
1652,2097,2025-07-24,2025-07-27,2025-07-28,UPS,27.06
1653,2099,2025-04-27,2025-04-30,2025-04-29,Local Courier,27.71
1654,2100,2025-09-18,2025-09-21,2025-09-21,FedEx,21.87
1655,2101,2025-02-21,2025-02-24,2025-02-25,UPS,26.9
1656,2102,2025-09-18,2025-09-21,2025-09-21,UPS,8.96
1657,2103,2024-12-13,2024-12-16,2024-12-15,UPS,27.18
1658,2104,2024-08-15,2024-08-18,2024-08-17,USPS,27.42
1659,2106,2025-03-11,2025-03-14,2025-03-14,FedEx,10.99
1660,2107,2025-09-10,2025-09-13,2025-09-16,UPS,6.81
1661,2108,2024-02-20,2024-02-23,2024-02-21,Local Courier,21.44
1662,2110,2024-07-17,2024-07-20,2024-07-21,UPS,9.07
1663,2111,2024-12-13,2024-12-16,2024-12-17,UPS,6.07
1664,2112,2024-09-18,2024-09-21,2024-09-20,USPS,23.37
1665,2113,2024-10-15,2024-10-18,2024-10-19,FedEx,7.77
1666,2114,2025-05-10,2025-05-13,2025-05-14,USPS,15.92
1667,2115,2025-02-23,2025-02-26,2025-03-04,FedEx,20.75
1668,2118,2025-11-26,2025-11-29,2025-11-29,UPS,5.62
1669,2119,2025-03-31,2025-04-03,2025-04-03,USPS,12.14
1670,2120,2024-10-25,2024-10-28,2024-10-29,Local Courier,19.46
1671,2121,2024-06-23,2024-06-26,2024-06-25,UPS,11.77
1672,2122,2025-04-10,2025-04-13,2025-04-14,USPS,5.73
1673,2123,2025-02-04,2025-02-07,2025-02-06,USPS,10.4
1674,2124,2024-02-01,2024-02-04,2024-02-04,FedEx,14.01
1675,2125,2024-01-28,2024-01-31,2024-02-01,Local Courier,12.44
1676,2127,2025-09-30,2025-10-03,2025-10-06,Local Courier,14.17
1677,2129,2024-05-03,2024-05-06,2024-05-06,FedEx,15.44
1678,2130,2025-12-20,2025-12-23,2025-12-25,FedEx,27.81
1679,2131,2025-12-22,2025-12-25,2025-12-23,FedEx,19.17
1680,2135,2025-08-29,2025-09-01,2025-09-02,USPS,8.24
1681,2136,2025-06-10,2025-06-13,2025-06-13,Local Courier,15.81
1682,2137,2024-06-12,2024-06-15,2024-06-15,UPS,21.89
1683,2138,2025-12-04,2025-12-07,2025-12-09,Local Courier,11.93
1684,2139,2025-08-06,2025-08-09,2025-08-10,UPS,13.53
1685,2140,2024-08-11,2024-08-14,2024-08-14,FedEx,16.33
1686,2142,2024-04-04,2024-04-07,2024-04-06,UPS,19.45
1687,2143,2025-05-16,2025-05-19,2025-05-19,UPS,12.89
1688,2145,2024-06-15,2024-06-18,2024-06-19,Local Courier,27.11
1689,2146,2024-06-24,2024-06-27,2024-06-28,UPS,8.71
1690,2147,2025-03-08,2025-03-11,2025-03-11,UPS,12.62
1691,2148,2025-06-06,2025-06-09,2025-06-10,USPS,15.46
1692,2149,2024-05-24,2024-05-27,2024-05-29,Local Courier,27.79
1693,2150,2025-07-02,2025-07-05,2025-07-05,FedEx,10.94
1694,2151,2024-09-09,2024-09-12,2024-09-15,FedEx,18.93
1695,2152,2025-11-14,2025-11-17,2025-11-23,Local Courier,7.44
1696,2153,2025-07-02,2025-07-05,2025-07-05,FedEx,14.27
1697,2154,2025-02-16,2025-02-19,2025-02-19,USPS,23.05
1698,2155,2024-01-25,2024-01-28,2024-01-28,FedEx,18.23
1699,2156,2025-12-03,2025-12-06,2025-12-05,FedEx,24.12
1700,2157,2025-09-29,2025-10-02,2025-10-06,FedEx,22.47
1701,2158,2024-12-11,2024-12-14,2024-12-13,UPS,19.65
1702,2159,2024-09-12,2024-09-15,2024-09-16,USPS,5.04
1703,2160,2024-05-09,2024-05-12,2024-05-12,FedEx,21.29
1704,2161,2024-03-20,2024-03-23,2024-03-22,UPS,19.64
1705,2163,2024-06-16,2024-06-19,2024-06-19,UPS,10.59
1706,2164,2025-03-01,2025-03-04,2025-03-04,Local Courier,27.68
1707,2165,2025-12-12,2025-12-15,2025-12-17,UPS,13.4
1708,2167,2024-08-14,2024-08-17,2024-08-18,FedEx,8.42
1709,2169,2024-12-26,2024-12-29,2024-12-27,USPS,5.11
1710,2171,2025-02-06,2025-02-09,2025-02-13,FedEx,24.4
1711,2172,2025-04-19,2025-04-22,2025-04-24,UPS,27.85
1712,2173,2025-04-01,2025-04-04,2025-04-05,Local Courier,26.58
1713,2174,2024-06-17,2024-06-20,2024-06-20,Local Courier,19.97
1714,2175,2025-08-15,2025-08-18,2025-08-17,Local Courier,27.25
1715,2176,2025-01-12,2025-01-15,2025-01-17,Local Courier,15.44
1716,2177,2025-07-03,2025-07-06,2025-07-06,USPS,20.93
1717,2178,2024-02-04,2024-02-07,2024-02-06,FedEx,4.09
1718,2179,2024-08-03,2024-08-06,2024-08-07,Local Courier,7.36
1719,2180,2025-05-02,2025-05-05,2025-05-04,USPS,11.34
1720,2181,2024-06-11,2024-06-14,2024-06-16,Local Courier,16.24
1721,2182,2024-12-24,2024-12-27,2024-12-26,UPS,7.45
1722,2183,2024-05-05,2024-05-08,2024-05-09,USPS,8.35
1723,2184,2025-01-31,2025-02-03,2025-02-04,Local Courier,21.52
1724,2185,2025-01-19,2025-01-22,2025-01-23,UPS,21.87
1725,2186,2024-03-15,2024-03-18,2024-03-22,Local Courier,18.1
1726,2187,2024-12-21,2024-12-24,2024-12-22,Local Courier,26.45
1727,2188,2025-01-27,2025-01-30,2025-01-29,FedEx,20.17
1728,2189,2024-11-19,2024-11-22,2024-11-21,Local Courier,19.43
1729,2190,2025-07-26,2025-07-29,2025-07-29,UPS,22.66
1730,2191,2025-12-20,2025-12-23,2025-12-23,UPS,7.84
1731,2192,2024-11-19,2024-11-22,2024-11-22,USPS,27.24
1732,2193,2024-09-02,2024-09-05,2024-09-08,UPS,25.5
1733,2195,2025-11-30,2025-12-03,2025-12-04,FedEx,9.0
1734,2196,2025-10-04,2025-10-07,2025-10-10,UPS,12.65
1735,2197,2025-01-15,2025-01-18,2025-01-17,UPS,21.73
1736,2198,2025-06-15,2025-06-18,2025-06-18,FedEx,4.85
1737,2199,2025-04-16,2025-04-19,2025-04-20,UPS,20.66
1738,2200,2025-08-06,2025-08-09,2025-08-07,UPS,20.04
1739,2201,2024-04-19,2024-04-22,2024-04-22,Local Courier,8.74
1740,2202,2025-01-24,2025-01-27,2025-01-27,UPS,8.22
1741,2203,2024-10-29,2024-11-01,2024-10-30,USPS,5.99
1742,2204,2025-06-09,2025-06-12,2025-06-11,USPS,13.7
1743,2205,2024-03-29,2024-04-01,2024-03-31,UPS,9.66
1744,2206,2025-03-07,2025-03-10,2025-03-11,USPS,21.39
1745,2208,2025-07-24,2025-07-27,2025-07-26,Local Courier,15.38
1746,2209,2024-11-08,2024-11-11,2024-11-14,FedEx,27.13
1747,2212,2025-06-07,2025-06-10,2025-06-08,USPS,11.41
1748,2214,2025-11-25,2025-11-28,2025-12-01,USPS,18.63
1749,2215,2024-12-12,2024-12-15,2024-12-16,UPS,22.54
1750,2217,2024-04-08,2024-04-11,2024-04-17,FedEx,27.38
1751,2218,2024-12-29,2025-01-01,2025-01-01,Local Courier,13.6
1752,2219,2025-07-30,2025-08-02,2025-08-01,FedEx,7.12
1753,2220,2024-06-07,2024-06-10,2024-06-10,FedEx,4.36
1754,2221,2024-05-07,2024-05-10,2024-05-10,USPS,21.89
1755,2222,2024-01-30,2024-02-02,2024-02-03,UPS,4.25
1756,2223,2024-12-26,2024-12-29,2024-12-31,FedEx,17.39
1757,2228,2025-01-13,2025-01-16,2025-01-19,Local Courier,9.46
1758,2230,2025-12-15,2025-12-18,2025-12-17,UPS,20.19
1759,2231,2025-02-24,2025-02-27,2025-02-26,USPS,18.72
1760,2232,2025-02-01,2025-02-04,2025-02-04,FedEx,8.7
1761,2233,2025-09-22,2025-09-25,2025-09-26,Local Courier,14.93
1762,2234,2025-04-11,2025-04-14,2025-04-13,FedEx,21.17
1763,2235,2024-06-28,2024-07-01,2024-06-29,Local Courier,26.94
1764,2236,2025-11-28,2025-12-01,2025-12-02,USPS,15.74
1765,2237,2024-03-31,2024-04-03,2024-04-06,UPS,12.05
1766,2238,2025-10-25,2025-10-28,2025-10-27,UPS,4.2
1767,2239,2025-10-31,2025-11-03,2025-11-04,UPS,16.58
1768,2241,2024-05-20,2024-05-23,2024-05-24,USPS,17.95
1769,2242,2024-10-14,2024-10-17,2024-10-22,UPS,18.21
1770,2243,2025-10-28,2025-10-31,2025-10-29,Local Courier,16.61
1771,2244,2024-03-23,2024-03-26,2024-03-25,Local Courier,8.3
1772,2245,2025-04-12,2025-04-15,2025-04-13,FedEx,5.22
1773,2246,2024-10-04,2024-10-07,2024-10-06,Local Courier,7.59
1774,2247,2024-04-19,2024-04-22,2024-04-22,FedEx,10.29
1775,2248,2024-07-13,2024-07-16,2024-07-17,Local Courier,5.55
1776,2249,2025-04-14,2025-04-17,2025-04-16,USPS,23.64
1777,2250,2025-11-29,2025-12-02,2025-12-03,FedEx,6.73
1778,2251,2024-07-25,2024-07-28,2024-07-28,Local Courier,7.71
1779,2252,2024-12-03,2024-12-06,2024-12-06,UPS,10.2
1780,2253,2025-07-09,2025-07-12,2025-07-13,UPS,19.88
1781,2254,2024-12-22,2024-12-25,2024-12-24,USPS,4.32
1782,2256,2025-07-10,2025-07-13,2025-07-14,Local Courier,27.57
1783,2258,2024-04-21,2024-04-24,2024-04-24,Local Courier,11.39
1784,2259,2025-02-20,2025-02-23,2025-02-23,Local Courier,15.15
1785,2260,2025-10-17,2025-10-20,2025-10-21,USPS,7.59
1786,2263,2025-11-06,2025-11-09,2025-11-10,FedEx,10.68
1787,2264,2025-08-24,2025-08-27,2025-08-29,UPS,10.27
1788,2265,2024-07-05,2024-07-08,2024-07-07,USPS,24.56
1789,2266,2024-02-07,2024-02-10,2024-02-11,UPS,23.15
1790,2268,2024-02-27,2024-03-01,2024-03-06,Local Courier,21.99
1791,2269,2024-03-04,2024-03-07,2024-03-07,UPS,18.14
1792,2270,2024-02-17,2024-02-20,2024-02-23,USPS,16.84
1793,2271,2024-06-24,2024-06-27,2024-06-28,UPS,14.3
1794,2272,2024-09-18,2024-09-21,2024-09-22,Local Courier,19.69
1795,2273,2025-06-19,2025-06-22,2025-06-22,FedEx,27.03
1796,2274,2025-02-02,2025-02-05,2025-02-05,FedEx,12.3
1797,2275,2024-09-30,2024-10-03,2024-10-02,UPS,5.02
1798,2276,2024-02-05,2024-02-08,2024-02-07,Local Courier,26.91
1799,2277,2024-03-18,2024-03-21,2024-03-23,Local Courier,21.26
1800,2278,2025-06-22,2025-06-25,2025-06-23,Local Courier,12.41
1801,2279,2025-04-21,2025-04-24,2025-04-27,FedEx,26.16
1802,2280,2024-09-05,2024-09-08,2024-09-12,Local Courier,15.72
1803,2281,2025-11-19,2025-11-22,2025-11-21,FedEx,27.78
1804,2282,2024-05-18,2024-05-21,2024-05-24,FedEx,17.94
1805,2283,2024-04-26,2024-04-29,2024-04-27,USPS,27.14
1806,2285,2025-04-29,2025-05-02,2025-04-30,FedEx,19.34
1807,2286,2024-03-03,2024-03-06,2024-03-09,USPS,26.9
1808,2287,2024-05-27,2024-05-30,2024-05-31,USPS,9.56
1809,2288,2024-11-27,2024-11-30,2024-12-03,Local Courier,11.42
1810,2289,2024-12-26,2024-12-29,2024-12-28,FedEx,23.82
1811,2291,2025-03-31,2025-04-03,2025-04-07,USPS,16.56
1812,2292,2025-09-03,2025-09-06,2025-09-05,UPS,13.35
1813,2294,2024-11-30,2024-12-03,2024-12-01,UPS,12.82
1814,2295,2024-10-13,2024-10-16,2024-10-16,Local Courier,21.98
1815,2296,2025-06-09,2025-06-12,2025-06-12,FedEx,19.93
1816,2297,2024-02-10,2024-02-13,2024-02-15,UPS,20.75
1817,2298,2025-09-02,2025-09-05,2025-09-07,Local Courier,21.48
1818,2299,2025-11-27,2025-11-30,2025-11-29,UPS,5.78
1819,2300,2025-08-26,2025-08-29,2025-09-01,USPS,13.45
1820,2303,2024-11-26,2024-11-29,2024-12-01,Local Courier,21.38
1821,2304,2025-12-16,2025-12-19,2025-12-20,FedEx,26.77
1822,2305,2024-01-31,2024-02-03,2024-02-03,FedEx,5.71
1823,2306,2025-08-20,2025-08-23,2025-08-25,FedEx,20.74
1824,2307,2024-02-24,2024-02-27,2024-02-28,USPS,25.65
1825,2308,2024-02-18,2024-02-21,2024-02-20,UPS,4.5
1826,2309,2024-03-02,2024-03-05,2024-03-05,USPS,20.98
1827,2310,2025-05-03,2025-05-06,2025-05-07,UPS,16.73
1828,2311,2024-03-17,2024-03-20,2024-03-20,Local Courier,23.78
1829,2313,2024-11-26,2024-11-29,2024-11-29,FedEx,16.26
1830,2314,2024-02-27,2024-03-01,2024-03-03,UPS,24.81
1831,2315,2025-11-12,2025-11-15,2025-11-17,UPS,23.02
1832,2317,2024-11-24,2024-11-27,2024-11-27,Local Courier,14.74
1833,2319,2025-03-01,2025-03-04,2025-03-02,FedEx,7.99
1834,2320,2024-11-08,2024-11-11,2024-11-10,Local Courier,7.65
1835,2321,2025-01-25,2025-01-28,2025-01-28,Local Courier,20.51
1836,2325,2024-05-19,2024-05-22,2024-05-23,UPS,8.99
1837,2326,2025-01-07,2025-01-10,2025-01-10,UPS,9.78
1838,2328,2025-03-10,2025-03-13,2025-03-12,UPS,4.68
1839,2329,2025-08-09,2025-08-12,2025-08-13,FedEx,14.99
1840,2330,2025-05-14,2025-05-17,2025-05-20,Local Courier,5.66
1841,2331,2024-04-08,2024-04-11,2024-04-12,FedEx,11.24
1842,2332,2024-10-07,2024-10-10,2024-10-12,UPS,13.03
1843,2334,2024-08-23,2024-08-26,2024-08-28,UPS,19.8
1844,2335,2024-09-23,2024-09-26,2024-09-27,USPS,27.23
1845,2336,2025-01-24,2025-01-27,2025-01-25,UPS,24.23
1846,2337,2025-11-13,2025-11-16,2025-11-14,Local Courier,16.29
1847,2338,2025-06-02,2025-06-05,2025-06-07,Local Courier,16.07
1848,2339,2025-10-21,2025-10-24,2025-10-22,Local Courier,24.42
1849,2341,2024-10-30,2024-11-02,2024-10-31,FedEx,6.34
1850,2342,2025-04-21,2025-04-24,2025-04-23,USPS,10.98
1851,2344,2024-07-29,2024-08-01,2024-08-01,UPS,10.7
1852,2345,2025-01-01,2025-01-04,2025-01-04,UPS,24.55
1853,2346,2025-12-17,2025-12-20,2025-12-20,UPS,11.7
1854,2347,2024-06-22,2024-06-25,2024-06-26,FedEx,11.81
1855,2348,2024-10-10,2024-10-13,2024-10-11,Local Courier,16.73
1856,2349,2024-06-03,2024-06-06,2024-06-04,UPS,13.93
1857,2350,2024-03-31,2024-04-03,2024-04-07,USPS,27.0
1858,2351,2025-11-26,2025-11-29,2025-11-28,Local Courier,17.62
1859,2352,2024-04-20,2024-04-23,2024-04-22,FedEx,8.51
1860,2353,2024-08-24,2024-08-27,2024-08-28,FedEx,24.88
1861,2354,2025-09-12,2025-09-15,2025-09-13,Local Courier,21.34
1862,2355,2025-10-10,2025-10-13,2025-10-13,USPS,9.41
1863,2356,2025-08-20,2025-08-23,2025-08-26,USPS,21.04
1864,2357,2024-11-28,2024-12-01,2024-12-02,UPS,8.13
1865,2358,2024-10-07,2024-10-10,2024-10-11,Local Courier,24.75
1866,2359,2025-05-01,2025-05-04,2025-05-03,UPS,15.99
1867,2360,2024-09-14,2024-09-17,2024-09-19,Local Courier,16.98
1868,2361,2024-11-19,2024-11-22,2024-11-22,FedEx,5.47
1869,2362,2024-09-22,2024-09-25,2024-09-23,Local Courier,4.33
1870,2364,2024-09-23,2024-09-26,2024-09-26,Local Courier,18.79
1871,2365,2024-01-18,2024-01-21,2024-01-21,Local Courier,19.15
1872,2366,2024-04-27,2024-04-30,2024-04-28,Local Courier,8.75
1873,2367,2025-10-28,2025-10-31,2025-11-02,UPS,9.91
1874,2368,2025-01-20,2025-01-23,2025-01-22,FedEx,15.85
1875,2369,2026-01-01,2026-01-04,2026-01-05,FedEx,8.17
1876,2371,2024-03-01,2024-03-04,2024-03-05,USPS,7.96
1877,2372,2025-10-21,2025-10-24,2025-10-24,Local Courier,17.4
1878,2373,2025-12-07,2025-12-10,2025-12-08,FedEx,6.14
1879,2374,2025-08-05,2025-08-08,2025-08-07,Local Courier,22.53
1880,2375,2024-05-02,2024-05-05,2024-05-04,USPS,18.05
1881,2376,2024-06-11,2024-06-14,2024-06-12,UPS,9.17
1882,2377,2024-01-22,2024-01-25,2024-01-28,FedEx,16.0
1883,2378,2024-09-29,2024-10-02,2024-10-04,UPS,20.36
1884,2381,2025-07-24,2025-07-27,2025-07-27,UPS,5.56
1885,2383,2024-01-09,2024-01-12,2024-01-11,Local Courier,18.49
1886,2384,2025-07-21,2025-07-24,2025-07-28,USPS,13.1
1887,2386,2025-08-31,2025-09-03,2025-09-03,UPS,27.33
1888,2388,2024-06-24,2024-06-27,2024-06-27,FedEx,9.88
1889,2389,2024-01-29,2024-02-01,2024-02-02,Local Courier,19.52
1890,2390,2025-10-17,2025-10-20,2025-10-18,USPS,25.49
1891,2391,2025-05-27,2025-05-30,2025-05-28,Local Courier,8.06
1892,2392,2024-06-28,2024-07-01,2024-07-05,FedEx,4.89
1893,2393,2024-10-18,2024-10-21,2024-10-24,UPS,13.79
1894,2395,2024-04-15,2024-04-18,2024-04-16,USPS,25.97
1895,2396,2024-09-22,2024-09-25,2024-09-26,UPS,10.8
1896,2397,2024-09-28,2024-10-01,2024-09-30,FedEx,26.95
1897,2398,2024-03-24,2024-03-27,2024-03-30,UPS,9.9
1898,2399,2024-07-16,2024-07-19,2024-07-18,FedEx,26.08
1899,2400,2025-08-20,2025-08-23,2025-08-21,UPS,24.96
1900,2401,2025-06-07,2025-06-10,2025-06-10,FedEx,7.03
1901,2402,2024-05-01,2024-05-04,2024-05-02,UPS,12.72
1902,2403,2024-09-28,2024-10-01,2024-09-29,FedEx,26.66
1903,2405,2025-10-06,2025-10-09,2025-10-14,UPS,22.32
1904,2406,2025-12-06,2025-12-09,2025-12-08,USPS,15.77
1905,2407,2025-11-25,2025-11-28,2025-11-27,UPS,26.45
1906,2409,2025-11-11,2025-11-14,2025-11-13,FedEx,19.26
1907,2410,2024-07-04,2024-07-07,2024-07-06,UPS,26.89
1908,2412,2025-06-28,2025-07-01,2025-06-29,Local Courier,16.49
1909,2413,2024-02-22,2024-02-25,2024-02-26,USPS,11.47
1910,2414,2024-07-15,2024-07-18,2024-07-18,Local Courier,8.77
1911,2416,2025-01-21,2025-01-24,2025-01-25,UPS,10.59
1912,2417,2024-09-25,2024-09-28,2024-09-29,UPS,13.31
1913,2419,2024-12-18,2024-12-21,2024-12-19,FedEx,19.9
1914,2420,2025-01-07,2025-01-10,2025-01-09,USPS,15.07
1915,2421,2025-03-10,2025-03-13,2025-03-13,UPS,10.01
1916,2422,2025-12-06,2025-12-09,2025-12-10,FedEx,11.58
1917,2424,2024-08-21,2024-08-24,2024-08-22,Local Courier,6.12
1918,2425,2024-01-16,2024-01-19,2024-01-18,Local Courier,10.68
1919,2426,2025-02-04,2025-02-07,2025-02-10,UPS,25.65
1920,2427,2024-05-15,2024-05-18,2024-05-17,UPS,8.53
1921,2428,2024-03-03,2024-03-06,2024-03-10,Local Courier,16.28
1922,2430,2025-05-18,2025-05-21,2025-05-20,USPS,18.05
1923,2431,2025-09-08,2025-09-11,2025-09-10,UPS,27.82
1924,2432,2024-02-27,2024-03-01,2024-03-01,Local Courier,27.34
1925,2433,2024-07-07,2024-07-10,2024-07-13,USPS,16.41
1926,2434,2025-05-24,2025-05-27,2025-05-28,UPS,17.78
1927,2435,2024-05-04,2024-05-07,2024-05-10,FedEx,10.32
1928,2437,2025-07-30,2025-08-02,2025-08-03,UPS,4.76
1929,2438,2025-08-21,2025-08-24,2025-08-22,UPS,6.91
1930,2439,2025-06-22,2025-06-25,2025-06-28,UPS,14.93
1931,2440,2025-06-25,2025-06-28,2025-06-27,UPS,7.83
1932,2441,2025-05-28,2025-05-31,2025-05-31,Local Courier,26.92
1933,2442,2024-02-10,2024-02-13,2024-02-14,UPS,7.6
1934,2444,2024-11-16,2024-11-19,2024-11-20,UPS,24.97
1935,2446,2025-04-23,2025-04-26,2025-04-25,Local Courier,24.86
1936,2447,2025-03-21,2025-03-24,2025-03-22,USPS,6.93
1937,2448,2026-01-02,2026-01-05,2026-01-05,UPS,20.44
1938,2449,2024-03-07,2024-03-10,2024-03-09,UPS,17.51
1939,2451,2025-05-25,2025-05-28,2025-05-28,FedEx,19.91
1940,2453,2025-09-22,2025-09-25,2025-09-25,FedEx,13.88
1941,2456,2025-03-02,2025-03-05,2025-03-05,Local Courier,27.28
1942,2457,2024-09-29,2024-10-02,2024-10-03,Local Courier,22.95
1943,2458,2024-04-15,2024-04-18,2024-04-21,USPS,18.32
1944,2459,2024-09-23,2024-09-26,2024-09-30,UPS,4.38
1945,2460,2025-02-19,2025-02-22,2025-02-23,Local Courier,27.94
1946,2462,2024-09-13,2024-09-16,2024-09-17,UPS,19.94
1947,2463,2024-10-13,2024-10-16,2024-10-15,UPS,6.11
1948,2464,2024-08-29,2024-09-01,2024-09-02,UPS,4.34
1949,2465,2024-07-24,2024-07-27,2024-07-27,FedEx,13.73
1950,2466,2025-02-06,2025-02-09,2025-02-07,FedEx,14.87
1951,2467,2025-01-07,2025-01-10,2025-01-09,UPS,24.57
1952,2468,2025-12-17,2025-12-20,2025-12-20,Local Courier,8.77
1953,2469,2025-01-04,2025-01-07,2025-01-07,FedEx,7.39
1954,2471,2025-01-07,2025-01-10,2025-01-10,UPS,7.37
1955,2472,2025-02-05,2025-02-08,2025-02-08,FedEx,12.73
1956,2473,2025-11-17,2025-11-20,2025-11-20,UPS,4.61
1957,2474,2025-02-15,2025-02-18,2025-02-20,USPS,16.01
1958,2475,2025-05-22,2025-05-25,2025-05-24,Local Courier,24.46
1959,2476,2025-03-21,2025-03-24,2025-03-25,Local Courier,5.11
1960,2478,2025-09-05,2025-09-08,2025-09-11,UPS,23.43
1961,2479,2024-08-07,2024-08-10,2024-08-11,Local Courier,20.96
1962,2480,2024-11-20,2024-11-23,2024-11-26,Local Courier,10.83
1963,2481,2025-10-11,2025-10-14,2025-10-12,Local Courier,14.7
1964,2483,2025-02-03,2025-02-06,2025-02-07,Local Courier,11.86
1965,2484,2025-08-22,2025-08-25,2025-08-25,UPS,20.37
1966,2485,2025-03-08,2025-03-11,2025-03-14,Local Courier,6.42
1967,2487,2024-03-30,2024-04-02,2024-04-04,USPS,19.07
1968,2488,2024-12-22,2024-12-25,2024-12-24,Local Courier,19.92
1969,2489,2025-01-16,2025-01-19,2025-01-17,FedEx,18.62
1970,2490,2024-08-03,2024-08-06,2024-08-04,USPS,9.22
1971,2491,2024-07-04,2024-07-07,2024-07-08,UPS,22.89
1972,2492,2024-06-02,2024-06-05,2024-06-05,UPS,4.44
1973,2493,2025-02-17,2025-02-20,2025-02-20,UPS,21.6
1974,2494,2024-12-18,2024-12-21,2024-12-22,Local Courier,18.88
1975,2495,2025-05-07,2025-05-10,2025-05-14,UPS,20.78
1976,2496,2025-07-05,2025-07-08,2025-07-07,FedEx,20.45
1977,2497,2024-12-02,2024-12-05,2024-12-04,UPS,12.0
1978,2498,2025-08-13,2025-08-16,2025-08-15,USPS,10.54
1979,2499,2025-09-05,2025-09-08,2025-09-09,USPS,25.54
1980,2500,2024-12-24,2024-12-27,2024-12-29,FedEx,14.07
1981,2501,2025-04-29,2025-05-02,2025-05-01,UPS,13.5
1982,2502,2024-12-24,2024-12-27,2024-12-29,Local Courier,21.29
1983,2503,2024-05-29,2024-06-01,2024-06-02,UPS,6.07
1984,2504,2024-07-12,2024-07-15,2024-07-15,UPS,5.7
1985,2505,2025-02-11,2025-02-14,2025-02-13,Local Courier,19.15
1986,2507,2024-07-14,2024-07-17,2024-07-17,FedEx,10.6
1987,2508,2025-11-13,2025-11-16,2025-11-17,UPS,26.68
1988,2509,2025-07-09,2025-07-12,2025-07-11,Local Courier,7.8
1989,2510,2025-09-09,2025-09-12,2025-09-10,FedEx,21.06
1990,2511,2024-12-09,2024-12-12,2024-12-16,Local Courier,11.63
1991,2512,2024-09-08,2024-09-11,2024-09-11,UPS,13.18
1992,2513,2025-12-21,2025-12-24,2025-12-26,Local Courier,15.41
1993,2514,2024-01-21,2024-01-24,2024-01-26,FedEx,22.53
1994,2515,2025-04-25,2025-04-28,2025-04-30,FedEx,20.44
1995,2516,2024-02-04,2024-02-07,2024-02-07,Local Courier,9.51
1996,2517,2024-03-17,2024-03-20,2024-03-19,Local Courier,4.44
1997,2518,2025-04-18,2025-04-21,2025-04-21,FedEx,22.97
1998,2519,2025-01-03,2025-01-06,2025-01-08,USPS,19.99
1999,2520,2024-07-11,2024-07-14,2024-07-13,UPS,26.92
2000,2521,2025-03-11,2025-03-14,2025-03-12,USPS,23.49
2001,2522,2025-07-11,2025-07-14,2025-07-13,FedEx,13.67
2002,2525,2025-12-10,2025-12-13,2025-12-14,USPS,10.61
2003,2526,2024-08-18,2024-08-21,2024-08-19,Local Courier,14.96
2004,2529,2025-07-05,2025-07-08,2025-07-08,USPS,5.99
2005,2530,2025-04-04,2025-04-07,2025-04-07,Local Courier,17.46
2006,2531,2024-10-17,2024-10-20,2024-10-22,UPS,17.26
2007,2533,2025-05-07,2025-05-10,2025-05-12,USPS,26.39
2008,2534,2024-05-27,2024-05-30,2024-05-30,UPS,13.71
2009,2535,2024-09-23,2024-09-26,2024-09-30,USPS,24.96
2010,2537,2024-06-18,2024-06-21,2024-06-22,Local Courier,7.79
2011,2538,2025-08-24,2025-08-27,2025-08-30,FedEx,19.25
2012,2539,2025-02-10,2025-02-13,2025-02-15,FedEx,24.19
2013,2540,2024-08-08,2024-08-11,2024-08-09,USPS,24.03
2014,2541,2024-09-18,2024-09-21,2024-09-19,Local Courier,16.72
2015,2544,2024-08-16,2024-08-19,2024-08-18,FedEx,23.42
2016,2545,2024-05-10,2024-05-13,2024-05-14,UPS,19.99
2017,2546,2025-05-18,2025-05-21,2025-05-21,UPS,24.61
2018,2548,2025-06-26,2025-06-29,2025-06-28,USPS,17.64
2019,2549,2025-09-27,2025-09-30,2025-10-01,USPS,4.49
2020,2550,2024-12-27,2024-12-30,2024-12-30,UPS,13.33
2021,2551,2024-08-12,2024-08-15,2024-08-15,FedEx,9.51
2022,2553,2025-11-21,2025-11-24,2025-11-22,USPS,11.97
2023,2554,2024-10-03,2024-10-06,2024-10-04,FedEx,13.68
2024,2555,2025-01-06,2025-01-09,2025-01-10,USPS,12.89
2025,2556,2025-05-29,2025-06-01,2025-06-01,UPS,7.27
2026,2558,2024-04-07,2024-04-10,2024-04-10,UPS,7.04
2027,2560,2024-05-04,2024-05-07,2024-05-11,USPS,4.45
2028,2561,2025-01-19,2025-01-22,2025-01-21,Local Courier,12.21
2029,2562,2024-07-22,2024-07-25,2024-07-24,Local Courier,24.95
2030,2563,2025-02-07,2025-02-10,2025-02-08,Local Courier,26.09
2031,2564,2025-08-25,2025-08-28,2025-08-29,UPS,7.63
2032,2565,2025-08-14,2025-08-17,2025-08-20,FedEx,24.13
2033,2566,2024-12-02,2024-12-05,2024-12-03,UPS,17.79
2034,2567,2024-06-26,2024-06-29,2024-06-30,USPS,23.98
2035,2568,2024-08-29,2024-09-01,2024-09-02,USPS,10.44
2036,2569,2024-03-26,2024-03-29,2024-03-31,USPS,26.66
2037,2570,2024-07-08,2024-07-11,2024-07-10,USPS,6.17
2038,2572,2024-04-20,2024-04-23,2024-04-27,Local Courier,7.39
2039,2573,2024-03-12,2024-03-15,2024-03-15,FedEx,4.05
2040,2574,2025-11-20,2025-11-23,2025-11-25,USPS,4.15
2041,2575,2025-09-04,2025-09-07,2025-09-07,UPS,27.32
2042,2578,2025-02-02,2025-02-05,2025-02-04,FedEx,6.06
2043,2579,2024-07-02,2024-07-05,2024-07-09,Local Courier,6.12
2044,2581,2024-12-31,2025-01-03,2025-01-03,USPS,26.68
2045,2582,2025-09-01,2025-09-04,2025-09-03,FedEx,8.5
2046,2583,2024-04-30,2024-05-03,2024-05-03,UPS,13.35
2047,2584,2024-07-27,2024-07-30,2024-07-31,UPS,5.07
2048,2587,2025-07-16,2025-07-19,2025-07-20,USPS,23.77
2049,2588,2024-12-15,2024-12-18,2024-12-19,UPS,20.93
2050,2589,2024-06-12,2024-06-15,2024-06-17,FedEx,22.17
2051,2590,2025-04-27,2025-04-30,2025-05-03,UPS,6.74
2052,2591,2025-12-07,2025-12-10,2025-12-09,USPS,7.04
2053,2592,2025-01-11,2025-01-14,2025-01-15,FedEx,4.06
2054,2594,2024-11-21,2024-11-24,2024-11-23,UPS,11.05
2055,2595,2024-06-16,2024-06-19,2024-06-25,USPS,19.58
2056,2597,2025-06-01,2025-06-04,2025-06-02,USPS,4.93
2057,2599,2024-05-26,2024-05-29,2024-05-31,USPS,19.21
2058,2600,2024-10-31,2024-11-03,2024-11-02,Local Courier,24.53
2059,2602,2025-03-08,2025-03-11,2025-03-11,Local Courier,24.86
2060,2603,2024-09-23,2024-09-26,2024-09-27,FedEx,19.02
2061,2604,2025-09-09,2025-09-12,2025-09-13,Local Courier,20.1
2062,2606,2024-07-24,2024-07-27,2024-07-30,FedEx,14.94
2063,2607,2024-02-27,2024-03-01,2024-03-02,Local Courier,15.29
2064,2608,2024-04-28,2024-05-01,2024-04-29,UPS,4.64
2065,2609,2024-05-19,2024-05-22,2024-05-20,UPS,25.47
2066,2610,2025-03-10,2025-03-13,2025-03-16,USPS,7.11
2067,2611,2024-01-22,2024-01-25,2024-01-25,FedEx,12.64
2068,2612,2024-09-19,2024-09-22,2024-09-22,Local Courier,8.18
2069,2613,2024-09-30,2024-10-03,2024-10-02,USPS,4.07
2070,2614,2025-07-23,2025-07-26,2025-07-27,UPS,15.96
2071,2615,2025-05-21,2025-05-24,2025-05-27,FedEx,4.86
2072,2616,2025-03-06,2025-03-09,2025-03-08,USPS,22.43
2073,2617,2025-06-16,2025-06-19,2025-06-21,USPS,13.63
2074,2618,2025-08-27,2025-08-30,2025-09-01,FedEx,9.04
2075,2620,2024-06-25,2024-06-28,2024-06-27,USPS,21.94
2076,2621,2025-07-11,2025-07-14,2025-07-13,UPS,25.73
2077,2622,2024-01-11,2024-01-14,2024-01-14,FedEx,16.32
2078,2623,2025-07-29,2025-08-01,2025-08-01,FedEx,19.14
2079,2624,2025-06-11,2025-06-14,2025-06-19,USPS,4.1
2080,2625,2024-11-18,2024-11-21,2024-11-22,UPS,17.83
2081,2626,2024-01-30,2024-02-02,2024-02-05,FedEx,23.25
2082,2627,2025-08-14,2025-08-17,2025-08-16,FedEx,20.17
2083,2628,2025-08-03,2025-08-06,2025-08-04,FedEx,17.13
2084,2630,2024-03-01,2024-03-04,2024-03-05,FedEx,8.77
2085,2632,2024-05-20,2024-05-23,2024-05-26,UPS,12.29
2086,2633,2025-03-23,2025-03-26,2025-03-27,FedEx,27.13
2087,2634,2025-08-06,2025-08-09,2025-08-07,Local Courier,17.18
2088,2635,2024-02-08,2024-02-11,2024-02-12,USPS,19.8
2089,2636,2025-07-31,2025-08-03,2025-08-02,USPS,24.75
2090,2637,2024-08-02,2024-08-05,2024-08-05,Local Courier,26.16
2091,2638,2025-03-23,2025-03-26,2025-03-29,Local Courier,21.42
2092,2639,2025-08-13,2025-08-16,2025-08-17,UPS,16.0
2093,2641,2024-05-24,2024-05-27,2024-05-27,FedEx,20.18
2094,2643,2025-12-12,2025-12-15,2025-12-16,Local Courier,4.43
2095,2644,2024-09-05,2024-09-08,2024-09-11,Local Courier,8.17
2096,2646,2025-10-23,2025-10-26,2025-10-27,USPS,8.62
2097,2647,2025-04-17,2025-04-20,2025-04-21,USPS,24.75
2098,2648,2024-11-12,2024-11-15,2024-11-13,UPS,16.03
2099,2649,2024-08-04,2024-08-07,2024-08-06,USPS,20.42
2100,2650,2024-04-28,2024-05-01,2024-05-03,Local Courier,22.99
2101,2651,2024-11-28,2024-12-01,2024-12-01,Local Courier,19.49
2102,2652,2024-04-03,2024-04-06,2024-04-04,USPS,4.5
2103,2653,2025-12-01,2025-12-04,2025-12-05,UPS,22.68
2104,2654,2025-12-16,2025-12-19,2025-12-19,USPS,25.91
2105,2656,2024-01-31,2024-02-03,2024-02-04,USPS,12.82
2106,2657,2025-06-23,2025-06-26,2025-06-27,UPS,8.42
2107,2659,2025-12-11,2025-12-14,2025-12-15,Local Courier,14.97
2108,2660,2024-11-12,2024-11-15,2024-11-19,Local Courier,20.51
2109,2661,2025-12-21,2025-12-24,2025-12-23,USPS,20.66
2110,2662,2024-10-08,2024-10-11,2024-10-09,Local Courier,19.58
2111,2663,2025-04-05,2025-04-08,2025-04-10,USPS,24.1
2112,2664,2025-01-14,2025-01-17,2025-01-15,FedEx,21.14
2113,2665,2024-02-04,2024-02-07,2024-02-13,FedEx,22.99
2114,2666,2025-11-29,2025-12-02,2025-12-02,FedEx,24.95
2115,2668,2024-10-19,2024-10-22,2024-10-22,FedEx,25.96
2116,2669,2024-06-16,2024-06-19,2024-06-20,Local Courier,18.54
2117,2671,2024-01-16,2024-01-19,2024-01-17,UPS,22.55
2118,2672,2024-03-31,2024-04-03,2024-04-03,UPS,6.7
2119,2673,2024-12-03,2024-12-06,2024-12-04,USPS,17.84
2120,2674,2025-08-31,2025-09-03,2025-09-04,USPS,21.05
2121,2676,2025-03-22,2025-03-25,2025-03-24,FedEx,10.48
2122,2678,2024-11-12,2024-11-15,2024-11-17,FedEx,14.59
2123,2679,2024-01-26,2024-01-29,2024-01-28,USPS,22.41
2124,2680,2025-09-03,2025-09-06,2025-09-05,UPS,27.96
2125,2681,2024-09-21,2024-09-24,2024-09-26,FedEx,25.8
2126,2682,2025-03-24,2025-03-27,2025-03-27,USPS,24.42
2127,2683,2024-08-23,2024-08-26,2024-08-27,UPS,17.65
2128,2684,2025-04-26,2025-04-29,2025-04-29,Local Courier,8.04
2129,2685,2024-08-20,2024-08-23,2024-08-25,UPS,8.27
2130,2686,2025-12-13,2025-12-16,2025-12-16,UPS,19.91
2131,2687,2024-04-29,2024-05-02,2024-05-03,Local Courier,12.64
2132,2688,2025-08-16,2025-08-19,2025-08-19,USPS,9.28
2133,2689,2024-02-03,2024-02-06,2024-02-05,Local Courier,26.4
2134,2690,2025-12-27,2025-12-30,2025-12-29,FedEx,18.78
2135,2691,2025-05-15,2025-05-18,2025-05-19,USPS,8.22
2136,2692,2025-06-12,2025-06-15,2025-06-18,Local Courier,21.88
2137,2693,2025-02-09,2025-02-12,2025-02-11,FedEx,9.5
2138,2694,2024-01-10,2024-01-13,2024-01-11,UPS,12.95
2139,2695,2025-12-23,2025-12-26,2025-12-27,Local Courier,8.76
2140,2696,2024-01-22,2024-01-25,2024-01-27,Local Courier,19.76
2141,2697,2024-11-18,2024-11-21,2024-11-22,USPS,7.48
2142,2698,2025-09-27,2025-09-30,2025-09-30,UPS,9.73
2143,2699,2024-07-06,2024-07-09,2024-07-07,USPS,14.64
2144,2700,2025-04-30,2025-05-03,2025-05-04,UPS,15.26
2145,2702,2024-12-05,2024-12-08,2024-12-10,USPS,19.1
2146,2704,2025-07-22,2025-07-25,2025-07-27,UPS,22.3
2147,2705,2024-07-08,2024-07-11,2024-07-12,Local Courier,12.6
2148,2706,2025-01-27,2025-01-30,2025-01-30,Local Courier,10.78
2149,2707,2025-08-26,2025-08-29,2025-08-28,FedEx,10.3
2150,2708,2024-12-16,2024-12-19,2024-12-19,FedEx,15.77
2151,2709,2024-09-03,2024-09-06,2024-09-07,FedEx,22.03
2152,2710,2024-10-08,2024-10-11,2024-10-14,Local Courier,22.25
2153,2712,2024-07-29,2024-08-01,2024-07-30,USPS,4.68
2154,2714,2025-08-25,2025-08-28,2025-08-28,UPS,26.69
2155,2715,2024-02-09,2024-02-12,2024-02-14,UPS,9.12
2156,2716,2025-08-21,2025-08-24,2025-08-27,UPS,25.74
2157,2717,2025-04-29,2025-05-02,2025-05-03,Local Courier,26.9
2158,2718,2025-05-14,2025-05-17,2025-05-15,FedEx,10.49
2159,2720,2024-12-01,2024-12-04,2024-12-04,UPS,13.04
2160,2724,2024-09-30,2024-10-03,2024-10-05,UPS,25.56
2161,2726,2024-03-10,2024-03-13,2024-03-11,Local Courier,24.03
2162,2727,2025-04-25,2025-04-28,2025-05-01,Local Courier,25.05
2163,2728,2024-08-17,2024-08-20,2024-08-19,FedEx,10.82
2164,2729,2025-02-07,2025-02-10,2025-02-11,FedEx,15.58
2165,2730,2025-08-21,2025-08-24,2025-08-24,UPS,8.14
2166,2731,2025-09-05,2025-09-08,2025-09-07,UPS,8.9
2167,2732,2024-06-30,2024-07-03,2024-07-04,USPS,9.29
2168,2733,2024-09-03,2024-09-06,2024-09-07,USPS,21.69
2169,2734,2024-09-19,2024-09-22,2024-09-23,UPS,20.47
2170,2735,2024-04-05,2024-04-08,2024-04-07,UPS,22.9
2171,2737,2024-06-09,2024-06-12,2024-06-13,UPS,21.58
2172,2739,2024-08-01,2024-08-04,2024-08-02,UPS,19.01
2173,2740,2024-06-22,2024-06-25,2024-06-24,FedEx,7.49
2174,2741,2024-04-10,2024-04-13,2024-04-18,FedEx,6.61
2175,2742,2025-11-10,2025-11-13,2025-11-11,USPS,8.61
2176,2743,2025-07-28,2025-07-31,2025-07-31,UPS,16.86
2177,2744,2024-01-20,2024-01-23,2024-01-24,USPS,14.1
2178,2745,2024-04-22,2024-04-25,2024-04-26,Local Courier,17.66
2179,2746,2024-09-07,2024-09-10,2024-09-11,UPS,13.09
2180,2748,2025-11-11,2025-11-14,2025-11-13,USPS,4.34
2181,2750,2025-11-25,2025-11-28,2025-11-26,UPS,7.36
2182,2751,2025-03-16,2025-03-19,2025-03-23,FedEx,20.32
2183,2752,2025-01-13,2025-01-16,2025-01-21,UPS,25.94
2184,2753,2025-01-13,2025-01-16,2025-01-17,FedEx,4.14
2185,2754,2024-01-22,2024-01-25,2024-01-23,Local Courier,14.35
2186,2755,2025-03-09,2025-03-12,2025-03-16,Local Courier,16.26
2187,2756,2025-09-20,2025-09-23,2025-09-23,USPS,5.97
2188,2757,2025-07-21,2025-07-24,2025-07-24,USPS,19.47
2189,2759,2025-05-02,2025-05-05,2025-05-05,Local Courier,17.76
2190,2760,2025-04-25,2025-04-28,2025-04-26,Local Courier,25.58
2191,2761,2024-08-04,2024-08-07,2024-08-05,FedEx,5.25
2192,2762,2025-06-12,2025-06-15,2025-06-15,USPS,5.55
2193,2763,2024-06-20,2024-06-23,2024-06-21,UPS,26.58
2194,2764,2024-11-03,2024-11-06,2024-11-07,USPS,19.79
2195,2765,2025-04-12,2025-04-15,2025-04-15,FedEx,15.04
2196,2766,2025-05-10,2025-05-13,2025-05-13,USPS,8.63
2197,2768,2024-03-19,2024-03-22,2024-03-22,FedEx,9.88
2198,2769,2025-09-07,2025-09-10,2025-09-11,FedEx,6.44
2199,2770,2025-12-06,2025-12-09,2025-12-10,FedEx,6.85
2200,2773,2024-01-23,2024-01-26,2024-01-30,USPS,7.04
2201,2774,2025-09-01,2025-09-04,2025-09-06,UPS,17.92
2202,2775,2025-07-10,2025-07-13,2025-07-12,UPS,12.07
2203,2776,2025-11-22,2025-11-25,2025-11-23,UPS,4.29
2204,2777,2025-01-29,2025-02-01,2025-02-02,FedEx,4.05
2205,2778,2025-02-22,2025-02-25,2025-02-27,USPS,6.58
2206,2779,2025-05-23,2025-05-26,2025-05-26,UPS,6.28
2207,2782,2025-11-15,2025-11-18,2025-11-17,UPS,6.28
2208,2783,2025-07-16,2025-07-19,2025-07-19,USPS,8.29
2209,2784,2025-08-09,2025-08-12,2025-08-12,Local Courier,15.66
2210,2785,2025-11-14,2025-11-17,2025-11-17,Local Courier,4.35
2211,2786,2025-05-13,2025-05-16,2025-05-17,USPS,15.27
2212,2787,2025-10-16,2025-10-19,2025-10-17,FedEx,21.33
2213,2788,2024-03-14,2024-03-17,2024-03-19,FedEx,6.56
2214,2789,2024-12-12,2024-12-15,2024-12-14,USPS,17.8
2215,2794,2024-06-01,2024-06-04,2024-06-03,Local Courier,26.51
2216,2795,2024-09-16,2024-09-19,2024-09-19,Local Courier,7.05
2217,2796,2025-07-08,2025-07-11,2025-07-12,Local Courier,7.25
2218,2797,2024-12-03,2024-12-06,2024-12-07,UPS,8.69
2219,2800,2025-04-04,2025-04-07,2025-04-07,Local Courier,9.92
2220,2801,2024-09-01,2024-09-04,2024-09-04,FedEx,22.23
2221,2803,2024-09-18,2024-09-21,2024-09-22,FedEx,17.85
2222,2804,2024-01-17,2024-01-20,2024-01-21,FedEx,27.8
2223,2805,2024-12-14,2024-12-17,2024-12-17,FedEx,8.33
2224,2806,2025-04-19,2025-04-22,2025-04-21,FedEx,21.55
2225,2807,2025-10-27,2025-10-30,2025-10-31,USPS,5.1
2226,2808,2025-12-08,2025-12-11,2025-12-13,Local Courier,25.8
2227,2809,2024-04-17,2024-04-20,2024-04-20,Local Courier,18.22
2228,2810,2024-10-03,2024-10-06,2024-10-07,FedEx,27.9
2229,2811,2025-04-06,2025-04-09,2025-04-08,Local Courier,16.37
2230,2813,2025-08-17,2025-08-20,2025-08-18,UPS,7.78
2231,2814,2025-06-15,2025-06-18,2025-06-21,Local Courier,22.23
2232,2815,2025-09-06,2025-09-09,2025-09-08,FedEx,24.4
2233,2817,2025-11-18,2025-11-21,2025-11-27,Local Courier,24.55
2234,2818,2024-08-25,2024-08-28,2024-08-26,FedEx,26.94
2235,2820,2025-02-01,2025-02-04,2025-02-02,USPS,27.04
2236,2821,2024-02-12,2024-02-15,2024-02-13,USPS,22.02
2237,2823,2024-08-16,2024-08-19,2024-08-22,USPS,10.07
2238,2826,2025-06-10,2025-06-13,2025-06-15,FedEx,26.27
2239,2827,2025-07-04,2025-07-07,2025-07-07,Local Courier,11.43
2240,2830,2024-01-30,2024-02-02,2024-01-31,UPS,22.94
2241,2832,2025-11-06,2025-11-09,2025-11-09,USPS,27.12
2242,2833,2025-06-01,2025-06-04,2025-06-03,UPS,19.91
2243,2834,2025-04-11,2025-04-14,2025-04-15,FedEx,26.99
2244,2835,2024-11-15,2024-11-18,2024-11-20,USPS,13.6
2245,2836,2024-04-01,2024-04-04,2024-04-02,FedEx,27.01
2246,2838,2024-03-04,2024-03-07,2024-03-08,FedEx,23.84
2247,2839,2025-10-04,2025-10-07,2025-10-08,UPS,14.36
2248,2840,2025-03-14,2025-03-17,2025-03-18,USPS,17.98
2249,2841,2025-07-17,2025-07-20,2025-07-19,Local Courier,13.35
2250,2843,2024-11-28,2024-12-01,2024-11-30,FedEx,16.95
2251,2844,2024-12-17,2024-12-20,2024-12-20,USPS,6.11
2252,2845,2025-01-29,2025-02-01,2025-02-03,USPS,5.25
2253,2848,2025-02-18,2025-02-21,2025-02-21,USPS,20.5
2254,2849,2025-06-18,2025-06-21,2025-06-20,UPS,25.86
2255,2850,2024-11-01,2024-11-04,2024-11-06,FedEx,12.56
2256,2851,2025-07-01,2025-07-04,2025-07-03,Local Courier,15.94
2257,2852,2025-06-14,2025-06-17,2025-06-16,FedEx,22.69
2258,2854,2025-12-11,2025-12-14,2025-12-14,FedEx,15.34
2259,2856,2024-06-26,2024-06-29,2024-06-29,USPS,6.29
2260,2858,2024-03-06,2024-03-09,2024-03-13,USPS,6.2
2261,2859,2025-05-30,2025-06-02,2025-06-03,FedEx,13.23
2262,2860,2024-07-19,2024-07-22,2024-07-22,USPS,20.34
2263,2861,2024-05-12,2024-05-15,2024-05-16,Local Courier,25.46
2264,2862,2025-11-18,2025-11-21,2025-11-20,FedEx,18.97
2265,2863,2025-07-17,2025-07-20,2025-07-18,USPS,8.13
2266,2864,2025-04-04,2025-04-07,2025-04-09,USPS,5.39
2267,2865,2025-07-31,2025-08-03,2025-08-02,UPS,21.14
2268,2866,2025-08-28,2025-08-31,2025-09-02,FedEx,10.3
2269,2867,2025-12-19,2025-12-22,2025-12-20,USPS,6.96
2270,2869,2025-12-02,2025-12-05,2025-12-06,Local Courier,12.73
2271,2870,2024-09-02,2024-09-05,2024-09-04,Local Courier,15.73
2272,2871,2024-07-21,2024-07-24,2024-07-27,USPS,12.03
2273,2872,2025-03-27,2025-03-30,2025-03-30,FedEx,22.19
2274,2873,2024-08-07,2024-08-10,2024-08-11,Local Courier,22.71
2275,2875,2025-09-06,2025-09-09,2025-09-09,USPS,21.64
2276,2876,2025-03-05,2025-03-08,2025-03-10,UPS,12.6
2277,2877,2024-04-24,2024-04-27,2024-04-28,FedEx,27.76
2278,2878,2024-02-17,2024-02-20,2024-02-19,Local Courier,20.24
2279,2879,2025-01-16,2025-01-19,2025-01-25,Local Courier,21.39
2280,2880,2024-08-30,2024-09-02,2024-09-03,USPS,10.81
2281,2881,2025-04-05,2025-04-08,2025-04-10,UPS,14.84
2282,2882,2024-12-24,2024-12-27,2024-12-27,FedEx,7.97
2283,2885,2025-07-25,2025-07-28,2025-07-29,Local Courier,9.53
2284,2886,2024-07-05,2024-07-08,2024-07-06,Local Courier,17.88
2285,2887,2024-09-06,2024-09-09,2024-09-10,UPS,11.9
2286,2888,2024-12-18,2024-12-21,2024-12-23,FedEx,23.59
2287,2889,2024-03-05,2024-03-08,2024-03-10,FedEx,25.46
2288,2890,2025-01-12,2025-01-15,2025-01-16,UPS,10.16
2289,2891,2025-09-03,2025-09-06,2025-09-06,Local Courier,15.57
2290,2892,2025-09-17,2025-09-20,2025-09-18,USPS,10.11
2291,2893,2025-06-15,2025-06-18,2025-06-21,USPS,8.19
2292,2894,2025-01-05,2025-01-08,2025-01-07,FedEx,14.26
2293,2896,2025-08-21,2025-08-24,2025-08-24,UPS,23.05
2294,2897,2025-11-13,2025-11-16,2025-11-17,FedEx,9.53
2295,2899,2025-10-10,2025-10-13,2025-10-13,UPS,25.24
2296,2900,2024-07-25,2024-07-28,2024-07-27,UPS,9.06
2297,2901,2025-11-01,2025-11-04,2025-11-09,FedEx,21.89
2298,2902,2024-08-06,2024-08-09,2024-08-10,FedEx,21.96
2299,2903,2025-12-28,2025-12-31,2025-12-30,Local Courier,24.64
2300,2904,2024-12-15,2024-12-18,2024-12-16,UPS,19.89
2301,2905,2024-04-30,2024-05-03,2024-05-02,UPS,27.67
2302,2906,2025-05-01,2025-05-04,2025-05-02,Local Courier,25.01
2303,2907,2024-05-01,2024-05-04,2024-05-06,USPS,21.53
2304,2908,2025-08-21,2025-08-24,2025-08-23,USPS,26.82
2305,2909,2025-07-06,2025-07-09,2025-07-10,FedEx,18.44
2306,2910,2025-02-01,2025-02-04,2025-02-05,UPS,23.72
2307,2911,2024-05-08,2024-05-11,2024-05-13,FedEx,13.22
2308,2912,2024-03-09,2024-03-12,2024-03-13,Local Courier,22.74
2309,2914,2024-05-13,2024-05-16,2024-05-17,USPS,22.54
2310,2915,2025-06-03,2025-06-06,2025-06-04,UPS,14.73
2311,2916,2024-04-26,2024-04-29,2024-04-28,UPS,12.28
2312,2917,2024-10-24,2024-10-27,2024-10-28,FedEx,17.43
2313,2918,2025-05-19,2025-05-22,2025-05-22,FedEx,4.05
2314,2919,2024-10-18,2024-10-21,2024-10-19,Local Courier,13.14
2315,2920,2025-01-09,2025-01-12,2025-01-11,USPS,5.59
2316,2921,2024-12-24,2024-12-27,2024-12-25,Local Courier,26.73
2317,2922,2025-05-05,2025-05-08,2025-05-09,USPS,27.37
2318,2923,2024-01-04,2024-01-07,2024-01-06,FedEx,7.93
2319,2924,2024-07-06,2024-07-09,2024-07-13,Local Courier,19.36
2320,2925,2025-09-18,2025-09-21,2025-09-22,USPS,6.26
2321,2926,2024-03-23,2024-03-26,2024-03-28,FedEx,13.32
2322,2928,2024-12-02,2024-12-05,2024-12-04,FedEx,12.68
2323,2929,2024-11-21,2024-11-24,2024-11-25,Local Courier,25.76
2324,2931,2025-08-11,2025-08-14,2025-08-18,UPS,21.19
2325,2932,2025-12-24,2025-12-27,2025-12-29,USPS,14.52
2326,2934,2025-08-18,2025-08-21,2025-08-22,USPS,15.1
2327,2935,2025-01-12,2025-01-15,2025-01-15,Local Courier,19.41
2328,2936,2024-11-23,2024-11-26,2024-11-24,UPS,22.38
2329,2937,2025-05-10,2025-05-13,2025-05-13,Local Courier,9.42
2330,2938,2024-02-26,2024-02-29,2024-03-01,FedEx,17.21
2331,2940,2024-08-30,2024-09-02,2024-09-05,UPS,19.56
2332,2941,2024-11-07,2024-11-10,2024-11-11,FedEx,26.26
2333,2942,2024-11-16,2024-11-19,2024-11-21,Local Courier,10.33
2334,2943,2024-03-29,2024-04-01,2024-04-02,UPS,21.22
2335,2944,2025-03-27,2025-03-30,2025-03-30,USPS,17.94
2336,2946,2024-01-21,2024-01-24,2024-01-24,USPS,10.24
2337,2947,2024-02-25,2024-02-28,2024-02-26,USPS,27.15
2338,2948,2024-09-28,2024-10-01,2024-10-03,USPS,25.38
2339,2949,2025-09-25,2025-09-28,2025-10-01,USPS,5.69
2340,2950,2025-06-16,2025-06-19,2025-06-20,USPS,10.81
2341,2951,2024-03-24,2024-03-27,2024-03-27,Local Courier,26.3
2342,2952,2025-06-08,2025-06-11,2025-06-10,Local Courier,15.24
2343,2953,2024-07-25,2024-07-28,2024-07-30,FedEx,18.76
2344,2954,2025-09-09,2025-09-12,2025-09-12,Local Courier,14.53
2345,2955,2025-11-12,2025-11-15,2025-11-13,USPS,7.64
2346,2956,2024-07-17,2024-07-20,2024-07-22,UPS,22.77
2347,2957,2024-08-13,2024-08-16,2024-08-17,Local Courier,13.17
2348,2958,2024-03-13,2024-03-16,2024-03-16,FedEx,10.9
2349,2959,2024-11-27,2024-11-30,2024-12-01,FedEx,9.49
2350,2960,2024-09-24,2024-09-27,2024-09-26,FedEx,14.84
2351,2961,2024-01-05,2024-01-08,2024-01-07,USPS,12.64
2352,2962,2024-11-03,2024-11-06,2024-11-06,FedEx,26.37
2353,2963,2025-02-23,2025-02-26,2025-02-24,FedEx,13.7
2354,2964,2024-01-07,2024-01-10,2024-01-10,FedEx,4.35
2355,2965,2025-10-27,2025-10-30,2025-11-01,UPS,19.95
2356,2966,2025-09-05,2025-09-08,2025-09-08,Local Courier,19.22
2357,2967,2024-12-25,2024-12-28,2024-12-29,USPS,11.86
2358,2968,2024-11-16,2024-11-19,2024-11-20,Local Courier,5.26
2359,2969,2025-10-12,2025-10-15,2025-10-13,UPS,8.07
2360,2970,2025-04-05,2025-04-08,2025-04-10,Local Courier,8.55
2361,2971,2024-04-23,2024-04-26,2024-04-27,FedEx,4.45
2362,2972,2025-09-23,2025-09-26,2025-09-26,Local Courier,16.4
2363,2973,2025-05-06,2025-05-09,2025-05-10,Local Courier,19.09
2364,2975,2025-07-11,2025-07-14,2025-07-13,UPS,10.09
2365,2976,2024-12-01,2024-12-04,2024-12-03,Local Courier,19.31
2366,2978,2025-09-14,2025-09-17,2025-09-18,FedEx,26.34
2367,2979,2025-12-16,2025-12-19,2025-12-20,Local Courier,14.97
2368,2980,2025-05-16,2025-05-19,2025-05-24,UPS,14.42
2369,2981,2025-09-26,2025-09-29,2025-10-02,Local Courier,10.77
2370,2982,2024-12-07,2024-12-10,2024-12-10,UPS,17.98
2371,2984,2025-03-12,2025-03-15,2025-03-14,UPS,15.47
2372,2985,2025-01-28,2025-01-31,2025-01-29,UPS,7.04
2373,2986,2024-04-21,2024-04-24,2024-04-24,FedEx,16.66
2374,2987,2024-08-13,2024-08-16,2024-08-19,FedEx,15.26
2375,2988,2025-05-15,2025-05-18,2025-05-18,Local Courier,11.95
2376,2989,2024-02-10,2024-02-13,2024-02-11,UPS,26.31
2377,2990,2025-03-27,2025-03-30,2025-03-31,Local Courier,15.23
2378,2991,2025-09-26,2025-09-29,2025-09-30,Local Courier,11.34
2379,2992,2025-01-09,2025-01-12,2025-01-13,FedEx,27.84
2380,2994,2025-03-11,2025-03-14,2025-03-14,UPS,17.39
2381,2995,2024-06-02,2024-06-05,2024-06-08,Local Courier,26.37
2382,2996,2025-10-29,2025-11-01,2025-11-01,Local Courier,11.01
2383,2997,2024-07-18,2024-07-21,2024-07-20,UPS,13.82
2384,2998,2024-10-11,2024-10-14,2024-10-13,UPS,27.52
2385,2999,2024-05-22,2024-05-25,2024-05-24,UPS,24.85
2386,3002,2024-05-05,2024-05-08,2024-05-08,FedEx,24.66
2387,3003,2025-10-20,2025-10-23,2025-10-27,UPS,7.86
2388,3005,2024-07-08,2024-07-11,2024-07-13,Local Courier,15.83
2389,3006,2025-06-10,2025-06-13,2025-06-14,Local Courier,4.9
2390,3007,2024-05-06,2024-05-09,2024-05-10,USPS,4.69
2391,3008,2024-12-28,2024-12-31,2024-12-31,UPS,21.59
2392,3009,2025-08-13,2025-08-16,2025-08-15,FedEx,25.3
2393,3010,2025-06-25,2025-06-28,2025-06-27,FedEx,4.78
2394,3011,2025-03-03,2025-03-06,2025-03-08,FedEx,7.51
2395,3012,2025-11-10,2025-11-13,2025-11-13,UPS,27.13
2396,3013,2025-07-21,2025-07-24,2025-07-23,UPS,7.11
2397,3014,2025-04-26,2025-04-29,2025-04-27,USPS,11.01
2398,3015,2025-11-07,2025-11-10,2025-11-11,FedEx,5.97
2399,3016,2024-12-29,2025-01-01,2025-01-02,USPS,14.51
2400,3017,2025-07-01,2025-07-04,2025-07-03,Local Courier,5.55
2401,3018,2025-10-01,2025-10-04,2025-10-05,UPS,12.25
2402,3020,2024-05-25,2024-05-28,2024-05-30,Local Courier,9.76
2403,3021,2025-04-06,2025-04-09,2025-04-09,Local Courier,15.59
2404,3022,2025-11-02,2025-11-05,2025-11-03,FedEx,27.54
2405,3023,2024-10-04,2024-10-07,2024-10-07,Local Courier,5.12
2406,3025,2025-08-08,2025-08-11,2025-08-14,FedEx,7.33
2407,3026,2024-07-22,2024-07-25,2024-07-26,Local Courier,25.84
2408,3027,2025-10-31,2025-11-03,2025-11-02,Local Courier,22.25
2409,3028,2025-05-17,2025-05-20,2025-05-21,Local Courier,11.47
2410,3029,2025-09-30,2025-10-03,2025-10-02,FedEx,7.08
2411,3030,2024-01-29,2024-02-01,2024-02-03,Local Courier,25.29
2412,3031,2024-08-01,2024-08-04,2024-08-05,Local Courier,27.75
2413,3032,2024-09-05,2024-09-08,2024-09-13,FedEx,5.21
2414,3033,2025-07-04,2025-07-07,2025-07-07,UPS,18.88
2415,3034,2024-05-09,2024-05-12,2024-05-13,USPS,16.42
2416,3035,2024-03-04,2024-03-07,2024-03-10,FedEx,7.4
2417,3037,2024-06-19,2024-06-22,2024-06-22,Local Courier,6.05
2418,3038,2025-09-17,2025-09-20,2025-09-20,USPS,26.16
2419,3039,2025-01-16,2025-01-19,2025-01-19,USPS,10.19
2420,3040,2025-11-27,2025-11-30,2025-11-29,USPS,20.28
2421,3041,2024-10-22,2024-10-25,2024-10-29,Local Courier,16.32
2422,3042,2025-11-27,2025-11-30,2025-11-29,USPS,18.61
2423,3043,2025-03-30,2025-04-02,2025-04-03,Local Courier,16.39
2424,3044,2024-01-27,2024-01-30,2024-01-29,USPS,14.28
2425,3045,2025-11-25,2025-11-28,2025-11-27,USPS,27.98
2426,3046,2025-06-18,2025-06-21,2025-06-22,FedEx,4.75
2427,3047,2024-04-10,2024-04-13,2024-04-18,UPS,5.14
2428,3048,2024-11-14,2024-11-17,2024-11-17,FedEx,25.92
2429,3049,2025-06-06,2025-06-09,2025-06-08,USPS,4.26
2430,3050,2024-07-31,2024-08-03,2024-08-04,Local Courier,8.76
2431,3051,2025-11-14,2025-11-17,2025-11-16,FedEx,25.31
2432,3053,2024-11-27,2024-11-30,2024-11-29,FedEx,15.73
2433,3054,2025-03-30,2025-04-02,2025-04-03,USPS,7.06
2434,3055,2025-06-21,2025-06-24,2025-06-25,USPS,16.4
2435,3056,2025-09-17,2025-09-20,2025-09-20,Local Courier,24.85
2436,3057,2024-05-18,2024-05-21,2024-05-19,USPS,7.37
2437,3061,2025-11-24,2025-11-27,2025-11-27,USPS,7.37
2438,3062,2024-10-25,2024-10-28,2024-10-29,Local Courier,16.29
2439,3063,2024-04-27,2024-04-30,2024-04-28,USPS,10.02
2440,3064,2025-02-08,2025-02-11,2025-02-09,USPS,21.9
2441,3065,2024-08-25,2024-08-28,2024-08-28,Local Courier,4.36
2442,3066,2025-02-12,2025-02-15,2025-02-17,USPS,19.39
2443,3067,2025-04-19,2025-04-22,2025-04-20,USPS,6.06
2444,3068,2024-11-23,2024-11-26,2024-11-25,FedEx,10.0
2445,3071,2025-03-22,2025-03-25,2025-03-26,USPS,13.82
2446,3072,2025-09-16,2025-09-19,2025-09-19,FedEx,4.86
2447,3073,2025-12-05,2025-12-08,2025-12-09,Local Courier,11.17
2448,3074,2025-04-21,2025-04-24,2025-04-25,FedEx,17.17
2449,3075,2024-05-24,2024-05-27,2024-05-27,Local Courier,20.79
2450,3076,2024-04-25,2024-04-28,2024-04-28,UPS,24.08
2451,3078,2024-03-31,2024-04-03,2024-04-04,FedEx,7.43
2452,3080,2024-05-13,2024-05-16,2024-05-15,UPS,8.04
2453,3082,2024-06-02,2024-06-05,2024-06-06,UPS,26.42
2454,3083,2024-12-29,2025-01-01,2024-12-31,USPS,26.42
2455,3084,2025-05-16,2025-05-19,2025-05-19,Local Courier,14.02
2456,3085,2025-04-29,2025-05-02,2025-05-01,USPS,5.65
2457,3086,2024-05-21,2024-05-24,2024-05-22,FedEx,25.47
2458,3087,2025-05-14,2025-05-17,2025-05-17,FedEx,19.87
2459,3088,2025-02-10,2025-02-13,2025-02-13,Local Courier,27.82
2460,3090,2024-11-27,2024-11-30,2024-12-01,FedEx,25.27
2461,3091,2025-04-14,2025-04-17,2025-04-17,FedEx,19.78
2462,3092,2025-06-25,2025-06-28,2025-06-29,FedEx,23.75
2463,3094,2024-10-09,2024-10-12,2024-10-13,USPS,18.97
2464,3095,2024-01-11,2024-01-14,2024-01-13,UPS,27.81
2465,3096,2024-10-07,2024-10-10,2024-10-11,UPS,21.4
2466,3098,2024-05-23,2024-05-26,2024-05-26,Local Courier,4.35
2467,3099,2024-02-26,2024-02-29,2024-03-04,USPS,26.73
2468,3100,2024-08-01,2024-08-04,2024-08-07,Local Courier,8.37
2469,3101,2024-01-05,2024-01-08,2024-01-08,USPS,23.08
2470,3102,2025-12-06,2025-12-09,2025-12-08,USPS,18.28
2471,3103,2025-01-15,2025-01-18,2025-01-18,FedEx,11.94
2472,3105,2025-11-18,2025-11-21,2025-11-23,USPS,10.95
2473,3106,2025-12-17,2025-12-20,2025-12-20,UPS,8.39
2474,3107,2025-04-10,2025-04-13,2025-04-14,UPS,8.64
2475,3108,2024-03-02,2024-03-05,2024-03-09,FedEx,22.44
2476,3109,2024-04-10,2024-04-13,2024-04-14,FedEx,25.56
2477,3111,2025-10-21,2025-10-24,2025-10-23,Local Courier,25.74
2478,3112,2025-01-22,2025-01-25,2025-01-28,FedEx,16.49
2479,3113,2025-06-02,2025-06-05,2025-06-07,Local Courier,17.43
2480,3114,2025-10-24,2025-10-27,2025-10-27,Local Courier,18.9
2481,3116,2025-07-31,2025-08-03,2025-08-01,Local Courier,12.94
2482,3118,2025-09-05,2025-09-08,2025-09-09,Local Courier,26.19
2483,3119,2024-10-01,2024-10-04,2024-10-09,UPS,6.12
2484,3120,2025-04-08,2025-04-11,2025-04-12,FedEx,17.97
2485,3122,2025-04-23,2025-04-26,2025-04-26,USPS,5.58
2486,3123,2025-04-15,2025-04-18,2025-04-19,FedEx,15.63
2487,3124,2025-10-22,2025-10-25,2025-10-27,Local Courier,16.2
2488,3126,2024-06-30,2024-07-03,2024-07-06,Local Courier,18.31
2489,3127,2024-12-04,2024-12-07,2024-12-08,FedEx,9.69
2490,3128,2024-10-29,2024-11-01,2024-10-30,USPS,12.05
2491,3129,2024-04-11,2024-04-14,2024-04-14,Local Courier,4.14
2492,3131,2024-04-16,2024-04-19,2024-04-20,Local Courier,16.15
2493,3133,2025-12-07,2025-12-10,2025-12-10,Local Courier,18.62
2494,3134,2024-04-14,2024-04-17,2024-04-16,USPS,13.82
2495,3136,2024-05-15,2024-05-18,2024-05-20,Local Courier,25.81
2496,3138,2024-09-10,2024-09-13,2024-09-17,USPS,13.35
2497,3139,2024-09-23,2024-09-26,2024-09-27,USPS,4.71
2498,3140,2024-07-22,2024-07-25,2024-07-26,Local Courier,19.18
2499,3142,2024-05-29,2024-06-01,2024-06-03,Local Courier,26.24
2500,3144,2024-12-11,2024-12-14,2024-12-15,USPS,23.77
2501,3145,2024-01-19,2024-01-22,2024-01-20,USPS,10.05
2502,3146,2025-04-01,2025-04-04,2025-04-02,FedEx,5.72
2503,3148,2024-05-13,2024-05-16,2024-05-16,FedEx,22.72
2504,3150,2024-05-22,2024-05-25,2024-05-25,Local Courier,8.28
2505,3151,2024-04-27,2024-04-30,2024-05-02,FedEx,21.6
2506,3152,2024-03-10,2024-03-13,2024-03-12,USPS,7.61
2507,3153,2025-12-18,2025-12-21,2025-12-20,Local Courier,13.61
2508,3154,2024-04-22,2024-04-25,2024-04-26,UPS,10.83
2509,3155,2025-12-07,2025-12-10,2025-12-10,UPS,5.38
2510,3157,2024-01-27,2024-01-30,2024-01-30,Local Courier,13.51
2511,3158,2024-11-01,2024-11-04,2024-11-07,UPS,22.83
2512,3159,2025-12-23,2025-12-26,2025-12-27,USPS,6.48
2513,3160,2024-12-17,2024-12-20,2024-12-20,FedEx,8.53
2514,3161,2024-01-03,2024-01-06,2024-01-08,FedEx,21.34
2515,3162,2024-08-17,2024-08-20,2024-08-19,FedEx,16.32
2516,3164,2025-08-10,2025-08-13,2025-08-13,Local Courier,6.72
2517,3167,2025-06-28,2025-07-01,2025-07-01,FedEx,14.69
2518,3168,2024-01-08,2024-01-11,2024-01-17,USPS,10.15
2519,3169,2024-07-08,2024-07-11,2024-07-11,FedEx,20.43
2520,3170,2024-05-16,2024-05-19,2024-05-18,USPS,13.48
2521,3171,2024-05-06,2024-05-09,2024-05-11,USPS,26.22
2522,3172,2024-02-07,2024-02-10,2024-02-08,FedEx,24.77
2523,3173,2025-01-29,2025-02-01,2025-01-31,UPS,12.98
2524,3174,2024-10-30,2024-11-02,2024-11-02,Local Courier,15.05
2525,3175,2025-03-21,2025-03-24,2025-03-23,FedEx,5.58
2526,3176,2024-06-22,2024-06-25,2024-06-25,Local Courier,19.41
2527,3177,2024-12-10,2024-12-13,2024-12-13,UPS,22.25
2528,3178,2025-10-15,2025-10-18,2025-10-17,FedEx,19.5
2529,3179,2025-06-05,2025-06-08,2025-06-07,UPS,5.14
2530,3180,2025-06-30,2025-07-03,2025-07-05,USPS,21.36
2531,3182,2024-06-01,2024-06-04,2024-06-03,UPS,14.3
2532,3183,2025-06-11,2025-06-14,2025-06-20,USPS,23.68
2533,3184,2024-12-24,2024-12-27,2024-12-27,UPS,20.09
2534,3185,2024-04-07,2024-04-10,2024-04-11,UPS,22.74
2535,3186,2024-11-18,2024-11-21,2024-11-22,USPS,25.45
2536,3188,2024-06-11,2024-06-14,2024-06-15,USPS,21.01
2537,3189,2025-04-08,2025-04-11,2025-04-14,FedEx,26.13
2538,3190,2025-04-03,2025-04-06,2025-04-07,UPS,4.07
2539,3191,2025-04-09,2025-04-12,2025-04-13,USPS,21.25
2540,3192,2025-09-09,2025-09-12,2025-09-12,Local Courier,9.01
2541,3193,2025-12-19,2025-12-22,2025-12-23,UPS,16.8
2542,3194,2025-01-08,2025-01-11,2025-01-12,UPS,16.34
2543,3195,2025-12-16,2025-12-19,2025-12-19,FedEx,23.93
2544,3197,2024-07-20,2024-07-23,2024-07-21,UPS,20.42
2545,3198,2024-03-13,2024-03-16,2024-03-19,USPS,4.6
2546,3199,2025-06-01,2025-06-04,2025-06-02,UPS,24.1
2547,3200,2024-07-05,2024-07-08,2024-07-07,FedEx,4.37
2548,3201,2024-06-26,2024-06-29,2024-06-30,USPS,12.93
2549,3202,2025-01-01,2025-01-04,2025-01-09,USPS,24.09
2550,3203,2024-09-23,2024-09-26,2024-09-25,USPS,8.82
2551,3204,2024-06-16,2024-06-19,2024-06-18,USPS,12.77
2552,3205,2025-09-14,2025-09-17,2025-09-18,FedEx,14.4
2553,3206,2024-01-12,2024-01-15,2024-01-14,UPS,27.75
2554,3207,2025-06-24,2025-06-27,2025-06-30,FedEx,4.75
2555,3208,2025-09-17,2025-09-20,2025-09-21,Local Courier,9.39
2556,3209,2024-05-26,2024-05-29,2024-05-29,FedEx,18.49
2557,3211,2024-01-20,2024-01-23,2024-01-22,USPS,4.82
2558,3214,2025-11-19,2025-11-22,2025-11-22,Local Courier,22.95
2559,3215,2024-11-13,2024-11-16,2024-11-20,Local Courier,6.17
2560,3216,2025-06-05,2025-06-08,2025-06-07,Local Courier,27.86
2561,3217,2024-06-28,2024-07-01,2024-07-02,USPS,14.96
2562,3218,2025-08-01,2025-08-04,2025-08-04,UPS,25.6
2563,3219,2025-11-27,2025-11-30,2025-11-30,USPS,26.29
2564,3220,2024-10-07,2024-10-10,2024-10-12,FedEx,4.79
2565,3222,2024-11-18,2024-11-21,2024-11-20,Local Courier,26.17
2566,3223,2025-04-21,2025-04-24,2025-04-24,Local Courier,22.14
2567,3224,2025-12-29,2026-01-01,2026-01-05,FedEx,9.44
2568,3226,2024-09-23,2024-09-26,2024-09-24,FedEx,12.72
2569,3227,2025-05-11,2025-05-14,2025-05-13,FedEx,17.54
2570,3228,2024-07-06,2024-07-09,2024-07-09,FedEx,8.2
2571,3230,2024-09-09,2024-09-12,2024-09-12,FedEx,4.38
2572,3231,2024-09-02,2024-09-05,2024-09-05,FedEx,7.61
2573,3233,2025-02-02,2025-02-05,2025-02-05,USPS,17.13
2574,3234,2024-02-12,2024-02-15,2024-02-14,Local Courier,9.75
2575,3235,2024-12-16,2024-12-19,2024-12-20,USPS,6.86
2576,3236,2025-05-20,2025-05-23,2025-05-23,FedEx,23.06
2577,3237,2024-07-11,2024-07-14,2024-07-15,Local Courier,23.56
2578,3238,2025-04-11,2025-04-14,2025-04-19,UPS,24.41
2579,3239,2025-02-14,2025-02-17,2025-02-16,USPS,20.07
2580,3240,2025-06-11,2025-06-14,2025-06-18,Local Courier,11.86
2581,3241,2025-09-26,2025-09-29,2025-10-01,UPS,22.48
2582,3245,2025-12-19,2025-12-22,2025-12-24,UPS,27.19
2583,3246,2024-07-06,2024-07-09,2024-07-11,Local Courier,21.76
2584,3247,2024-07-13,2024-07-16,2024-07-17,UPS,6.78
2585,3249,2024-07-18,2024-07-21,2024-07-19,Local Courier,10.83
2586,3250,2024-07-09,2024-07-12,2024-07-11,UPS,23.85
2587,3253,2025-12-16,2025-12-19,2025-12-19,USPS,27.37
2588,3254,2025-04-13,2025-04-16,2025-04-20,USPS,19.61
2589,3257,2025-08-16,2025-08-19,2025-08-17,UPS,10.91
2590,3258,2025-11-23,2025-11-26,2025-11-28,USPS,7.96
2591,3259,2025-04-27,2025-04-30,2025-05-01,UPS,18.72
2592,3262,2025-10-13,2025-10-16,2025-10-15,UPS,15.27
2593,3264,2024-08-09,2024-08-12,2024-08-12,UPS,8.32
2594,3266,2025-03-26,2025-03-29,2025-03-30,USPS,27.96
2595,3267,2025-01-31,2025-02-03,2025-02-04,USPS,24.5
2596,3268,2024-02-19,2024-02-22,2024-02-26,FedEx,26.61
2597,3269,2025-02-04,2025-02-07,2025-02-08,USPS,24.73
2598,3271,2025-12-30,2026-01-02,2026-01-03,USPS,24.57
2599,3272,2024-03-28,2024-03-31,2024-03-31,UPS,21.67
2600,3273,2024-05-01,2024-05-04,2024-05-02,USPS,5.66
2601,3274,2025-01-10,2025-01-13,2025-01-12,UPS,22.19
2602,3275,2025-05-20,2025-05-23,2025-05-24,USPS,9.35
2603,3276,2025-07-22,2025-07-25,2025-07-23,FedEx,8.9
2604,3278,2025-05-02,2025-05-05,2025-05-06,FedEx,10.96
2605,3279,2025-10-19,2025-10-22,2025-10-23,UPS,10.36
2606,3280,2024-05-27,2024-05-30,2024-05-28,Local Courier,16.72
2607,3281,2025-08-19,2025-08-22,2025-08-22,USPS,27.69
2608,3283,2025-12-09,2025-12-12,2025-12-15,UPS,17.35
2609,3284,2025-02-01,2025-02-04,2025-02-03,USPS,27.35
2610,3285,2025-09-29,2025-10-02,2025-10-04,UPS,12.23
2611,3287,2024-08-16,2024-08-19,2024-08-20,USPS,8.6
2612,3288,2025-11-09,2025-11-12,2025-11-15,FedEx,15.14
2613,3289,2024-05-01,2024-05-04,2024-05-03,Local Courier,8.0
2614,3290,2025-06-15,2025-06-18,2025-06-17,FedEx,22.57
2615,3291,2025-04-02,2025-04-05,2025-04-05,USPS,25.6
2616,3292,2025-06-24,2025-06-27,2025-06-27,UPS,25.92
2617,3293,2024-10-20,2024-10-23,2024-10-25,Local Courier,19.55
2618,3294,2025-08-28,2025-08-31,2025-08-30,UPS,5.33
2619,3295,2024-01-07,2024-01-10,2024-01-11,FedEx,14.67
2620,3296,2024-09-22,2024-09-25,2024-09-23,FedEx,7.96
2621,3297,2025-02-08,2025-02-11,2025-02-11,FedEx,26.34
2622,3299,2025-01-20,2025-01-23,2025-01-24,Local Courier,23.76
2623,3300,2025-03-29,2025-04-01,2025-03-31,USPS,5.81
2624,3301,2025-12-09,2025-12-12,2025-12-11,Local Courier,16.28
2625,3302,2025-06-25,2025-06-28,2025-06-29,Local Courier,11.06
2626,3303,2024-09-10,2024-09-13,2024-09-14,USPS,12.23
2627,3304,2025-04-05,2025-04-08,2025-04-07,Local Courier,22.72
2628,3305,2024-04-14,2024-04-17,2024-04-17,UPS,9.69
2629,3306,2025-05-09,2025-05-12,2025-05-15,UPS,11.37
2630,3307,2025-09-22,2025-09-25,2025-09-23,FedEx,23.36
2631,3308,2025-09-14,2025-09-17,2025-09-17,FedEx,18.15
2632,3309,2024-02-10,2024-02-13,2024-02-14,FedEx,6.94
2633,3310,2024-06-19,2024-06-22,2024-06-23,USPS,10.54
2634,3311,2024-07-04,2024-07-07,2024-07-08,FedEx,23.02
2635,3312,2024-07-05,2024-07-08,2024-07-08,Local Courier,21.42
2636,3314,2025-01-29,2025-02-01,2025-01-30,UPS,24.25
2637,3315,2024-03-11,2024-03-14,2024-03-16,UPS,4.04
2638,3317,2024-01-24,2024-01-27,2024-01-25,USPS,15.47
2639,3318,2024-05-09,2024-05-12,2024-05-15,FedEx,27.56
2640,3319,2024-03-15,2024-03-18,2024-03-18,UPS,22.28
2641,3321,2025-12-25,2025-12-28,2025-12-26,USPS,19.21
2642,3322,2024-09-11,2024-09-14,2024-09-13,FedEx,13.26
2643,3323,2025-05-31,2025-06-03,2025-06-06,FedEx,18.97
2644,3324,2025-01-28,2025-01-31,2025-02-01,UPS,27.6
2645,3325,2024-03-26,2024-03-29,2024-03-29,UPS,26.76
2646,3326,2024-12-14,2024-12-17,2024-12-15,Local Courier,23.61
2647,3327,2024-06-25,2024-06-28,2024-06-30,Local Courier,11.24
2648,3328,2025-07-05,2025-07-08,2025-07-09,UPS,6.1
2649,3329,2025-09-24,2025-09-27,2025-09-30,USPS,8.22
2650,3330,2026-01-03,2026-01-06,2026-01-04,Local Courier,5.23
2651,3332,2025-04-23,2025-04-26,2025-04-27,FedEx,26.93
2652,3333,2024-06-17,2024-06-20,2024-06-20,FedEx,24.97
2653,3334,2024-10-21,2024-10-24,2024-10-25,UPS,14.14
2654,3336,2024-01-07,2024-01-10,2024-01-09,UPS,14.82
2655,3337,2024-05-30,2024-06-02,2024-06-03,FedEx,26.17
2656,3338,2024-07-20,2024-07-23,2024-07-26,USPS,17.83
2657,3339,2024-04-02,2024-04-05,2024-04-09,USPS,19.38
2658,3340,2024-11-22,2024-11-25,2024-11-27,FedEx,9.88
2659,3341,2024-05-26,2024-05-29,2024-05-29,FedEx,6.13
2660,3342,2025-02-16,2025-02-19,2025-02-17,UPS,11.73
2661,3343,2025-07-10,2025-07-13,2025-07-12,UPS,19.48
2662,3344,2025-04-19,2025-04-22,2025-04-22,FedEx,12.83
2663,3347,2025-05-08,2025-05-11,2025-05-12,UPS,5.42
2664,3348,2025-09-14,2025-09-17,2025-09-15,Local Courier,26.79
2665,3349,2024-10-14,2024-10-17,2024-10-16,UPS,20.68
2666,3350,2025-01-11,2025-01-14,2025-01-15,UPS,10.27
2667,3351,2025-09-03,2025-09-06,2025-09-04,USPS,18.32
2668,3352,2024-07-16,2024-07-19,2024-07-20,FedEx,7.78
2669,3353,2024-01-22,2024-01-25,2024-01-26,USPS,8.91
2670,3354,2024-06-11,2024-06-14,2024-06-14,UPS,22.47
2671,3356,2025-10-04,2025-10-07,2025-10-06,Local Courier,8.96
2672,3357,2024-02-11,2024-02-14,2024-02-17,UPS,12.39
2673,3358,2025-12-17,2025-12-20,2025-12-19,USPS,13.03
2674,3359,2024-03-19,2024-03-22,2024-03-20,USPS,20.24
2675,3360,2024-10-19,2024-10-22,2024-10-24,FedEx,9.7
2676,3361,2025-03-05,2025-03-08,2025-03-08,FedEx,12.95
2677,3362,2024-08-05,2024-08-08,2024-08-11,UPS,19.99
2678,3363,2025-04-27,2025-04-30,2025-04-28,UPS,14.27
2679,3364,2024-10-26,2024-10-29,2024-10-29,Local Courier,7.2
2680,3367,2024-03-27,2024-03-30,2024-03-30,Local Courier,14.55
2681,3368,2025-08-13,2025-08-16,2025-08-17,FedEx,26.85
2682,3369,2025-12-08,2025-12-11,2025-12-12,FedEx,9.64
2683,3370,2024-06-22,2024-06-25,2024-06-26,Local Courier,27.7
2684,3373,2024-09-17,2024-09-20,2024-09-19,UPS,24.94
2685,3374,2024-05-13,2024-05-16,2024-05-17,Local Courier,9.57
2686,3375,2024-07-24,2024-07-27,2024-07-25,UPS,19.76
2687,3376,2024-07-04,2024-07-07,2024-07-07,USPS,23.34
2688,3377,2025-09-09,2025-09-12,2025-09-13,UPS,22.29
2689,3378,2024-02-09,2024-02-12,2024-02-11,USPS,18.89
2690,3379,2024-08-27,2024-08-30,2024-08-29,FedEx,8.77
2691,3380,2024-11-27,2024-11-30,2024-12-03,FedEx,27.6
2692,3381,2025-12-25,2025-12-28,2026-01-03,UPS,10.61
2693,3382,2024-04-21,2024-04-24,2024-04-23,UPS,25.61
2694,3383,2024-12-22,2024-12-25,2024-12-23,USPS,11.36
2695,3384,2025-02-14,2025-02-17,2025-02-21,USPS,11.74
2696,3385,2025-06-26,2025-06-29,2025-06-30,Local Courier,15.01
2697,3386,2025-07-29,2025-08-01,2025-08-02,FedEx,26.16
2698,3387,2025-02-13,2025-02-16,2025-02-15,Local Courier,21.48
2699,3389,2024-09-12,2024-09-15,2024-09-17,FedEx,18.27
2700,3390,2024-10-22,2024-10-25,2024-10-28,Local Courier,4.4
2701,3391,2025-01-08,2025-01-11,2025-01-11,UPS,13.36
2702,3393,2024-09-13,2024-09-16,2024-09-14,FedEx,25.03
2703,3395,2025-05-09,2025-05-12,2025-05-10,UPS,13.19
2704,3397,2025-03-22,2025-03-25,2025-03-23,USPS,16.62
2705,3398,2025-07-27,2025-07-30,2025-07-28,UPS,8.26
2706,3400,2025-09-05,2025-09-08,2025-09-09,USPS,20.59
2707,3402,2024-08-12,2024-08-15,2024-08-16,USPS,23.82
2708,3403,2025-08-31,2025-09-03,2025-09-01,FedEx,24.01
2709,3404,2024-01-17,2024-01-20,2024-01-19,UPS,8.17
2710,3406,2024-08-21,2024-08-24,2024-08-25,UPS,12.6
2711,3407,2025-11-11,2025-11-14,2025-11-12,Local Courier,21.55
2712,3409,2024-02-29,2024-03-03,2024-03-04,USPS,9.33
2713,3410,2024-12-19,2024-12-22,2024-12-20,UPS,11.26
2714,3411,2025-03-30,2025-04-02,2025-04-03,Local Courier,15.6
2715,3412,2025-06-25,2025-06-28,2025-06-29,Local Courier,18.62
2716,3413,2024-11-19,2024-11-22,2024-11-21,UPS,10.89
2717,3414,2025-05-09,2025-05-12,2025-05-12,FedEx,15.4
2718,3417,2024-09-04,2024-09-07,2024-09-06,FedEx,26.46
2719,3419,2025-01-05,2025-01-08,2025-01-08,UPS,13.82
2720,3422,2024-06-04,2024-06-07,2024-06-07,UPS,4.52
2721,3423,2024-10-13,2024-10-16,2024-10-14,USPS,25.29
2722,3424,2024-11-19,2024-11-22,2024-11-21,USPS,13.13
2723,3425,2024-08-29,2024-09-01,2024-09-07,Local Courier,5.85
2724,3426,2024-04-17,2024-04-20,2024-04-20,UPS,22.93
2725,3427,2024-12-07,2024-12-10,2024-12-08,USPS,7.54
2726,3428,2024-01-13,2024-01-16,2024-01-16,USPS,7.85
2727,3431,2024-04-23,2024-04-26,2024-04-26,FedEx,27.83
2728,3432,2024-04-28,2024-05-01,2024-04-30,USPS,6.06
2729,3433,2025-06-16,2025-06-19,2025-06-19,UPS,18.71
2730,3434,2025-10-17,2025-10-20,2025-10-18,FedEx,26.19
2731,3435,2024-03-12,2024-03-15,2024-03-17,FedEx,22.5
2732,3436,2025-07-23,2025-07-26,2025-07-30,USPS,17.98
2733,3438,2025-03-14,2025-03-17,2025-03-17,FedEx,12.52
2734,3439,2024-02-12,2024-02-15,2024-02-16,USPS,5.35
2735,3440,2025-09-21,2025-09-24,2025-09-24,FedEx,12.48
2736,3441,2024-11-16,2024-11-19,2024-11-21,FedEx,20.4
2737,3442,2024-12-14,2024-12-17,2024-12-21,UPS,7.36
2738,3443,2025-06-29,2025-07-02,2025-07-03,FedEx,21.15
2739,3444,2025-02-28,2025-03-03,2025-03-04,FedEx,27.63
2740,3445,2024-12-28,2024-12-31,2025-01-02,USPS,11.74
2741,3446,2025-06-12,2025-06-15,2025-06-15,UPS,9.51
2742,3447,2025-11-30,2025-12-03,2025-12-03,FedEx,17.11
2743,3448,2024-10-25,2024-10-28,2024-10-29,FedEx,26.8
2744,3450,2024-10-18,2024-10-21,2024-10-19,UPS,9.35
2745,3451,2025-02-24,2025-02-27,2025-02-27,Local Courier,11.76
2746,3452,2025-07-06,2025-07-09,2025-07-11,FedEx,13.07
2747,3453,2024-08-19,2024-08-22,2024-08-21,UPS,17.84
2748,3454,2024-02-27,2024-03-01,2024-02-28,Local Courier,18.73
2749,3455,2025-09-04,2025-09-07,2025-09-09,FedEx,11.24
2750,3456,2025-09-20,2025-09-23,2025-09-24,UPS,15.77
2751,3457,2025-07-22,2025-07-25,2025-07-24,FedEx,21.1
2752,3458,2025-01-05,2025-01-08,2025-01-08,UPS,20.79
2753,3460,2024-01-19,2024-01-22,2024-01-26,FedEx,17.6
2754,3462,2024-10-17,2024-10-20,2024-10-23,USPS,13.7
2755,3463,2025-12-30,2026-01-02,2026-01-01,FedEx,10.75
2756,3464,2024-08-12,2024-08-15,2024-08-14,UPS,15.48
2757,3465,2024-03-21,2024-03-24,2024-03-22,Local Courier,22.33
2758,3466,2024-06-15,2024-06-18,2024-06-16,USPS,16.59
2759,3468,2024-02-13,2024-02-16,2024-02-17,UPS,12.19
2760,3469,2025-08-17,2025-08-20,2025-08-21,UPS,20.95
2761,3471,2024-02-12,2024-02-15,2024-02-16,USPS,25.49
2762,3472,2024-09-16,2024-09-19,2024-09-20,Local Courier,12.05
2763,3474,2025-02-20,2025-02-23,2025-02-24,USPS,10.29
2764,3475,2025-08-09,2025-08-12,2025-08-11,UPS,7.68
2765,3476,2025-03-30,2025-04-02,2025-04-05,UPS,15.33
2766,3477,2025-06-09,2025-06-12,2025-06-16,FedEx,15.94
2767,3478,2025-05-03,2025-05-06,2025-05-06,FedEx,7.01
2768,3479,2024-04-14,2024-04-17,2024-04-16,USPS,9.73
2769,3480,2024-06-24,2024-06-27,2024-06-28,Local Courier,5.14
2770,3481,2025-02-08,2025-02-11,2025-02-11,Local Courier,25.07
2771,3482,2024-01-07,2024-01-10,2024-01-10,Local Courier,17.58
2772,3483,2024-09-03,2024-09-06,2024-09-10,USPS,12.06
2773,3484,2025-04-08,2025-04-11,2025-04-10,Local Courier,11.8
2774,3486,2024-12-18,2024-12-21,2024-12-19,UPS,5.1
2775,3487,2024-11-10,2024-11-13,2024-11-12,UPS,19.32
2776,3488,2025-09-01,2025-09-04,2025-09-08,Local Courier,21.4
2777,3489,2025-08-21,2025-08-24,2025-08-27,USPS,22.76
2778,3490,2024-12-30,2025-01-02,2024-12-31,UPS,19.8
2779,3492,2024-11-23,2024-11-26,2024-11-27,UPS,12.99
2780,3493,2025-02-09,2025-02-12,2025-02-16,FedEx,9.47
2781,3494,2025-10-06,2025-10-09,2025-10-09,UPS,5.1
2782,3495,2025-06-22,2025-06-25,2025-06-25,UPS,15.11
2783,3496,2025-05-12,2025-05-15,2025-05-13,FedEx,17.28
2784,3497,2025-12-06,2025-12-09,2025-12-12,UPS,18.64
2785,3498,2024-05-19,2024-05-22,2024-05-21,Local Courier,9.19
2786,3499,2024-02-11,2024-02-14,2024-02-14,FedEx,7.43
2787,3500,2025-02-16,2025-02-19,2025-02-17,FedEx,12.52
2788,3501,2024-06-06,2024-06-09,2024-06-07,Local Courier,6.6
2789,3504,2025-01-12,2025-01-15,2025-01-15,Local Courier,26.45
2790,3505,2025-08-19,2025-08-22,2025-08-26,Local Courier,27.07
2791,3507,2025-10-30,2025-11-02,2025-11-03,Local Courier,22.17
2792,3508,2024-12-29,2025-01-01,2025-01-04,UPS,14.44
2793,3509,2025-11-25,2025-11-28,2025-11-28,USPS,18.27
2794,3510,2025-10-31,2025-11-03,2025-11-02,UPS,24.54
2795,3511,2025-07-03,2025-07-06,2025-07-09,USPS,7.16
2796,3512,2025-05-20,2025-05-23,2025-05-22,FedEx,8.66
2797,3513,2024-07-30,2024-08-02,2024-08-01,UPS,22.07
2798,3514,2025-05-28,2025-05-31,2025-05-31,Local Courier,19.39
2799,3515,2024-08-16,2024-08-19,2024-08-18,FedEx,26.93
2800,3517,2024-08-30,2024-09-02,2024-09-03,USPS,17.79
2801,3519,2024-01-17,2024-01-20,2024-01-24,Local Courier,13.74
2802,3520,2025-07-06,2025-07-09,2025-07-07,USPS,14.3
2803,3521,2025-07-16,2025-07-19,2025-07-20,UPS,8.77
2804,3523,2024-12-24,2024-12-27,2024-12-28,USPS,7.01
2805,3524,2025-07-14,2025-07-17,2025-07-18,Local Courier,25.7
2806,3525,2025-05-31,2025-06-03,2025-06-04,Local Courier,26.41
2807,3527,2025-01-18,2025-01-21,2025-01-21,FedEx,26.5
2808,3528,2025-04-10,2025-04-13,2025-04-16,UPS,16.82
2809,3529,2025-02-02,2025-02-05,2025-02-10,USPS,7.56
2810,3530,2025-09-02,2025-09-05,2025-09-03,Local Courier,5.36
2811,3531,2024-01-03,2024-01-06,2024-01-12,FedEx,15.79
2812,3532,2025-04-25,2025-04-28,2025-04-28,FedEx,13.57
2813,3533,2024-07-26,2024-07-29,2024-07-28,UPS,24.37
2814,3534,2025-07-21,2025-07-24,2025-07-25,UPS,26.6
2815,3538,2025-09-05,2025-09-08,2025-09-07,Local Courier,4.75
2816,3540,2025-10-06,2025-10-09,2025-10-09,USPS,21.71
2817,3541,2025-04-26,2025-04-29,2025-04-30,USPS,27.4
2818,3542,2025-05-05,2025-05-08,2025-05-08,USPS,27.79
2819,3543,2025-08-11,2025-08-14,2025-08-18,Local Courier,10.99
2820,3544,2025-11-19,2025-11-22,2025-11-21,USPS,23.76
2821,3546,2024-09-21,2024-09-24,2024-09-24,Local Courier,10.76
2822,3547,2024-05-16,2024-05-19,2024-05-17,USPS,26.5
2823,3548,2025-10-13,2025-10-16,2025-10-17,Local Courier,16.63
2824,3549,2024-09-21,2024-09-24,2024-09-24,USPS,13.68
2825,3550,2024-01-04,2024-01-07,2024-01-07,UPS,7.27
2826,3551,2024-11-05,2024-11-08,2024-11-08,USPS,9.06
2827,3552,2024-12-17,2024-12-20,2024-12-22,UPS,5.52
2828,3553,2024-06-09,2024-06-12,2024-06-14,Local Courier,8.75
2829,3554,2025-08-03,2025-08-06,2025-08-06,UPS,16.06
2830,3555,2025-08-22,2025-08-25,2025-08-28,FedEx,13.46
2831,3556,2024-12-22,2024-12-25,2024-12-23,Local Courier,10.14
2832,3557,2025-09-29,2025-10-02,2025-10-04,FedEx,9.46
2833,3558,2024-12-30,2025-01-02,2024-12-31,USPS,6.28
2834,3559,2025-08-03,2025-08-06,2025-08-08,FedEx,9.14
2835,3560,2025-11-18,2025-11-21,2025-11-20,FedEx,21.15
2836,3562,2024-10-13,2024-10-16,2024-10-16,FedEx,14.9
2837,3563,2025-01-06,2025-01-09,2025-01-08,FedEx,10.08
2838,3564,2024-09-16,2024-09-19,2024-09-20,FedEx,20.08
2839,3565,2025-11-02,2025-11-05,2025-11-03,UPS,25.34
2840,3566,2024-09-19,2024-09-22,2024-09-23,USPS,18.23
2841,3567,2025-11-04,2025-11-07,2025-11-06,UPS,8.84
2842,3568,2024-01-04,2024-01-07,2024-01-07,USPS,4.09
2843,3570,2024-03-06,2024-03-09,2024-03-07,USPS,8.8
2844,3571,2024-01-16,2024-01-19,2024-01-19,FedEx,5.06
2845,3572,2025-04-16,2025-04-19,2025-04-22,Local Courier,25.92
2846,3573,2025-03-03,2025-03-06,2025-03-06,UPS,9.76
2847,3574,2024-09-01,2024-09-04,2024-09-04,Local Courier,15.66
2848,3575,2025-10-23,2025-10-26,2025-10-24,USPS,17.06
2849,3576,2025-02-13,2025-02-16,2025-02-16,FedEx,8.53
2850,3577,2025-05-12,2025-05-15,2025-05-14,FedEx,24.4
2851,3578,2024-12-22,2024-12-25,2024-12-29,UPS,9.62
2852,3579,2024-02-12,2024-02-15,2024-02-15,FedEx,6.2
2853,3580,2025-11-29,2025-12-02,2025-12-03,FedEx,23.6
2854,3581,2025-12-12,2025-12-15,2025-12-15,Local Courier,8.67
2855,3582,2024-01-14,2024-01-17,2024-01-20,USPS,27.06
2856,3583,2025-05-20,2025-05-23,2025-05-23,USPS,6.0
2857,3584,2025-10-03,2025-10-06,2025-10-08,UPS,14.56
2858,3585,2025-03-23,2025-03-26,2025-03-26,FedEx,5.61
2859,3586,2024-02-19,2024-02-22,2024-02-23,USPS,20.96
2860,3588,2024-10-30,2024-11-02,2024-11-06,Local Courier,22.04
2861,3589,2024-05-28,2024-05-31,2024-05-31,FedEx,26.75
2862,3590,2024-09-23,2024-09-26,2024-09-27,FedEx,7.94
2863,3592,2024-04-17,2024-04-20,2024-04-19,FedEx,18.26
2864,3594,2025-07-16,2025-07-19,2025-07-20,FedEx,10.92
2865,3595,2024-06-21,2024-06-24,2024-06-23,USPS,13.01
2866,3596,2025-10-13,2025-10-16,2025-10-16,UPS,20.65
2867,3597,2025-09-26,2025-09-29,2025-09-29,UPS,4.65
2868,3599,2024-10-29,2024-11-01,2024-10-31,Local Courier,14.63
2869,3600,2025-12-12,2025-12-15,2025-12-13,UPS,17.39
2870,3602,2024-08-19,2024-08-22,2024-08-20,FedEx,9.1
2871,3605,2025-01-13,2025-01-16,2025-01-17,Local Courier,19.05
2872,3606,2025-06-21,2025-06-24,2025-06-25,USPS,10.31
2873,3607,2024-04-19,2024-04-22,2024-04-26,FedEx,6.82
2874,3608,2025-11-04,2025-11-07,2025-11-06,UPS,17.22
2875,3609,2024-10-20,2024-10-23,2024-10-27,FedEx,17.77
2876,3610,2024-01-22,2024-01-25,2024-01-25,UPS,11.11
2877,3612,2025-02-10,2025-02-13,2025-02-14,Local Courier,14.81
2878,3614,2025-01-31,2025-02-03,2025-02-04,UPS,11.55
2879,3615,2025-12-01,2025-12-04,2025-12-03,USPS,7.72
2880,3616,2024-06-19,2024-06-22,2024-06-21,Local Courier,14.66
2881,3618,2025-08-22,2025-08-25,2025-08-24,UPS,26.14
2882,3619,2024-01-08,2024-01-11,2024-01-17,Local Courier,6.16
2883,3620,2024-05-07,2024-05-10,2024-05-09,USPS,16.21
2884,3622,2024-05-07,2024-05-10,2024-05-10,USPS,19.78
2885,3623,2024-07-12,2024-07-15,2024-07-16,Local Courier,9.72
2886,3624,2024-01-13,2024-01-16,2024-01-21,USPS,8.46
2887,3626,2024-09-24,2024-09-27,2024-09-25,UPS,20.68
2888,3627,2024-04-11,2024-04-14,2024-04-14,Local Courier,4.7
2889,3628,2024-11-11,2024-11-14,2024-11-17,Local Courier,26.31
2890,3629,2024-03-11,2024-03-14,2024-03-16,Local Courier,13.18
2891,3630,2024-03-15,2024-03-18,2024-03-18,Local Courier,11.96
2892,3631,2024-08-18,2024-08-21,2024-08-22,UPS,15.97
2893,3632,2024-03-25,2024-03-28,2024-03-29,USPS,6.11
2894,3633,2024-05-13,2024-05-16,2024-05-17,FedEx,20.74
2895,3634,2025-06-19,2025-06-22,2025-06-21,USPS,9.25
2896,3635,2024-08-21,2024-08-24,2024-08-23,FedEx,22.84
2897,3638,2025-10-07,2025-10-10,2025-10-12,UPS,7.01
2898,3639,2024-01-10,2024-01-13,2024-01-11,USPS,25.87
2899,3641,2025-09-12,2025-09-15,2025-09-16,Local Courier,16.41
2900,3642,2025-01-12,2025-01-15,2025-01-15,UPS,7.54
2901,3644,2024-02-07,2024-02-10,2024-02-10,USPS,13.37
2902,3645,2025-02-24,2025-02-27,2025-03-01,Local Courier,24.54
2903,3646,2024-03-09,2024-03-12,2024-03-11,FedEx,13.31
2904,3647,2025-06-02,2025-06-05,2025-06-03,USPS,22.68
2905,3651,2024-06-02,2024-06-05,2024-06-08,UPS,5.24
2906,3652,2025-10-20,2025-10-23,2025-10-25,Local Courier,5.37
2907,3653,2024-11-05,2024-11-08,2024-11-09,UPS,27.08
2908,3654,2025-12-01,2025-12-04,2025-12-05,Local Courier,4.62
2909,3655,2025-06-03,2025-06-06,2025-06-04,FedEx,21.99
2910,3656,2024-08-27,2024-08-30,2024-08-29,FedEx,5.86
2911,3658,2024-03-17,2024-03-20,2024-03-24,UPS,16.01
2912,3659,2025-04-23,2025-04-26,2025-04-28,Local Courier,6.78
2913,3660,2024-03-23,2024-03-26,2024-03-28,UPS,21.02
2914,3661,2024-06-21,2024-06-24,2024-06-23,UPS,19.16
2915,3662,2024-08-04,2024-08-07,2024-08-05,Local Courier,17.26
2916,3663,2025-01-22,2025-01-25,2025-01-24,FedEx,24.05
2917,3664,2024-10-31,2024-11-03,2024-11-01,Local Courier,22.07
2918,3665,2025-12-26,2025-12-29,2026-01-02,Local Courier,13.24
2919,3666,2024-11-04,2024-11-07,2024-11-08,USPS,15.02
2920,3667,2025-09-12,2025-09-15,2025-09-13,FedEx,21.56
2921,3668,2025-03-21,2025-03-24,2025-03-25,UPS,5.14
2922,3670,2025-08-05,2025-08-08,2025-08-08,Local Courier,9.79
2923,3673,2024-07-14,2024-07-17,2024-07-19,FedEx,15.36
2924,3674,2024-05-11,2024-05-14,2024-05-14,UPS,17.87
2925,3675,2025-11-27,2025-11-30,2025-11-30,Local Courier,27.74
2926,3676,2024-07-07,2024-07-10,2024-07-11,USPS,10.63
2927,3677,2025-12-18,2025-12-21,2025-12-21,USPS,8.11
2928,3678,2024-08-28,2024-08-31,2024-09-01,USPS,5.19
2929,3679,2025-05-10,2025-05-13,2025-05-14,Local Courier,23.74
2930,3680,2024-09-23,2024-09-26,2024-09-29,USPS,11.05
2931,3681,2024-12-26,2024-12-29,2024-12-29,UPS,14.35
2932,3683,2024-08-05,2024-08-08,2024-08-09,UPS,12.02
2933,3684,2024-11-26,2024-11-29,2024-11-29,UPS,21.39
2934,3686,2024-08-08,2024-08-11,2024-08-14,UPS,20.18
2935,3688,2025-07-26,2025-07-29,2025-08-03,UPS,15.69
2936,3689,2025-07-10,2025-07-13,2025-07-17,USPS,11.22
2937,3690,2024-06-07,2024-06-10,2024-06-11,USPS,23.1
2938,3691,2025-11-10,2025-11-13,2025-11-12,FedEx,23.46
2939,3692,2025-08-06,2025-08-09,2025-08-10,UPS,6.53
2940,3694,2024-09-11,2024-09-14,2024-09-12,Local Courier,24.31
2941,3695,2025-10-07,2025-10-10,2025-10-10,FedEx,16.69
2942,3696,2025-02-08,2025-02-11,2025-02-11,USPS,20.87
2943,3698,2025-08-01,2025-08-04,2025-08-05,UPS,22.68
2944,3699,2024-06-04,2024-06-07,2024-06-07,Local Courier,21.19
2945,3701,2024-05-15,2024-05-18,2024-05-17,FedEx,4.47
2946,3702,2024-10-17,2024-10-20,2024-10-19,UPS,19.63
2947,3703,2025-03-14,2025-03-17,2025-03-19,USPS,15.61
2948,3704,2024-07-17,2024-07-20,2024-07-19,UPS,19.91
2949,3705,2025-09-03,2025-09-06,2025-09-05,FedEx,23.57
2950,3706,2025-02-17,2025-02-20,2025-02-21,UPS,13.0
2951,3707,2025-12-07,2025-12-10,2025-12-08,USPS,15.54
2952,3708,2024-06-05,2024-06-08,2024-06-11,USPS,9.02
2953,3709,2024-03-16,2024-03-19,2024-03-18,UPS,25.68
2954,3713,2025-12-28,2025-12-31,2025-12-30,Local Courier,15.11
2955,3714,2025-10-28,2025-10-31,2025-11-03,UPS,12.71
2956,3715,2024-03-28,2024-03-31,2024-03-29,USPS,20.85
2957,3716,2025-06-30,2025-07-03,2025-07-04,FedEx,17.68
2958,3718,2024-04-10,2024-04-13,2024-04-16,UPS,7.47
2959,3719,2025-06-03,2025-06-06,2025-06-06,Local Courier,21.63
2960,3721,2025-05-15,2025-05-18,2025-05-17,USPS,19.14
2961,3722,2025-06-19,2025-06-22,2025-06-23,Local Courier,17.69
2962,3723,2024-02-15,2024-02-18,2024-02-16,USPS,15.2
2963,3724,2025-02-10,2025-02-13,2025-02-15,USPS,18.98
2964,3727,2025-01-20,2025-01-23,2025-01-24,USPS,14.34
2965,3729,2024-11-24,2024-11-27,2024-11-28,USPS,13.67
2966,3730,2024-12-06,2024-12-09,2024-12-07,FedEx,14.65
2967,3731,2024-05-07,2024-05-10,2024-05-13,Local Courier,15.41
2968,3732,2024-04-11,2024-04-14,2024-04-14,Local Courier,14.81
2969,3733,2024-06-01,2024-06-04,2024-06-09,FedEx,14.19
2970,3735,2024-02-12,2024-02-15,2024-02-15,USPS,13.11
2971,3736,2024-11-22,2024-11-25,2024-11-25,UPS,5.47
2972,3738,2025-06-26,2025-06-29,2025-06-30,FedEx,14.04
2973,3739,2024-08-02,2024-08-05,2024-08-05,FedEx,16.11
2974,3740,2024-06-09,2024-06-12,2024-06-15,UPS,11.9
2975,3741,2024-12-25,2024-12-28,2024-12-27,USPS,11.77
2976,3742,2024-06-17,2024-06-20,2024-06-23,FedEx,7.17
2977,3743,2024-02-27,2024-03-01,2024-03-02,FedEx,12.83
2978,3744,2024-12-29,2025-01-01,2025-01-02,FedEx,4.08
2979,3745,2024-06-02,2024-06-05,2024-06-04,UPS,11.65
2980,3746,2025-08-28,2025-08-31,2025-08-31,UPS,21.3
2981,3747,2025-09-25,2025-09-28,2025-09-28,UPS,5.69
2982,3748,2024-01-04,2024-01-07,2024-01-05,FedEx,26.65
2983,3751,2025-04-06,2025-04-09,2025-04-09,Local Courier,15.22
2984,3753,2024-07-19,2024-07-22,2024-07-24,UPS,12.97
2985,3754,2024-10-31,2024-11-03,2024-11-03,UPS,18.33
2986,3755,2024-07-12,2024-07-15,2024-07-20,FedEx,12.67
2987,3756,2024-06-29,2024-07-02,2024-07-01,Local Courier,6.56
2988,3757,2025-07-28,2025-07-31,2025-07-30,USPS,10.69
2989,3758,2025-03-08,2025-03-11,2025-03-11,FedEx,5.3
2990,3759,2024-11-07,2024-11-10,2024-11-11,UPS,14.21
2991,3760,2024-05-19,2024-05-22,2024-05-22,Local Courier,6.77
2992,3761,2024-11-12,2024-11-15,2024-11-15,FedEx,25.93
2993,3763,2024-05-03,2024-05-06,2024-05-05,UPS,19.92
2994,3764,2025-11-24,2025-11-27,2025-11-27,FedEx,13.66
2995,3765,2025-11-09,2025-11-12,2025-11-16,USPS,21.32
2996,3766,2025-11-13,2025-11-16,2025-11-17,FedEx,5.15
2997,3767,2025-11-12,2025-11-15,2025-11-14,Local Courier,24.26
2998,3768,2024-12-24,2024-12-27,2024-12-29,UPS,12.13
2999,3769,2024-07-31,2024-08-03,2024-08-03,Local Courier,18.87
3000,3771,2024-02-12,2024-02-15,2024-02-14,USPS,18.14
3001,3773,2024-11-30,2024-12-03,2024-12-05,FedEx,25.88
3002,3775,2024-07-09,2024-07-12,2024-07-13,USPS,7.86
3003,3776,2025-11-15,2025-11-18,2025-11-18,UPS,12.61
3004,3778,2024-04-14,2024-04-17,2024-04-16,FedEx,24.75
3005,3779,2024-06-03,2024-06-06,2024-06-12,FedEx,24.65
3006,3780,2024-06-25,2024-06-28,2024-07-01,FedEx,21.5
3007,3781,2025-09-11,2025-09-14,2025-09-13,FedEx,12.63
3008,3782,2024-08-04,2024-08-07,2024-08-06,FedEx,5.0
3009,3783,2025-11-03,2025-11-06,2025-11-08,UPS,20.71
3010,3784,2025-10-19,2025-10-22,2025-10-20,UPS,18.27
3011,3785,2025-01-22,2025-01-25,2025-01-25,USPS,15.35
3012,3786,2025-01-07,2025-01-10,2025-01-14,UPS,12.12
3013,3787,2025-12-13,2025-12-16,2025-12-19,Local Courier,26.66
3014,3788,2025-12-14,2025-12-17,2025-12-15,Local Courier,14.53
3015,3790,2024-02-20,2024-02-23,2024-02-23,FedEx,15.43
3016,3791,2024-06-18,2024-06-21,2024-06-24,FedEx,13.08
3017,3792,2025-08-06,2025-08-09,2025-08-09,USPS,22.23
3018,3793,2025-06-08,2025-06-11,2025-06-09,UPS,7.48
3019,3795,2024-06-25,2024-06-28,2024-06-26,UPS,12.15
3020,3796,2025-11-10,2025-11-13,2025-11-11,UPS,17.92
3021,3797,2024-08-18,2024-08-21,2024-08-26,Local Courier,6.47
3022,3798,2025-08-13,2025-08-16,2025-08-14,Local Courier,21.86
3023,3799,2025-09-26,2025-09-29,2025-09-28,FedEx,11.22
3024,3800,2025-03-30,2025-04-02,2025-04-02,UPS,12.23
3025,3801,2024-11-25,2024-11-28,2024-11-30,FedEx,12.57
3026,3802,2025-02-06,2025-02-09,2025-02-08,FedEx,11.03
3027,3804,2025-08-16,2025-08-19,2025-08-24,UPS,9.62
3028,3805,2024-03-28,2024-03-31,2024-03-31,Local Courier,9.85
3029,3806,2025-08-16,2025-08-19,2025-08-18,Local Courier,24.4
3030,3809,2024-09-30,2024-10-03,2024-10-05,Local Courier,5.88
3031,3810,2024-10-17,2024-10-20,2024-10-18,UPS,9.1
3032,3811,2025-11-08,2025-11-11,2025-11-11,FedEx,12.83
3033,3812,2024-01-05,2024-01-08,2024-01-10,UPS,21.21
3034,3813,2024-03-13,2024-03-16,2024-03-16,FedEx,27.17
3035,3814,2025-03-09,2025-03-12,2025-03-12,FedEx,10.55
3036,3815,2024-11-18,2024-11-21,2024-11-22,UPS,14.99
3037,3816,2024-04-24,2024-04-27,2024-04-27,FedEx,19.1
3038,3817,2025-12-03,2025-12-06,2025-12-07,UPS,7.99
3039,3818,2024-05-06,2024-05-09,2024-05-08,Local Courier,11.55
3040,3819,2024-03-27,2024-03-30,2024-03-30,USPS,21.91
3041,3820,2025-05-31,2025-06-03,2025-06-01,USPS,7.47
3042,3822,2024-07-01,2024-07-04,2024-07-05,USPS,11.0
3043,3824,2025-12-14,2025-12-17,2025-12-15,USPS,22.16
3044,3825,2025-11-17,2025-11-20,2025-11-24,FedEx,23.69
3045,3826,2024-02-10,2024-02-13,2024-02-11,Local Courier,17.51
3046,3827,2024-04-30,2024-05-03,2024-05-04,Local Courier,8.19
3047,3829,2024-11-06,2024-11-09,2024-11-12,Local Courier,8.88
3048,3830,2024-08-17,2024-08-20,2024-08-20,Local Courier,16.27
3049,3831,2025-02-20,2025-02-23,2025-02-21,UPS,27.96
3050,3832,2025-01-25,2025-01-28,2025-01-28,UPS,18.75
3051,3835,2025-05-17,2025-05-20,2025-05-24,UPS,22.82
3052,3836,2025-04-24,2025-04-27,2025-04-27,Local Courier,11.85
3053,3837,2025-07-31,2025-08-03,2025-08-08,FedEx,24.27
3054,3838,2025-08-06,2025-08-09,2025-08-08,FedEx,14.75
3055,3839,2024-08-19,2024-08-22,2024-08-20,UPS,22.97
3056,3841,2025-12-21,2025-12-24,2025-12-23,USPS,7.43
3057,3843,2025-07-28,2025-07-31,2025-07-31,USPS,25.06
3058,3844,2024-02-23,2024-02-26,2024-02-26,UPS,21.84
3059,3845,2025-06-17,2025-06-20,2025-06-22,Local Courier,24.29
3060,3847,2024-12-14,2024-12-17,2024-12-16,Local Courier,13.8
3061,3848,2024-11-02,2024-11-05,2024-11-08,USPS,6.79
3062,3849,2025-06-10,2025-06-13,2025-06-12,USPS,8.67
3063,3850,2025-03-14,2025-03-17,2025-03-18,Local Courier,8.19
3064,3852,2024-04-15,2024-04-18,2024-04-19,Local Courier,26.84
3065,3853,2025-12-31,2026-01-03,2026-01-01,Local Courier,12.75
3066,3854,2024-05-12,2024-05-15,2024-05-15,UPS,12.83
3067,3855,2025-04-03,2025-04-06,2025-04-07,Local Courier,4.49
3068,3856,2024-02-08,2024-02-11,2024-02-11,USPS,4.9
3069,3857,2024-06-27,2024-06-30,2024-06-28,FedEx,22.59
3070,3858,2024-11-05,2024-11-08,2024-11-08,USPS,26.01
3071,3859,2025-10-30,2025-11-02,2025-11-03,UPS,7.17
3072,3860,2024-01-21,2024-01-24,2024-01-23,Local Courier,23.67
3073,3862,2024-06-02,2024-06-05,2024-06-05,UPS,12.79
3074,3863,2024-01-26,2024-01-29,2024-02-02,USPS,14.22
3075,3864,2025-02-28,2025-03-03,2025-03-01,Local Courier,10.85
3076,3866,2024-01-16,2024-01-19,2024-01-22,USPS,5.56
3077,3867,2024-12-27,2024-12-30,2025-01-03,Local Courier,7.77
3078,3868,2024-07-22,2024-07-25,2024-07-26,UPS,13.31
3079,3870,2025-10-21,2025-10-24,2025-10-28,Local Courier,6.7
3080,3871,2025-10-07,2025-10-10,2025-10-13,Local Courier,24.13
3081,3873,2024-02-16,2024-02-19,2024-02-19,USPS,22.04
3082,3874,2024-12-21,2024-12-24,2024-12-24,Local Courier,11.81
3083,3875,2025-02-08,2025-02-11,2025-02-11,USPS,12.75
3084,3877,2025-10-22,2025-10-25,2025-10-25,FedEx,27.62
3085,3879,2025-09-06,2025-09-09,2025-09-07,UPS,11.44
3086,3880,2024-04-29,2024-05-02,2024-05-01,USPS,8.94
3087,3881,2024-12-23,2024-12-26,2024-12-24,Local Courier,20.62
3088,3882,2024-08-31,2024-09-03,2024-09-04,FedEx,24.42
3089,3883,2025-08-16,2025-08-19,2025-08-19,USPS,22.33
3090,3884,2024-10-15,2024-10-18,2024-10-18,USPS,5.83
3091,3885,2024-02-02,2024-02-05,2024-02-08,USPS,12.72
3092,3886,2025-09-12,2025-09-15,2025-09-13,FedEx,24.46
3093,3887,2025-07-02,2025-07-05,2025-07-07,USPS,13.88
3094,3888,2025-01-19,2025-01-22,2025-01-21,FedEx,19.23
3095,3889,2025-04-08,2025-04-11,2025-04-14,FedEx,20.83
3096,3890,2024-05-17,2024-05-20,2024-05-19,USPS,6.49
3097,3891,2024-01-14,2024-01-17,2024-01-18,FedEx,24.86
3098,3892,2025-06-19,2025-06-22,2025-06-20,FedEx,18.93
3099,3893,2024-07-28,2024-07-31,2024-08-04,UPS,22.33
3100,3894,2024-12-06,2024-12-09,2024-12-10,FedEx,8.81
3101,3896,2024-06-06,2024-06-09,2024-06-09,UPS,7.21
3102,3897,2024-12-16,2024-12-19,2024-12-23,Local Courier,24.31
3103,3899,2024-02-03,2024-02-06,2024-02-10,FedEx,19.06
3104,3900,2024-06-12,2024-06-15,2024-06-16,USPS,26.26
3105,3901,2024-05-17,2024-05-20,2024-05-19,UPS,10.74
3106,3902,2024-09-01,2024-09-04,2024-09-08,USPS,21.79
3107,3903,2024-10-28,2024-10-31,2024-10-31,USPS,19.24
3108,3905,2024-12-08,2024-12-11,2024-12-10,Local Courier,24.72
3109,3906,2025-05-06,2025-05-09,2025-05-13,Local Courier,18.73
3110,3907,2025-10-15,2025-10-18,2025-10-22,UPS,7.98
3111,3908,2025-09-28,2025-10-01,2025-10-02,UPS,25.26
3112,3910,2025-05-01,2025-05-04,2025-05-05,USPS,17.26
3113,3911,2025-08-28,2025-08-31,2025-09-03,FedEx,25.78
3114,3912,2025-05-26,2025-05-29,2025-05-30,FedEx,11.85
3115,3913,2024-05-14,2024-05-17,2024-05-16,Local Courier,11.75
3116,3914,2024-07-16,2024-07-19,2024-07-20,Local Courier,9.71
3117,3915,2025-06-25,2025-06-28,2025-06-26,FedEx,25.0
3118,3916,2025-10-05,2025-10-08,2025-10-11,UPS,23.43
3119,3917,2024-04-15,2024-04-18,2024-04-19,UPS,26.78
3120,3918,2024-12-12,2024-12-15,2024-12-18,USPS,24.28
3121,3919,2025-07-25,2025-07-28,2025-07-28,UPS,5.9
3122,3920,2026-01-01,2026-01-04,2026-01-02,UPS,22.23
3123,3921,2024-08-11,2024-08-14,2024-08-14,UPS,15.81
3124,3922,2025-09-11,2025-09-14,2025-09-16,FedEx,26.09
3125,3923,2025-11-23,2025-11-26,2025-11-25,Local Courier,9.41
3126,3924,2024-10-13,2024-10-16,2024-10-14,FedEx,19.75
3127,3926,2025-12-26,2025-12-29,2025-12-29,Local Courier,25.05
3128,3927,2025-09-18,2025-09-21,2025-09-19,FedEx,9.57
3129,3928,2024-07-02,2024-07-05,2024-07-07,Local Courier,26.99
3130,3929,2025-02-24,2025-02-27,2025-02-28,FedEx,19.73
3131,3930,2025-07-13,2025-07-16,2025-07-17,UPS,5.88
3132,3931,2024-04-15,2024-04-18,2024-04-17,UPS,4.5
3133,3933,2025-07-30,2025-08-02,2025-08-01,Local Courier,22.62
3134,3935,2024-11-06,2024-11-09,2024-11-10,Local Courier,24.03
3135,3936,2024-11-25,2024-11-28,2024-11-28,UPS,26.13
3136,3937,2025-02-28,2025-03-03,2025-03-04,UPS,18.02
3137,3938,2024-04-13,2024-04-16,2024-04-16,FedEx,16.8
3138,3939,2025-07-26,2025-07-29,2025-07-29,FedEx,12.07
3139,3940,2025-12-04,2025-12-07,2025-12-05,USPS,12.39
3140,3942,2024-10-16,2024-10-19,2024-10-18,UPS,10.36
3141,3943,2025-09-13,2025-09-16,2025-09-19,UPS,12.79
3142,3944,2025-02-12,2025-02-15,2025-02-19,USPS,10.5
3143,3945,2024-08-26,2024-08-29,2024-08-28,UPS,24.48
3144,3947,2025-08-19,2025-08-22,2025-08-21,USPS,21.53
3145,3948,2025-07-20,2025-07-23,2025-07-23,UPS,19.02
3146,3949,2025-12-20,2025-12-23,2025-12-25,Local Courier,12.31
3147,3950,2024-11-26,2024-11-29,2024-11-28,Local Courier,8.43
3148,3951,2025-08-13,2025-08-16,2025-08-16,UPS,12.41
3149,3952,2025-12-13,2025-12-16,2025-12-15,UPS,6.99
3150,3953,2024-02-24,2024-02-27,2024-02-27,Local Courier,18.18
3151,3954,2024-06-26,2024-06-29,2024-06-29,UPS,19.88
3152,3956,2025-05-04,2025-05-07,2025-05-07,Local Courier,8.97
3153,3958,2024-12-25,2024-12-28,2024-12-28,USPS,16.03
3154,3959,2025-07-14,2025-07-17,2025-07-15,UPS,10.43
3155,3960,2024-09-18,2024-09-21,2024-09-22,FedEx,20.87
3156,3962,2025-03-12,2025-03-15,2025-03-16,Local Courier,4.13
3157,3963,2024-01-04,2024-01-07,2024-01-08,USPS,20.99
3158,3965,2025-08-21,2025-08-24,2025-08-22,USPS,14.65
3159,3966,2025-06-01,2025-06-04,2025-06-02,UPS,19.21
3160,3967,2025-07-27,2025-07-30,2025-07-31,USPS,10.12
3161,3968,2025-03-29,2025-04-01,2025-04-05,FedEx,26.08
3162,3971,2024-02-05,2024-02-08,2024-02-10,USPS,18.93
3163,3973,2025-08-13,2025-08-16,2025-08-16,Local Courier,23.58
3164,3974,2024-07-10,2024-07-13,2024-07-11,FedEx,20.46
3165,3975,2025-07-08,2025-07-11,2025-07-11,Local Courier,13.21
3166,3978,2024-07-14,2024-07-17,2024-07-20,USPS,16.06
3167,3979,2024-04-11,2024-04-14,2024-04-14,USPS,10.4
3168,3980,2025-05-10,2025-05-13,2025-05-14,UPS,24.04
3169,3981,2025-06-29,2025-07-02,2025-06-30,USPS,9.85
3170,3982,2024-05-25,2024-05-28,2024-05-29,Local Courier,22.08
3171,3983,2024-05-16,2024-05-19,2024-05-25,FedEx,24.06
3172,3984,2025-12-04,2025-12-07,2025-12-10,FedEx,7.75
3173,3985,2025-05-27,2025-05-30,2025-05-28,USPS,9.21
3174,3986,2024-03-30,2024-04-02,2024-04-02,USPS,24.15
3175,3987,2025-02-10,2025-02-13,2025-02-13,UPS,14.2
3176,3988,2024-07-11,2024-07-14,2024-07-14,Local Courier,11.68
3177,3989,2024-03-12,2024-03-15,2024-03-16,FedEx,10.76
3178,3990,2025-09-22,2025-09-25,2025-09-27,FedEx,27.51
3179,3992,2024-01-21,2024-01-24,2024-01-27,FedEx,8.03
3180,3993,2025-01-10,2025-01-13,2025-01-14,USPS,10.99
3181,3994,2024-05-29,2024-06-01,2024-06-04,UPS,25.31
3182,3995,2025-09-14,2025-09-17,2025-09-18,FedEx,20.31
3183,3996,2025-07-08,2025-07-11,2025-07-11,Local Courier,22.38
3184,3997,2025-11-21,2025-11-24,2025-11-24,Local Courier,12.5
3185,3998,2024-06-09,2024-06-12,2024-06-14,FedEx,24.92
3186,3999,2024-09-25,2024-09-28,2024-09-30,USPS,19.94
3187,4000,2024-09-10,2024-09-13,2024-09-15,FedEx,14.74
3188,4001,2025-09-17,2025-09-20,2025-09-22,FedEx,12.25
3189,4003,2024-09-30,2024-10-03,2024-10-06,USPS,20.88
3190,4004,2024-04-10,2024-04-13,2024-04-15,UPS,12.69
3191,4005,2024-04-07,2024-04-10,2024-04-09,Local Courier,21.79
3192,4007,2025-07-29,2025-08-01,2025-08-01,UPS,18.62
3193,4008,2024-06-06,2024-06-09,2024-06-08,Local Courier,7.73
3194,4010,2025-02-21,2025-02-24,2025-02-26,UPS,15.84
3195,4011,2025-10-18,2025-10-21,2025-10-19,Local Courier,21.61
3196,4012,2024-08-30,2024-09-02,2024-09-01,UPS,12.29
3197,4013,2024-11-21,2024-11-24,2024-11-24,FedEx,18.37
3198,4014,2024-09-04,2024-09-07,2024-09-07,FedEx,17.55
3199,4016,2025-01-24,2025-01-27,2025-01-28,Local Courier,7.99
3200,4017,2025-07-02,2025-07-05,2025-07-04,FedEx,10.55
3201,4018,2025-12-27,2025-12-30,2025-12-31,USPS,15.02
3202,4020,2024-10-24,2024-10-27,2024-10-27,USPS,6.86
3203,4021,2024-04-18,2024-04-21,2024-04-22,UPS,10.27
3204,4022,2024-07-04,2024-07-07,2024-07-09,UPS,19.24
3205,4025,2024-05-12,2024-05-15,2024-05-16,UPS,8.27
3206,4026,2025-07-12,2025-07-15,2025-07-14,FedEx,16.72
3207,4027,2024-11-08,2024-11-11,2024-11-09,UPS,7.29
3208,4029,2025-12-05,2025-12-08,2025-12-09,Local Courier,6.95
3209,4031,2024-02-08,2024-02-11,2024-02-11,UPS,4.57
3210,4032,2025-02-07,2025-02-10,2025-02-09,USPS,21.44
3211,4035,2025-03-19,2025-03-22,2025-03-21,FedEx,15.22
3212,4036,2025-09-13,2025-09-16,2025-09-17,USPS,26.56
3213,4037,2024-08-16,2024-08-19,2024-08-17,Local Courier,5.9
3214,4038,2024-05-15,2024-05-18,2024-05-19,Local Courier,9.41
3215,4039,2024-11-19,2024-11-22,2024-11-22,UPS,12.33
3216,4040,2024-09-02,2024-09-05,2024-09-05,Local Courier,5.54
3217,4041,2024-05-04,2024-05-07,2024-05-05,UPS,16.48
3218,4042,2025-10-24,2025-10-27,2025-10-25,UPS,27.23
3219,4044,2025-08-17,2025-08-20,2025-08-20,USPS,9.86
3220,4046,2025-03-18,2025-03-21,2025-03-25,USPS,19.81
3221,4047,2024-07-18,2024-07-21,2024-07-22,Local Courier,7.12
3222,4048,2025-07-27,2025-07-30,2025-07-29,USPS,15.85
3223,4049,2025-07-26,2025-07-29,2025-07-28,UPS,6.3
3224,4050,2025-08-30,2025-09-02,2025-09-02,USPS,26.92
3225,4051,2024-08-06,2024-08-09,2024-08-11,Local Courier,8.57
3226,4052,2025-12-24,2025-12-27,2025-12-25,UPS,4.37
3227,4053,2025-11-09,2025-11-12,2025-11-10,USPS,5.65
3228,4054,2025-05-05,2025-05-08,2025-05-10,USPS,4.17
3229,4055,2024-10-19,2024-10-22,2024-10-23,Local Courier,7.92
3230,4056,2025-08-12,2025-08-15,2025-08-13,USPS,5.33
3231,4058,2024-03-18,2024-03-21,2024-03-22,USPS,24.56
3232,4059,2024-06-18,2024-06-21,2024-06-20,UPS,26.98
3233,4060,2024-08-09,2024-08-12,2024-08-12,UPS,23.4
3234,4061,2024-10-29,2024-11-01,2024-10-31,UPS,17.2
3235,4062,2025-06-10,2025-06-13,2025-06-18,Local Courier,8.02
3236,4063,2025-01-24,2025-01-27,2025-01-28,UPS,12.02
3237,4065,2025-03-19,2025-03-22,2025-03-25,UPS,19.17
3238,4066,2024-11-20,2024-11-23,2024-11-24,UPS,21.75
3239,4067,2024-10-16,2024-10-19,2024-10-18,USPS,8.58
3240,4068,2024-07-21,2024-07-24,2024-07-23,UPS,10.16
3241,4069,2025-04-21,2025-04-24,2025-04-25,FedEx,15.27
3242,4070,2025-10-20,2025-10-23,2025-10-24,Local Courier,7.41
3243,4071,2025-01-18,2025-01-21,2025-01-22,USPS,23.56
3244,4072,2024-08-02,2024-08-05,2024-08-07,Local Courier,7.12
3245,4073,2025-09-07,2025-09-10,2025-09-09,Local Courier,4.94
3246,4074,2024-06-28,2024-07-01,2024-07-02,UPS,16.42
3247,4075,2025-07-15,2025-07-18,2025-07-19,Local Courier,19.01
3248,4077,2025-04-16,2025-04-19,2025-04-19,FedEx,7.68
3249,4078,2025-07-15,2025-07-18,2025-07-19,FedEx,9.73
3250,4081,2024-10-07,2024-10-10,2024-10-09,FedEx,26.19
3251,4082,2025-01-01,2025-01-04,2025-01-08,UPS,9.83
3252,4084,2024-04-16,2024-04-19,2024-04-19,Local Courier,14.05
3253,4085,2025-06-19,2025-06-22,2025-06-22,UPS,6.2
3254,4087,2024-01-20,2024-01-23,2024-01-22,UPS,10.12
3255,4088,2024-08-01,2024-08-04,2024-08-02,USPS,26.53
3256,4089,2024-12-07,2024-12-10,2024-12-11,Local Courier,7.73
3257,4090,2024-08-15,2024-08-18,2024-08-21,FedEx,14.52
3258,4091,2024-12-21,2024-12-24,2024-12-22,UPS,17.7
3259,4092,2024-06-07,2024-06-10,2024-06-09,UPS,5.19
3260,4093,2024-02-11,2024-02-14,2024-02-15,USPS,5.16
3261,4094,2024-04-11,2024-04-14,2024-04-16,USPS,9.12
3262,4095,2025-03-14,2025-03-17,2025-03-22,FedEx,23.98
3263,4096,2024-04-25,2024-04-28,2024-04-29,USPS,6.56
3264,4097,2024-05-18,2024-05-21,2024-05-20,FedEx,13.21
3265,4098,2025-10-26,2025-10-29,2025-10-30,USPS,27.06
3266,4099,2024-12-12,2024-12-15,2024-12-15,FedEx,19.6
3267,4100,2025-09-07,2025-09-10,2025-09-10,USPS,27.65
3268,4102,2025-12-24,2025-12-27,2025-12-26,Local Courier,4.07
3269,4103,2024-11-07,2024-11-10,2024-11-14,FedEx,6.98
3270,4106,2024-02-28,2024-03-02,2024-03-03,USPS,16.18
3271,4108,2025-12-09,2025-12-12,2025-12-15,UPS,6.54
3272,4109,2025-06-24,2025-06-27,2025-06-25,UPS,15.65
3273,4111,2025-11-14,2025-11-17,2025-11-15,USPS,8.02
3274,4112,2024-02-25,2024-02-28,2024-02-28,USPS,9.72
3275,4113,2025-01-17,2025-01-20,2025-01-20,UPS,23.86
3276,4114,2025-09-16,2025-09-19,2025-09-21,Local Courier,24.77
3277,4115,2024-05-30,2024-06-02,2024-06-01,USPS,19.65
3278,4118,2024-10-01,2024-10-04,2024-10-04,Local Courier,10.66
3279,4119,2025-05-31,2025-06-03,2025-06-03,UPS,23.37
3280,4120,2024-07-01,2024-07-04,2024-07-04,USPS,26.64
3281,4121,2024-12-30,2025-01-02,2025-01-02,UPS,20.77
3282,4123,2024-02-12,2024-02-15,2024-02-14,FedEx,22.73
3283,4124,2025-08-23,2025-08-26,2025-08-26,FedEx,4.85
3284,4125,2025-01-26,2025-01-29,2025-01-28,UPS,9.73
3285,4126,2025-04-18,2025-04-21,2025-04-21,FedEx,23.28
3286,4127,2024-02-27,2024-03-01,2024-03-02,UPS,5.99
3287,4128,2025-12-17,2025-12-20,2025-12-19,UPS,7.56
3288,4129,2024-06-30,2024-07-03,2024-07-04,Local Courier,17.79
3289,4130,2025-12-17,2025-12-20,2025-12-21,USPS,10.97
3290,4131,2025-03-02,2025-03-05,2025-03-08,UPS,22.41
3291,4132,2024-07-11,2024-07-14,2024-07-15,FedEx,8.52
3292,4133,2025-04-04,2025-04-07,2025-04-11,FedEx,27.91
3293,4134,2024-06-10,2024-06-13,2024-06-12,UPS,24.87
3294,4136,2025-04-24,2025-04-27,2025-04-26,FedEx,23.98
3295,4137,2024-05-23,2024-05-26,2024-05-26,Local Courier,26.15
3296,4138,2025-03-28,2025-03-31,2025-04-02,Local Courier,20.74
3297,4140,2024-06-24,2024-06-27,2024-06-28,USPS,16.9
3298,4141,2025-10-07,2025-10-10,2025-10-10,FedEx,21.67
3299,4142,2025-04-19,2025-04-22,2025-04-20,USPS,21.95
3300,4144,2025-02-21,2025-02-24,2025-02-23,UPS,14.16
3301,4145,2024-08-28,2024-08-31,2024-08-30,FedEx,17.83
3302,4146,2025-08-09,2025-08-12,2025-08-14,Local Courier,4.23
3303,4147,2024-08-21,2024-08-24,2024-08-24,Local Courier,20.31
3304,4148,2024-01-20,2024-01-23,2024-01-24,USPS,13.49
3305,4149,2024-01-05,2024-01-08,2024-01-11,Local Courier,13.68
3306,4150,2024-03-12,2024-03-15,2024-03-17,USPS,8.06
3307,4151,2024-07-11,2024-07-14,2024-07-15,Local Courier,17.04
3308,4152,2025-04-21,2025-04-24,2025-04-27,Local Courier,10.71
3309,4153,2024-02-08,2024-02-11,2024-02-13,Local Courier,18.21
3310,4154,2025-12-29,2026-01-01,2025-12-30,UPS,6.52
3311,4156,2024-08-31,2024-09-03,2024-09-02,UPS,21.87
3312,4158,2025-09-22,2025-09-25,2025-09-26,Local Courier,20.42
3313,4159,2024-02-01,2024-02-04,2024-02-03,FedEx,12.27
3314,4160,2025-04-20,2025-04-23,2025-04-23,FedEx,25.22
3315,4161,2024-05-02,2024-05-05,2024-05-05,USPS,17.64
3316,4162,2025-03-23,2025-03-26,2025-03-26,Local Courier,21.71
3317,4163,2025-07-29,2025-08-01,2025-08-02,USPS,10.54
3318,4164,2024-12-22,2024-12-25,2024-12-27,Local Courier,7.89
3319,4165,2025-01-05,2025-01-08,2025-01-10,Local Courier,13.28
3320,4166,2025-05-26,2025-05-29,2025-05-31,USPS,7.23
3321,4167,2024-07-06,2024-07-09,2024-07-09,UPS,12.49
3322,4168,2024-02-12,2024-02-15,2024-02-15,FedEx,14.88
3323,4170,2024-02-05,2024-02-08,2024-02-08,FedEx,18.72
3324,4171,2025-10-07,2025-10-10,2025-10-14,USPS,6.72
3325,4172,2025-01-14,2025-01-17,2025-01-18,USPS,22.1
3326,4173,2025-03-18,2025-03-21,2025-03-22,USPS,23.6
3327,4174,2025-03-02,2025-03-05,2025-03-06,Local Courier,23.7
3328,4175,2024-07-21,2024-07-24,2024-07-24,UPS,5.32
3329,4176,2025-12-24,2025-12-27,2025-12-27,UPS,16.39
3330,4178,2024-01-17,2024-01-20,2024-01-22,Local Courier,6.83
3331,4179,2025-09-30,2025-10-03,2025-10-04,Local Courier,20.39
3332,4181,2025-10-03,2025-10-06,2025-10-07,UPS,23.75
3333,4182,2025-11-25,2025-11-28,2025-11-27,USPS,24.51
3334,4183,2025-08-17,2025-08-20,2025-08-22,Local Courier,6.36
3335,4184,2024-01-22,2024-01-25,2024-01-26,UPS,10.01
3336,4186,2025-11-09,2025-11-12,2025-11-13,UPS,18.08
3337,4187,2024-07-19,2024-07-22,2024-07-23,UPS,20.89
3338,4188,2024-04-16,2024-04-19,2024-04-20,UPS,15.26
3339,4189,2024-09-18,2024-09-21,2024-09-21,USPS,25.41
3340,4190,2024-12-20,2024-12-23,2024-12-26,USPS,26.39
3341,4191,2025-02-21,2025-02-24,2025-02-24,USPS,5.79
3342,4192,2025-09-17,2025-09-20,2025-09-20,USPS,11.71
3343,4193,2025-03-24,2025-03-27,2025-03-27,Local Courier,24.16
3344,4194,2025-02-08,2025-02-11,2025-02-11,UPS,9.96
3345,4195,2025-04-12,2025-04-15,2025-04-16,USPS,20.16
3346,4196,2024-03-19,2024-03-22,2024-03-27,USPS,15.22
3347,4199,2024-04-18,2024-04-21,2024-04-20,USPS,24.96
3348,4200,2024-04-14,2024-04-17,2024-04-16,USPS,21.38
3349,4203,2025-12-29,2026-01-01,2026-01-02,UPS,12.68
3350,4204,2025-07-26,2025-07-29,2025-07-28,Local Courier,27.57
3351,4205,2024-10-12,2024-10-15,2024-10-15,USPS,9.11
3352,4206,2024-04-17,2024-04-20,2024-04-18,Local Courier,23.77
3353,4207,2025-05-06,2025-05-09,2025-05-10,Local Courier,17.54
3354,4208,2024-03-25,2024-03-28,2024-03-26,FedEx,26.3
3355,4210,2025-12-13,2025-12-16,2025-12-16,Local Courier,15.8
3356,4211,2025-10-20,2025-10-23,2025-10-24,UPS,6.72
3357,4212,2024-03-28,2024-03-31,2024-03-31,Local Courier,27.81
3358,4214,2024-04-20,2024-04-23,2024-04-22,Local Courier,9.8
3359,4215,2024-11-28,2024-12-01,2024-11-29,FedEx,11.01
3360,4217,2025-12-26,2025-12-29,2025-12-28,FedEx,7.69
3361,4218,2024-09-29,2024-10-02,2024-10-04,FedEx,26.1
3362,4219,2025-05-01,2025-05-04,2025-05-03,Local Courier,19.56
3363,4221,2024-12-19,2024-12-22,2024-12-24,FedEx,7.98
3364,4222,2025-09-01,2025-09-04,2025-09-08,FedEx,6.98
3365,4223,2024-03-04,2024-03-07,2024-03-07,Local Courier,13.71
3366,4224,2024-07-06,2024-07-09,2024-07-09,Local Courier,12.96
3367,4225,2024-08-14,2024-08-17,2024-08-15,FedEx,13.11
3368,4226,2024-05-30,2024-06-02,2024-06-05,USPS,23.5
3369,4227,2024-01-28,2024-01-31,2024-02-06,FedEx,14.01
3370,4228,2025-12-13,2025-12-16,2025-12-19,FedEx,10.01
3371,4229,2024-10-30,2024-11-02,2024-11-04,USPS,10.5
3372,4230,2025-06-14,2025-06-17,2025-06-19,UPS,18.94
3373,4232,2024-09-20,2024-09-23,2024-09-24,UPS,17.21
3374,4233,2024-07-15,2024-07-18,2024-07-18,UPS,25.27
3375,4234,2024-06-19,2024-06-22,2024-06-27,Local Courier,18.49
3376,4235,2025-05-26,2025-05-29,2025-05-27,Local Courier,4.88
3377,4236,2024-03-01,2024-03-04,2024-03-04,Local Courier,17.38
3378,4237,2025-12-18,2025-12-21,2025-12-23,UPS,24.49
3379,4238,2024-06-15,2024-06-18,2024-06-19,Local Courier,22.09
3380,4239,2024-01-18,2024-01-21,2024-01-21,Local Courier,18.03
3381,4240,2024-05-17,2024-05-20,2024-05-21,Local Courier,17.12
3382,4241,2025-11-21,2025-11-24,2025-11-28,USPS,19.57
3383,4242,2025-06-13,2025-06-16,2025-06-14,FedEx,13.66
3384,4243,2024-08-18,2024-08-21,2024-08-19,Local Courier,9.76
3385,4244,2024-04-21,2024-04-24,2024-04-27,Local Courier,11.77
3386,4245,2024-12-09,2024-12-12,2024-12-13,USPS,17.93
3387,4247,2024-09-23,2024-09-26,2024-09-25,Local Courier,13.26
3388,4248,2024-07-06,2024-07-09,2024-07-07,UPS,5.44
3389,4249,2025-03-13,2025-03-16,2025-03-17,FedEx,4.02
3390,4251,2024-05-31,2024-06-03,2024-06-04,Local Courier,12.28
3391,4252,2024-12-04,2024-12-07,2024-12-12,FedEx,8.8
3392,4253,2025-02-18,2025-02-21,2025-02-20,FedEx,14.06
3393,4255,2024-09-10,2024-09-13,2024-09-11,FedEx,10.39
3394,4256,2024-04-27,2024-04-30,2024-05-04,FedEx,6.94
3395,4257,2025-06-05,2025-06-08,2025-06-08,Local Courier,6.93
3396,4258,2025-11-05,2025-11-08,2025-11-09,FedEx,16.65
3397,4260,2024-07-24,2024-07-27,2024-07-29,FedEx,21.17
3398,4261,2025-01-19,2025-01-22,2025-01-22,UPS,18.14
3399,4262,2025-12-19,2025-12-22,2025-12-21,USPS,19.13
3400,4263,2025-01-14,2025-01-17,2025-01-18,UPS,6.76
3401,4264,2025-09-24,2025-09-27,2025-09-28,Local Courier,10.29
3402,4265,2025-11-07,2025-11-10,2025-11-11,Local Courier,27.95
3403,4266,2025-11-12,2025-11-15,2025-11-20,FedEx,16.9
3404,4267,2024-07-16,2024-07-19,2024-07-20,Local Courier,19.8
3405,4268,2024-05-03,2024-05-06,2024-05-07,Local Courier,11.8
3406,4269,2024-01-05,2024-01-08,2024-01-07,Local Courier,20.75
3407,4270,2024-10-10,2024-10-13,2024-10-16,Local Courier,15.25
3408,4271,2024-10-17,2024-10-20,2024-10-18,USPS,14.25
3409,4272,2024-03-31,2024-04-03,2024-04-03,UPS,21.73
3410,4273,2025-06-17,2025-06-20,2025-06-21,FedEx,18.59
3411,4274,2024-05-21,2024-05-24,2024-05-25,Local Courier,4.76
3412,4275,2024-09-15,2024-09-18,2024-09-17,UPS,12.2
3413,4276,2024-02-03,2024-02-06,2024-02-05,USPS,7.32
3414,4277,2025-01-23,2025-01-26,2025-01-26,USPS,11.89
3415,4278,2025-12-30,2026-01-02,2026-01-02,Local Courier,5.71
3416,4279,2025-12-21,2025-12-24,2025-12-24,USPS,7.16
3417,4280,2024-10-30,2024-11-02,2024-11-06,UPS,15.43
3418,4282,2025-08-05,2025-08-08,2025-08-09,USPS,9.76
3419,4283,2024-03-16,2024-03-19,2024-03-20,UPS,24.12
3420,4284,2024-05-09,2024-05-12,2024-05-11,FedEx,9.53
3421,4285,2025-03-28,2025-03-31,2025-03-30,Local Courier,24.18
3422,4286,2024-06-14,2024-06-17,2024-06-18,FedEx,12.26
3423,4287,2024-01-05,2024-01-08,2024-01-07,UPS,20.56
3424,4288,2025-11-07,2025-11-10,2025-11-11,Local Courier,26.62
3425,4290,2025-07-26,2025-07-29,2025-07-29,USPS,19.23
3426,4294,2024-12-12,2024-12-15,2024-12-14,UPS,9.24
3427,4295,2024-11-27,2024-11-30,2024-12-01,Local Courier,13.98
3428,4296,2024-05-11,2024-05-14,2024-05-17,FedEx,17.21
3429,4297,2024-01-02,2024-01-05,2024-01-06,FedEx,9.37
3430,4298,2025-09-21,2025-09-24,2025-09-25,Local Courier,15.32
3431,4299,2024-11-15,2024-11-18,2024-11-16,FedEx,15.13
3432,4300,2024-06-29,2024-07-02,2024-07-02,Local Courier,18.8
3433,4301,2025-05-18,2025-05-21,2025-05-19,Local Courier,4.61
3434,4304,2024-11-30,2024-12-03,2024-12-04,UPS,4.25
3435,4305,2025-10-22,2025-10-25,2025-10-27,Local Courier,7.16
3436,4306,2025-07-31,2025-08-03,2025-08-02,UPS,13.18
3437,4308,2025-12-15,2025-12-18,2025-12-19,UPS,10.36
3438,4309,2025-05-06,2025-05-09,2025-05-08,USPS,19.15
3439,4312,2025-12-23,2025-12-26,2025-12-25,Local Courier,8.2
3440,4313,2025-04-03,2025-04-06,2025-04-07,USPS,20.29
3441,4314,2025-04-17,2025-04-20,2025-04-21,Local Courier,15.87
3442,4315,2025-10-08,2025-10-11,2025-10-12,USPS,20.84
3443,4316,2024-10-09,2024-10-12,2024-10-13,UPS,8.72
3444,4317,2024-02-09,2024-02-12,2024-02-13,Local Courier,10.54
3445,4318,2024-07-26,2024-07-29,2024-07-28,FedEx,11.1
3446,4319,2025-06-24,2025-06-27,2025-06-28,FedEx,15.14
3447,4320,2024-10-26,2024-10-29,2024-10-30,Local Courier,12.11
3448,4321,2024-05-22,2024-05-25,2024-05-25,USPS,7.11
3449,4322,2024-08-29,2024-09-01,2024-09-06,USPS,20.94
3450,4323,2025-05-07,2025-05-10,2025-05-10,FedEx,22.29
3451,4326,2024-08-21,2024-08-24,2024-08-25,UPS,25.51
3452,4327,2024-09-20,2024-09-23,2024-09-22,Local Courier,13.41
3453,4328,2024-02-29,2024-03-03,2024-03-04,Local Courier,27.37
3454,4331,2025-02-21,2025-02-24,2025-02-24,UPS,13.14
3455,4332,2024-02-13,2024-02-16,2024-02-18,FedEx,6.51
3456,4333,2024-10-05,2024-10-08,2024-10-07,USPS,5.01
3457,4334,2025-01-17,2025-01-20,2025-01-21,USPS,10.73
3458,4335,2024-03-21,2024-03-24,2024-03-25,UPS,26.91
3459,4336,2025-06-08,2025-06-11,2025-06-13,USPS,8.71
3460,4337,2025-02-24,2025-02-27,2025-02-28,FedEx,19.56
3461,4338,2025-06-14,2025-06-17,2025-06-16,FedEx,24.39
3462,4339,2025-12-11,2025-12-14,2025-12-14,UPS,17.31
3463,4340,2024-09-27,2024-09-30,2024-10-02,Local Courier,16.74
3464,4341,2025-08-24,2025-08-27,2025-08-29,USPS,22.06
3465,4342,2024-03-18,2024-03-21,2024-03-21,USPS,23.25
3466,4343,2024-10-15,2024-10-18,2024-10-21,UPS,8.98
3467,4344,2025-07-20,2025-07-23,2025-07-21,Local Courier,22.96
3468,4345,2025-07-23,2025-07-26,2025-07-24,UPS,13.46
3469,4346,2024-07-26,2024-07-29,2024-07-27,UPS,14.93
3470,4347,2025-06-23,2025-06-26,2025-06-28,UPS,17.37
3471,4348,2025-04-18,2025-04-21,2025-04-24,Local Courier,23.92
3472,4349,2024-12-26,2024-12-29,2024-12-31,Local Courier,6.03
3473,4350,2024-03-11,2024-03-14,2024-03-13,USPS,20.13
3474,4351,2024-10-12,2024-10-15,2024-10-14,USPS,4.11
3475,4353,2025-06-20,2025-06-23,2025-06-26,UPS,10.5
3476,4354,2024-01-11,2024-01-14,2024-01-13,USPS,10.12
3477,4355,2024-05-24,2024-05-27,2024-05-30,UPS,8.48
3478,4356,2024-08-07,2024-08-10,2024-08-11,FedEx,16.16
3479,4358,2025-04-03,2025-04-06,2025-04-07,USPS,11.69
3480,4359,2024-09-23,2024-09-26,2024-09-27,FedEx,22.41
3481,4361,2025-08-21,2025-08-24,2025-08-24,UPS,6.27
3482,4362,2025-08-10,2025-08-13,2025-08-11,FedEx,21.97
3483,4364,2024-12-09,2024-12-12,2024-12-15,USPS,14.61
3484,4365,2025-03-30,2025-04-02,2025-04-02,UPS,7.32
3485,4368,2024-08-29,2024-09-01,2024-09-01,USPS,19.04
3486,4370,2024-12-20,2024-12-23,2024-12-23,FedEx,22.34
3487,4371,2025-06-02,2025-06-05,2025-06-03,Local Courier,22.75
3488,4372,2025-08-09,2025-08-12,2025-08-14,Local Courier,7.72
3489,4373,2024-06-22,2024-06-25,2024-06-25,Local Courier,12.7
3490,4374,2024-05-13,2024-05-16,2024-05-14,FedEx,16.23
3491,4376,2024-11-26,2024-11-29,2024-11-30,FedEx,14.14
3492,4377,2024-04-14,2024-04-17,2024-04-19,FedEx,19.09
3493,4379,2024-01-17,2024-01-20,2024-01-18,USPS,15.32
3494,4381,2025-08-11,2025-08-14,2025-08-13,FedEx,23.68
3495,4383,2025-12-03,2025-12-06,2025-12-04,USPS,9.3
3496,4384,2024-04-27,2024-04-30,2024-04-28,UPS,20.76
3497,4385,2024-10-28,2024-10-31,2024-11-01,USPS,9.89
3498,4386,2025-01-23,2025-01-26,2025-01-25,FedEx,16.16
3499,4387,2025-05-08,2025-05-11,2025-05-11,FedEx,12.29
3500,4388,2024-02-15,2024-02-18,2024-02-16,UPS,10.17
3501,4390,2024-01-16,2024-01-19,2024-01-20,Local Courier,13.22
3502,4393,2024-10-20,2024-10-23,2024-10-22,USPS,22.54
3503,4394,2024-05-15,2024-05-18,2024-05-17,Local Courier,4.75
3504,4395,2024-09-27,2024-09-30,2024-10-04,UPS,16.16
3505,4396,2024-05-29,2024-06-01,2024-06-02,Local Courier,17.04
3506,4398,2025-07-05,2025-07-08,2025-07-07,FedEx,4.8
3507,4399,2025-02-13,2025-02-16,2025-02-15,Local Courier,17.39
3508,4402,2025-12-05,2025-12-08,2025-12-08,Local Courier,11.84
3509,4403,2025-02-19,2025-02-22,2025-02-22,USPS,24.9
3510,4405,2025-04-12,2025-04-15,2025-04-14,Local Courier,5.65
3511,4406,2025-01-30,2025-02-02,2025-02-01,Local Courier,11.65
3512,4408,2024-09-05,2024-09-08,2024-09-08,USPS,19.41
3513,4409,2025-11-25,2025-11-28,2025-12-01,FedEx,8.11
3514,4410,2024-11-09,2024-11-12,2024-11-10,USPS,4.78
3515,4411,2024-05-19,2024-05-22,2024-05-20,FedEx,24.22
3516,4412,2025-03-05,2025-03-08,2025-03-06,FedEx,10.07
3517,4413,2024-07-11,2024-07-14,2024-07-12,Local Courier,14.5
3518,4416,2025-12-30,2026-01-02,2026-01-02,USPS,13.7
3519,4417,2025-12-04,2025-12-07,2025-12-07,UPS,11.55
3520,4418,2024-06-23,2024-06-26,2024-06-26,UPS,8.32
3521,4420,2025-12-25,2025-12-28,2025-12-27,Local Courier,13.49
3522,4421,2025-10-26,2025-10-29,2025-10-30,UPS,11.22
3523,4422,2024-02-20,2024-02-23,2024-02-25,FedEx,21.81
3524,4423,2025-02-14,2025-02-17,2025-02-15,UPS,12.82
3525,4424,2025-11-08,2025-11-11,2025-11-09,FedEx,16.78
3526,4425,2025-08-20,2025-08-23,2025-08-24,UPS,6.22
3527,4426,2024-04-16,2024-04-19,2024-04-20,FedEx,22.21
3528,4427,2025-01-14,2025-01-17,2025-01-17,Local Courier,26.9
3529,4429,2024-10-24,2024-10-27,2024-10-29,Local Courier,25.39
3530,4430,2024-02-02,2024-02-05,2024-02-03,Local Courier,11.13
3531,4433,2025-05-14,2025-05-17,2025-05-17,USPS,15.06
3532,4434,2025-01-03,2025-01-06,2025-01-04,UPS,19.8
3533,4435,2025-11-28,2025-12-01,2025-11-30,USPS,21.82
3534,4436,2025-08-23,2025-08-26,2025-08-26,UPS,19.74
3535,4437,2024-11-11,2024-11-14,2024-11-15,Local Courier,19.34
3536,4438,2025-06-30,2025-07-03,2025-07-03,Local Courier,15.44
3537,4440,2024-04-21,2024-04-24,2024-04-22,Local Courier,25.79
3538,4441,2024-03-15,2024-03-18,2024-03-20,USPS,26.77
3539,4443,2025-09-04,2025-09-07,2025-09-07,UPS,19.43
3540,4444,2025-11-17,2025-11-20,2025-11-22,UPS,5.37
3541,4445,2025-07-07,2025-07-10,2025-07-11,USPS,4.38
3542,4447,2025-03-14,2025-03-17,2025-03-19,UPS,24.17
3543,4449,2024-06-21,2024-06-24,2024-06-23,UPS,12.66
3544,4450,2024-09-08,2024-09-11,2024-09-11,Local Courier,25.31
3545,4451,2024-07-02,2024-07-05,2024-07-06,UPS,24.78
3546,4454,2025-10-25,2025-10-28,2025-10-27,UPS,23.03
3547,4455,2024-07-07,2024-07-10,2024-07-13,FedEx,10.07
3548,4457,2025-10-14,2025-10-17,2025-10-16,UPS,25.38
3549,4458,2024-07-26,2024-07-29,2024-07-29,FedEx,8.06
3550,4459,2025-04-15,2025-04-18,2025-04-19,USPS,22.44
3551,4460,2025-08-25,2025-08-28,2025-08-27,FedEx,12.78
3552,4461,2024-12-24,2024-12-27,2024-12-26,Local Courier,22.89
3553,4462,2024-01-11,2024-01-14,2024-01-12,UPS,14.03
3554,4463,2025-12-12,2025-12-15,2025-12-16,UPS,27.16
3555,4464,2025-04-21,2025-04-24,2025-04-25,UPS,18.57
3556,4465,2025-12-12,2025-12-15,2025-12-13,Local Courier,10.1
3557,4466,2024-02-04,2024-02-07,2024-02-08,FedEx,23.16
3558,4467,2024-04-27,2024-04-30,2024-05-02,UPS,27.1
3559,4468,2024-10-29,2024-11-01,2024-11-01,FedEx,6.78
3560,4469,2024-02-03,2024-02-06,2024-02-04,Local Courier,11.26
3561,4470,2024-03-21,2024-03-24,2024-03-25,Local Courier,6.57
3562,4472,2025-06-09,2025-06-12,2025-06-16,Local Courier,5.15
3563,4473,2025-03-19,2025-03-22,2025-03-20,FedEx,22.91
3564,4474,2024-08-03,2024-08-06,2024-08-05,Local Courier,17.07
3565,4476,2025-05-03,2025-05-06,2025-05-06,USPS,6.77
3566,4478,2025-08-28,2025-08-31,2025-08-30,USPS,13.19
3567,4479,2025-02-14,2025-02-17,2025-02-17,Local Courier,23.45
3568,4480,2025-07-02,2025-07-05,2025-07-06,USPS,9.21
3569,4482,2025-09-05,2025-09-08,2025-09-09,USPS,24.81
3570,4483,2024-12-01,2024-12-04,2024-12-07,Local Courier,26.06
3571,4484,2024-11-23,2024-11-26,2024-11-29,USPS,25.96
3572,4485,2024-01-18,2024-01-21,2024-01-21,UPS,14.83
3573,4486,2024-02-26,2024-02-29,2024-03-02,UPS,10.89
3574,4487,2024-06-12,2024-06-15,2024-06-14,FedEx,18.56
3575,4488,2024-11-01,2024-11-04,2024-11-06,USPS,13.99
3576,4490,2025-11-11,2025-11-14,2025-11-15,Local Courier,19.41
3577,4491,2025-02-08,2025-02-11,2025-02-09,UPS,4.92
3578,4493,2024-07-25,2024-07-28,2024-07-27,UPS,18.71
3579,4494,2024-03-17,2024-03-20,2024-03-24,USPS,16.35
3580,4495,2025-09-14,2025-09-17,2025-09-15,Local Courier,19.21
3581,4496,2024-11-04,2024-11-07,2024-11-08,Local Courier,12.08
3582,4497,2025-03-12,2025-03-15,2025-03-15,FedEx,23.63
3583,4498,2024-07-22,2024-07-25,2024-07-25,FedEx,16.02
3584,4499,2024-09-03,2024-09-06,2024-09-08,UPS,10.1
3585,4500,2025-11-14,2025-11-17,2025-11-19,UPS,16.63
3586,4501,2025-04-05,2025-04-08,2025-04-09,FedEx,12.08
3587,4502,2024-12-31,2025-01-03,2025-01-06,Local Courier,8.48
3588,4503,2026-01-03,2026-01-06,2026-01-10,FedEx,10.1
3589,4504,2024-09-27,2024-09-30,2024-10-01,USPS,15.86
3590,4505,2025-12-15,2025-12-18,2025-12-16,UPS,9.87
3591,4506,2024-06-12,2024-06-15,2024-06-17,Local Courier,16.33
3592,4507,2024-06-14,2024-06-17,2024-06-16,FedEx,18.15
3593,4508,2024-07-20,2024-07-23,2024-07-27,Local Courier,27.11
3594,4509,2025-12-03,2025-12-06,2025-12-07,Local Courier,13.38
3595,4510,2024-10-31,2024-11-03,2024-11-03,USPS,13.93
3596,4511,2024-03-15,2024-03-18,2024-03-18,FedEx,9.47
3597,4512,2025-11-11,2025-11-14,2025-11-17,Local Courier,7.89
3598,4513,2024-12-02,2024-12-05,2024-12-03,FedEx,22.25
3599,4515,2024-06-11,2024-06-14,2024-06-13,UPS,13.76
3600,4516,2024-12-22,2024-12-25,2024-12-23,USPS,4.86
3601,4517,2025-05-18,2025-05-21,2025-05-20,UPS,10.33
3602,4518,2025-05-03,2025-05-06,2025-05-08,Local Courier,26.29
3603,4519,2025-07-06,2025-07-09,2025-07-07,FedEx,18.63
3604,4520,2024-12-02,2024-12-05,2024-12-08,Local Courier,14.14
3605,4521,2025-12-15,2025-12-18,2025-12-17,Local Courier,10.02
3606,4522,2025-07-16,2025-07-19,2025-07-21,Local Courier,19.65
3607,4523,2024-08-04,2024-08-07,2024-08-08,Local Courier,9.33
3608,4524,2025-11-05,2025-11-08,2025-11-11,UPS,15.79
3609,4526,2025-06-11,2025-06-14,2025-06-13,Local Courier,16.87
3610,4527,2024-11-29,2024-12-02,2024-12-07,FedEx,10.84
3611,4528,2024-08-13,2024-08-16,2024-08-15,FedEx,26.44
3612,4529,2024-09-17,2024-09-20,2024-09-21,FedEx,25.92
3613,4532,2025-03-18,2025-03-21,2025-03-22,FedEx,18.51
3614,4534,2025-05-17,2025-05-20,2025-05-19,UPS,5.94
3615,4535,2024-09-26,2024-09-29,2024-09-28,USPS,13.68
3616,4536,2025-12-12,2025-12-15,2025-12-15,UPS,23.43
3617,4537,2024-06-30,2024-07-03,2024-07-02,FedEx,8.07
3618,4538,2024-04-10,2024-04-13,2024-04-12,FedEx,5.25
3619,4539,2024-11-30,2024-12-03,2024-12-02,UPS,19.9
3620,4540,2025-08-29,2025-09-01,2025-09-01,USPS,24.01
3621,4542,2025-11-01,2025-11-04,2025-11-05,FedEx,26.8
3622,4543,2025-07-23,2025-07-26,2025-07-24,USPS,27.26
3623,4544,2024-04-29,2024-05-02,2024-05-02,FedEx,26.24
3624,4545,2025-05-06,2025-05-09,2025-05-13,FedEx,8.98
3625,4546,2024-08-14,2024-08-17,2024-08-16,UPS,17.87
3626,4549,2025-02-12,2025-02-15,2025-02-13,UPS,19.15
3627,4551,2025-03-23,2025-03-26,2025-03-31,USPS,22.99
3628,4552,2025-10-17,2025-10-20,2025-10-21,Local Courier,21.8
3629,4553,2025-02-16,2025-02-19,2025-02-20,FedEx,25.93
3630,4554,2025-01-31,2025-02-03,2025-02-05,FedEx,19.22
3631,4555,2024-11-18,2024-11-21,2024-11-20,UPS,15.94
3632,4556,2024-08-21,2024-08-24,2024-08-28,FedEx,10.03
3633,4557,2024-12-14,2024-12-17,2024-12-15,Local Courier,13.33
3634,4558,2024-03-02,2024-03-05,2024-03-06,FedEx,22.99
3635,4559,2024-11-19,2024-11-22,2024-11-20,USPS,7.92
3636,4560,2024-05-13,2024-05-16,2024-05-16,Local Courier,26.01
3637,4562,2024-12-16,2024-12-19,2024-12-20,Local Courier,20.38
3638,4563,2024-03-25,2024-03-28,2024-03-27,USPS,11.21
3639,4564,2025-05-03,2025-05-06,2025-05-07,FedEx,10.22
3640,4565,2024-10-16,2024-10-19,2024-10-18,USPS,23.65
3641,4566,2025-09-28,2025-10-01,2025-10-02,USPS,19.72
3642,4567,2025-10-29,2025-11-01,2025-11-02,UPS,22.55
3643,4569,2025-01-18,2025-01-21,2025-01-21,FedEx,24.0
3644,4570,2025-03-31,2025-04-03,2025-04-03,Local Courier,10.78
3645,4571,2025-10-21,2025-10-24,2025-10-25,Local Courier,12.15
3646,4572,2025-03-27,2025-03-30,2025-03-29,USPS,8.9
3647,4573,2025-09-19,2025-09-22,2025-09-21,Local Courier,24.88
3648,4574,2024-11-02,2024-11-05,2024-11-04,USPS,12.06
3649,4575,2024-12-01,2024-12-04,2024-12-04,USPS,15.93
3650,4576,2025-07-19,2025-07-22,2025-07-21,UPS,4.68
3651,4577,2025-01-23,2025-01-26,2025-01-26,FedEx,5.34
3652,4578,2024-07-31,2024-08-03,2024-08-03,Local Courier,13.11
3653,4580,2025-11-22,2025-11-25,2025-11-27,UPS,18.08
3654,4581,2025-01-29,2025-02-01,2025-02-01,FedEx,26.35
3655,4582,2024-03-19,2024-03-22,2024-03-28,USPS,4.33
3656,4583,2025-02-09,2025-02-12,2025-02-10,FedEx,16.99
3657,4585,2024-06-18,2024-06-21,2024-06-22,USPS,25.25
3658,4587,2024-06-29,2024-07-02,2024-07-02,UPS,12.03
3659,4588,2025-08-07,2025-08-10,2025-08-13,Local Courier,24.05
3660,4590,2025-01-07,2025-01-10,2025-01-08,Local Courier,4.77
3661,4592,2025-04-14,2025-04-17,2025-04-16,FedEx,4.56
3662,4593,2024-08-07,2024-08-10,2024-08-08,Local Courier,23.71
3663,4594,2024-01-23,2024-01-26,2024-01-25,Local Courier,15.46
3664,4595,2024-12-30,2025-01-02,2025-01-01,FedEx,25.78
3665,4596,2024-07-12,2024-07-15,2024-07-15,UPS,22.38
3666,4597,2024-11-11,2024-11-14,2024-11-16,USPS,26.17
3667,4598,2024-07-27,2024-07-30,2024-07-29,Local Courier,15.3
3668,4599,2025-04-13,2025-04-16,2025-04-16,Local Courier,7.62
3669,4600,2024-06-21,2024-06-24,2024-06-24,FedEx,26.98
3670,4601,2025-02-26,2025-03-01,2025-03-03,FedEx,14.28
3671,4603,2024-10-28,2024-10-31,2024-10-29,UPS,19.44
3672,4604,2025-04-09,2025-04-12,2025-04-10,FedEx,27.23
3673,4605,2025-04-14,2025-04-17,2025-04-17,Local Courier,16.32
3674,4606,2024-12-28,2024-12-31,2025-01-02,Local Courier,8.01
3675,4607,2024-01-30,2024-02-02,2024-02-01,Local Courier,5.26
3676,4608,2024-12-17,2024-12-20,2024-12-21,UPS,25.97
3677,4609,2025-10-07,2025-10-10,2025-10-10,Local Courier,18.94
3678,4611,2025-06-24,2025-06-27,2025-06-30,FedEx,20.69
3679,4612,2025-12-31,2026-01-03,2026-01-04,Local Courier,20.6
3680,4613,2025-07-31,2025-08-03,2025-08-05,UPS,26.33
3681,4614,2025-12-01,2025-12-04,2025-12-03,FedEx,13.33
3682,4615,2024-05-31,2024-06-03,2024-06-02,FedEx,16.99
3683,4616,2024-10-26,2024-10-29,2024-10-28,USPS,6.38
3684,4617,2025-12-27,2025-12-30,2025-12-31,Local Courier,7.94
3685,4618,2025-12-08,2025-12-11,2025-12-10,USPS,27.01
3686,4619,2025-07-05,2025-07-08,2025-07-06,FedEx,10.94
3687,4620,2025-03-13,2025-03-16,2025-03-17,UPS,4.23
3688,4621,2025-12-26,2025-12-29,2025-12-31,FedEx,16.95
3689,4622,2024-06-30,2024-07-03,2024-07-06,UPS,18.48
3690,4624,2025-01-03,2025-01-06,2025-01-04,FedEx,12.62
3691,4626,2024-04-02,2024-04-05,2024-04-06,Local Courier,17.93
3692,4627,2025-03-05,2025-03-08,2025-03-09,USPS,6.8
3693,4628,2025-05-11,2025-05-14,2025-05-13,FedEx,7.7
3694,4629,2024-08-12,2024-08-15,2024-08-13,USPS,13.47
3695,4630,2024-08-18,2024-08-21,2024-08-20,USPS,15.15
3696,4631,2025-09-09,2025-09-12,2025-09-11,FedEx,11.52
3697,4632,2024-07-02,2024-07-05,2024-07-04,USPS,23.49
3698,4633,2025-01-21,2025-01-24,2025-01-25,USPS,14.66
3699,4634,2024-04-06,2024-04-09,2024-04-09,Local Courier,4.07
3700,4636,2025-11-04,2025-11-07,2025-11-07,FedEx,6.0
3701,4637,2025-11-26,2025-11-29,2025-11-29,USPS,14.89
3702,4638,2025-11-03,2025-11-06,2025-11-08,UPS,13.79
3703,4639,2025-04-01,2025-04-04,2025-04-03,UPS,14.28
3704,4640,2024-07-26,2024-07-29,2024-08-01,USPS,24.47
3705,4641,2025-12-25,2025-12-28,2025-12-27,USPS,21.02
3706,4643,2025-12-08,2025-12-11,2025-12-16,UPS,24.59
3707,4644,2024-01-15,2024-01-18,2024-01-19,Local Courier,24.48
3708,4645,2025-05-31,2025-06-03,2025-06-04,UPS,23.54
3709,4646,2025-09-04,2025-09-07,2025-09-05,UPS,19.96
3710,4647,2025-07-13,2025-07-16,2025-07-17,Local Courier,26.36
3711,4648,2025-08-20,2025-08-23,2025-08-22,USPS,17.37
3712,4649,2025-12-04,2025-12-07,2025-12-06,FedEx,9.89
3713,4650,2024-11-11,2024-11-14,2024-11-15,Local Courier,16.17
3714,4653,2024-12-22,2024-12-25,2024-12-31,FedEx,27.94
3715,4654,2024-11-07,2024-11-10,2024-11-13,UPS,6.3
3716,4655,2025-01-22,2025-01-25,2025-01-24,USPS,9.05
3717,4656,2024-05-05,2024-05-08,2024-05-06,USPS,23.99
3718,4657,2025-11-14,2025-11-17,2025-11-19,USPS,16.0
3719,4658,2024-05-11,2024-05-14,2024-05-13,UPS,21.69
3720,4659,2025-11-09,2025-11-12,2025-11-10,FedEx,26.02
3721,4662,2025-10-18,2025-10-21,2025-10-19,FedEx,6.11
3722,4663,2024-08-14,2024-08-17,2024-08-16,Local Courier,12.37
3723,4665,2025-08-16,2025-08-19,2025-08-20,UPS,7.23
3724,4666,2025-10-27,2025-10-30,2025-11-04,USPS,9.16
3725,4667,2025-08-29,2025-09-01,2025-08-30,Local Courier,24.12
3726,4668,2025-04-12,2025-04-15,2025-04-15,FedEx,27.41
3727,4669,2025-03-24,2025-03-27,2025-03-30,USPS,12.24
3728,4671,2024-10-07,2024-10-10,2024-10-09,FedEx,21.82
3729,4672,2025-08-17,2025-08-20,2025-08-19,FedEx,25.12
3730,4673,2025-03-04,2025-03-07,2025-03-06,USPS,24.02
3731,4674,2024-10-27,2024-10-30,2024-10-29,USPS,26.29
3732,4676,2024-01-20,2024-01-23,2024-01-26,FedEx,15.73
3733,4677,2024-09-01,2024-09-04,2024-09-05,UPS,25.92
3734,4678,2025-09-29,2025-10-02,2025-10-03,USPS,14.44
3735,4681,2025-04-04,2025-04-07,2025-04-08,Local Courier,26.85
3736,4684,2025-12-25,2025-12-28,2025-12-26,Local Courier,21.3
3737,4685,2025-08-08,2025-08-11,2025-08-11,USPS,25.36
3738,4686,2024-11-06,2024-11-09,2024-11-08,USPS,16.03
3739,4687,2024-07-07,2024-07-10,2024-07-11,FedEx,26.38
3740,4688,2024-11-04,2024-11-07,2024-11-06,FedEx,10.83
3741,4689,2025-12-03,2025-12-06,2025-12-09,USPS,8.22
3742,4690,2024-12-05,2024-12-08,2024-12-10,USPS,10.65
3743,4691,2025-01-17,2025-01-20,2025-01-21,UPS,11.79
3744,4692,2025-10-17,2025-10-20,2025-10-25,FedEx,12.63
3745,4693,2025-03-14,2025-03-17,2025-03-19,Local Courier,23.72
3746,4695,2025-06-30,2025-07-03,2025-07-06,UPS,27.71
3747,4696,2025-10-12,2025-10-15,2025-10-13,UPS,22.59
3748,4697,2025-06-09,2025-06-12,2025-06-13,USPS,16.1
3749,4698,2024-08-01,2024-08-04,2024-08-05,USPS,17.89
3750,4699,2025-08-24,2025-08-27,2025-08-28,FedEx,14.63
3751,4700,2025-12-19,2025-12-22,2025-12-28,UPS,26.32
3752,4701,2025-11-26,2025-11-29,2025-11-29,Local Courier,18.21
3753,4702,2024-01-03,2024-01-06,2024-01-10,Local Courier,19.25
3754,4704,2025-01-25,2025-01-28,2025-01-27,USPS,12.77
3755,4706,2025-08-26,2025-08-29,2025-09-02,UPS,12.78
3756,4707,2025-02-10,2025-02-13,2025-02-12,FedEx,20.11
3757,4708,2025-09-02,2025-09-05,2025-09-04,Local Courier,24.37
3758,4709,2025-07-21,2025-07-24,2025-07-28,UPS,21.54
3759,4710,2024-04-11,2024-04-14,2024-04-17,Local Courier,10.67
3760,4711,2025-12-15,2025-12-18,2025-12-18,Local Courier,18.2
3761,4713,2025-05-31,2025-06-03,2025-06-02,UPS,5.44
3762,4714,2024-11-08,2024-11-11,2024-11-14,FedEx,13.22
3763,4715,2025-05-31,2025-06-03,2025-06-04,FedEx,10.62
3764,4716,2025-01-12,2025-01-15,2025-01-15,FedEx,15.42
3765,4717,2024-02-27,2024-03-01,2024-03-03,FedEx,9.86
3766,4718,2025-12-18,2025-12-21,2025-12-24,FedEx,24.2
3767,4719,2024-09-16,2024-09-19,2024-09-19,FedEx,21.38
3768,4720,2024-12-08,2024-12-11,2024-12-14,FedEx,11.16
3769,4721,2025-12-03,2025-12-06,2025-12-06,UPS,9.87
3770,4722,2024-03-30,2024-04-02,2024-04-02,FedEx,21.98
3771,4723,2025-06-18,2025-06-21,2025-06-19,USPS,15.13
3772,4726,2025-03-29,2025-04-01,2025-04-05,UPS,11.8
3773,4727,2024-12-18,2024-12-21,2024-12-22,FedEx,26.37
3774,4728,2025-05-24,2025-05-27,2025-05-26,FedEx,17.39
3775,4729,2025-03-23,2025-03-26,2025-03-24,USPS,4.45
3776,4730,2024-10-10,2024-10-13,2024-10-15,USPS,10.4
3777,4731,2025-08-07,2025-08-10,2025-08-09,Local Courier,7.42
3778,4733,2024-04-24,2024-04-27,2024-04-25,UPS,10.23
3779,4734,2025-11-20,2025-11-23,2025-11-22,FedEx,11.7
3780,4735,2024-12-29,2025-01-01,2025-01-02,FedEx,13.13
3781,4737,2024-11-11,2024-11-14,2024-11-14,FedEx,6.36
3782,4738,2024-06-15,2024-06-18,2024-06-16,USPS,27.61
3783,4739,2024-07-12,2024-07-15,2024-07-16,Local Courier,21.77
3784,4740,2024-05-02,2024-05-05,2024-05-05,Local Courier,8.82
3785,4741,2024-05-24,2024-05-27,2024-05-25,USPS,27.5
3786,4743,2025-06-26,2025-06-29,2025-07-01,Local Courier,23.94
3787,4744,2024-06-08,2024-06-11,2024-06-12,FedEx,14.69
3788,4745,2024-04-29,2024-05-02,2024-04-30,UPS,22.65
3789,4746,2024-03-09,2024-03-12,2024-03-16,Local Courier,24.73
3790,4747,2024-06-16,2024-06-19,2024-06-17,USPS,6.08
3791,4748,2024-10-27,2024-10-30,2024-10-31,UPS,6.49
3792,4749,2025-10-25,2025-10-28,2025-10-29,FedEx,23.89
3793,4751,2025-11-03,2025-11-06,2025-11-05,USPS,25.18
3794,4752,2024-04-20,2024-04-23,2024-04-23,FedEx,11.7
3795,4753,2025-11-25,2025-11-28,2025-11-28,UPS,17.3
3796,4754,2024-11-05,2024-11-08,2024-11-10,UPS,18.61
3797,4755,2025-08-27,2025-08-30,2025-08-31,USPS,4.19
3798,4756,2025-09-24,2025-09-27,2025-09-28,FedEx,10.63
3799,4757,2024-06-16,2024-06-19,2024-06-18,UPS,14.59
3800,4758,2024-12-10,2024-12-13,2024-12-12,USPS,15.89
3801,4759,2025-11-21,2025-11-24,2025-11-24,USPS,7.93
3802,4760,2025-01-09,2025-01-12,2025-01-12,UPS,4.26
3803,4761,2025-07-31,2025-08-03,2025-08-01,Local Courier,17.24
3804,4762,2024-07-11,2024-07-14,2024-07-13,USPS,24.68
3805,4763,2024-01-21,2024-01-24,2024-01-22,UPS,7.45
3806,4765,2024-03-09,2024-03-12,2024-03-12,Local Courier,25.05
3807,4766,2025-04-09,2025-04-12,2025-04-10,USPS,26.83
3808,4767,2024-04-03,2024-04-06,2024-04-05,Local Courier,20.17
3809,4768,2024-11-08,2024-11-11,2024-11-09,USPS,14.98
3810,4770,2025-11-14,2025-11-17,2025-11-15,USPS,20.66
3811,4771,2025-08-06,2025-08-09,2025-08-08,Local Courier,8.43
3812,4772,2025-09-25,2025-09-28,2025-09-28,FedEx,14.52
3813,4773,2025-01-18,2025-01-21,2025-01-23,USPS,5.5
3814,4774,2025-03-08,2025-03-11,2025-03-11,FedEx,4.54
3815,4775,2025-02-05,2025-02-08,2025-02-09,UPS,23.97
3816,4776,2024-11-15,2024-11-18,2024-11-18,UPS,10.52
3817,4777,2024-02-16,2024-02-19,2024-02-20,USPS,25.19
3818,4778,2025-03-13,2025-03-16,2025-03-17,UPS,9.73
3819,4779,2025-01-12,2025-01-15,2025-01-16,Local Courier,10.81
3820,4781,2024-05-07,2024-05-10,2024-05-12,UPS,19.45
3821,4782,2024-12-22,2024-12-25,2024-12-24,FedEx,24.79
3822,4783,2024-04-09,2024-04-12,2024-04-17,UPS,4.89
3823,4784,2024-02-05,2024-02-08,2024-02-07,FedEx,16.16
3824,4785,2025-01-24,2025-01-27,2025-01-26,UPS,7.42
3825,4786,2024-08-26,2024-08-29,2024-08-31,Local Courier,20.55
3826,4787,2025-11-04,2025-11-07,2025-11-08,FedEx,21.61
3827,4788,2025-09-19,2025-09-22,2025-09-20,USPS,5.9
3828,4789,2025-12-06,2025-12-09,2025-12-11,FedEx,8.48
3829,4792,2025-02-28,2025-03-03,2025-03-04,USPS,17.32
3830,4793,2024-03-31,2024-04-03,2024-04-01,UPS,20.21
3831,4794,2024-02-21,2024-02-24,2024-02-22,Local Courier,8.27
3832,4795,2025-01-26,2025-01-29,2025-01-30,UPS,12.97
3833,4797,2025-03-23,2025-03-26,2025-03-27,FedEx,4.86
3834,4798,2024-07-01,2024-07-04,2024-07-05,Local Courier,9.94
3835,4799,2025-01-07,2025-01-10,2025-01-10,USPS,24.01
3836,4800,2024-11-13,2024-11-16,2024-11-17,Local Courier,14.93
3837,4801,2025-09-13,2025-09-16,2025-09-17,USPS,15.92
3838,4802,2025-08-18,2025-08-21,2025-08-19,Local Courier,14.29
3839,4803,2025-02-16,2025-02-19,2025-02-23,UPS,15.9
3840,4804,2025-12-02,2025-12-05,2025-12-06,UPS,15.1
3841,4806,2025-06-07,2025-06-10,2025-06-15,Local Courier,19.35
3842,4807,2025-07-23,2025-07-26,2025-07-24,USPS,7.8
3843,4808,2025-06-22,2025-06-25,2025-06-26,FedEx,9.99
3844,4809,2024-06-08,2024-06-11,2024-06-10,USPS,6.15
3845,4810,2024-11-12,2024-11-15,2024-11-16,USPS,10.18
3846,4811,2025-04-09,2025-04-12,2025-04-13,UPS,5.07
3847,4812,2025-01-30,2025-02-02,2025-01-31,USPS,8.45
3848,4813,2025-08-02,2025-08-05,2025-08-07,USPS,4.09
3849,4815,2025-11-23,2025-11-26,2025-11-24,FedEx,20.41
3850,4816,2025-08-13,2025-08-16,2025-08-15,Local Courier,20.52
3851,4817,2024-02-19,2024-02-22,2024-02-25,UPS,13.05
3852,4818,2024-10-04,2024-10-07,2024-10-06,Local Courier,6.03
3853,4819,2024-01-10,2024-01-13,2024-01-11,USPS,5.04
3854,4820,2024-09-03,2024-09-06,2024-09-07,FedEx,14.6
3855,4821,2025-12-02,2025-12-05,2025-12-04,USPS,8.39
3856,4822,2025-06-10,2025-06-13,2025-06-11,FedEx,22.58
3857,4823,2024-11-27,2024-11-30,2024-12-01,FedEx,6.21
3858,4824,2025-07-04,2025-07-07,2025-07-06,UPS,6.95
3859,4825,2025-12-04,2025-12-07,2025-12-06,FedEx,18.05
3860,4826,2025-04-08,2025-04-11,2025-04-10,USPS,24.93
3861,4827,2025-12-10,2025-12-13,2025-12-15,UPS,9.04
3862,4828,2024-05-04,2024-05-07,2024-05-08,FedEx,7.05
3863,4829,2024-02-02,2024-02-05,2024-02-06,USPS,8.51
3864,4832,2024-03-19,2024-03-22,2024-03-23,Local Courier,25.73
3865,4833,2025-04-25,2025-04-28,2025-04-27,USPS,20.43
3866,4834,2024-02-14,2024-02-17,2024-02-18,UPS,12.28
3867,4835,2024-09-10,2024-09-13,2024-09-15,USPS,5.81
3868,4836,2025-10-08,2025-10-11,2025-10-10,Local Courier,27.42
3869,4837,2025-04-09,2025-04-12,2025-04-12,FedEx,11.79
3870,4839,2024-09-21,2024-09-24,2024-09-28,UPS,6.01
3871,4840,2025-11-03,2025-11-06,2025-11-06,USPS,23.07
3872,4842,2024-01-10,2024-01-13,2024-01-14,FedEx,12.79
3873,4844,2025-07-16,2025-07-19,2025-07-20,Local Courier,15.52
3874,4845,2025-09-28,2025-10-01,2025-10-01,UPS,13.02
3875,4846,2025-09-10,2025-09-13,2025-09-15,USPS,10.32
3876,4847,2024-07-10,2024-07-13,2024-07-17,USPS,12.12
3877,4848,2025-05-31,2025-06-03,2025-06-04,FedEx,20.0
3878,4849,2025-01-12,2025-01-15,2025-01-18,FedEx,8.51
3879,4850,2024-09-28,2024-10-01,2024-10-01,FedEx,16.51
3880,4851,2024-04-02,2024-04-05,2024-04-04,USPS,6.24
3881,4852,2025-07-17,2025-07-20,2025-07-18,Local Courier,14.48
3882,4853,2024-05-03,2024-05-06,2024-05-05,FedEx,20.52
3883,4854,2025-12-02,2025-12-05,2025-12-06,UPS,12.55
3884,4855,2025-07-17,2025-07-20,2025-07-20,USPS,23.28
3885,4856,2024-01-28,2024-01-31,2024-01-29,USPS,22.64
3886,4857,2025-07-07,2025-07-10,2025-07-13,FedEx,5.42
3887,4858,2024-07-07,2024-07-10,2024-07-13,FedEx,17.88
3888,4859,2025-12-24,2025-12-27,2025-12-26,USPS,18.12
3889,4860,2024-06-03,2024-06-06,2024-06-06,FedEx,13.74
3890,4862,2024-03-01,2024-03-04,2024-03-06,Local Courier,17.01
3891,4863,2025-11-29,2025-12-02,2025-12-01,UPS,26.94
3892,4864,2024-11-09,2024-11-12,2024-11-12,USPS,13.73
3893,4865,2025-09-25,2025-09-28,2025-09-29,FedEx,14.31
3894,4866,2024-02-03,2024-02-06,2024-02-07,UPS,27.5
3895,4867,2024-09-25,2024-09-28,2024-09-30,Local Courier,12.12
3896,4869,2024-07-19,2024-07-22,2024-07-22,UPS,12.85
3897,4870,2025-12-13,2025-12-16,2025-12-16,Local Courier,20.0
3898,4871,2024-10-22,2024-10-25,2024-10-25,Local Courier,13.98
3899,4872,2025-10-09,2025-10-12,2025-10-15,Local Courier,8.47
3900,4873,2024-10-23,2024-10-26,2024-10-30,Local Courier,4.41
3901,4874,2025-05-13,2025-05-16,2025-05-19,FedEx,10.43
3902,4875,2024-05-21,2024-05-24,2024-05-27,USPS,24.65
3903,4876,2024-12-02,2024-12-05,2024-12-05,UPS,21.18
3904,4878,2025-05-13,2025-05-16,2025-05-16,FedEx,11.49
3905,4879,2024-09-30,2024-10-03,2024-10-07,Local Courier,15.94
3906,4880,2024-04-11,2024-04-14,2024-04-14,FedEx,20.8
3907,4881,2024-02-16,2024-02-19,2024-02-18,FedEx,21.2
3908,4882,2024-05-11,2024-05-14,2024-05-19,FedEx,10.46
3909,4883,2024-04-29,2024-05-02,2024-04-30,FedEx,7.8
3910,4884,2025-03-02,2025-03-05,2025-03-05,Local Courier,12.57
3911,4886,2025-12-17,2025-12-20,2025-12-21,Local Courier,17.89
3912,4888,2024-08-04,2024-08-07,2024-08-08,UPS,7.12
3913,4889,2025-10-26,2025-10-29,2025-10-29,UPS,22.85
3914,4890,2024-01-26,2024-01-29,2024-01-30,Local Courier,22.75
3915,4891,2025-12-05,2025-12-08,2025-12-07,USPS,8.92
3916,4893,2025-04-05,2025-04-08,2025-04-07,USPS,4.53
3917,4894,2024-08-29,2024-09-01,2024-08-31,UPS,13.01
3918,4896,2025-09-16,2025-09-19,2025-09-21,USPS,20.12
3919,4897,2025-01-06,2025-01-09,2025-01-13,FedEx,4.19
3920,4898,2024-11-22,2024-11-25,2024-11-25,FedEx,11.74
3921,4899,2025-03-29,2025-04-01,2025-04-01,UPS,9.03
3922,4900,2024-05-19,2024-05-22,2024-05-23,Local Courier,11.04
3923,4901,2024-07-25,2024-07-28,2024-07-28,USPS,14.01
3924,4902,2025-06-05,2025-06-08,2025-06-07,Local Courier,14.86
3925,4903,2024-06-01,2024-06-04,2024-06-02,Local Courier,8.84
3926,4904,2025-08-26,2025-08-29,2025-08-27,FedEx,17.89
3927,4905,2024-11-04,2024-11-07,2024-11-08,UPS,26.33
3928,4906,2024-03-10,2024-03-13,2024-03-15,USPS,20.31
3929,4907,2024-05-03,2024-05-06,2024-05-10,UPS,5.23
3930,4908,2025-02-04,2025-02-07,2025-02-09,Local Courier,21.19
3931,4909,2025-09-19,2025-09-22,2025-09-23,Local Courier,9.3
3932,4910,2025-09-21,2025-09-24,2025-09-25,FedEx,7.29
3933,4911,2024-05-12,2024-05-15,2024-05-13,FedEx,11.41
3934,4912,2024-08-03,2024-08-06,2024-08-07,FedEx,26.85
3935,4913,2024-03-03,2024-03-06,2024-03-04,UPS,25.18
3936,4914,2024-05-07,2024-05-10,2024-05-09,UPS,26.69
3937,4915,2025-01-22,2025-01-25,2025-01-30,Local Courier,22.22
3938,4916,2024-06-22,2024-06-25,2024-06-28,FedEx,4.32
3939,4917,2025-02-17,2025-02-20,2025-02-26,Local Courier,9.86
3940,4918,2024-11-10,2024-11-13,2024-11-11,FedEx,13.43
3941,4919,2024-07-19,2024-07-22,2024-07-22,UPS,18.83
3942,4921,2024-01-19,2024-01-22,2024-01-23,Local Courier,27.97
3943,4922,2024-02-09,2024-02-12,2024-02-13,FedEx,6.01
3944,4923,2025-07-23,2025-07-26,2025-07-25,Local Courier,27.67
3945,4924,2024-05-16,2024-05-19,2024-05-19,USPS,13.34
3946,4925,2025-09-21,2025-09-24,2025-09-23,FedEx,6.0
3947,4926,2024-08-05,2024-08-08,2024-08-07,Local Courier,13.0
3948,4927,2025-02-24,2025-02-27,2025-02-26,FedEx,10.75
3949,4928,2024-08-27,2024-08-30,2024-08-31,UPS,11.96
3950,4929,2024-12-13,2024-12-16,2024-12-14,FedEx,13.32
3951,4931,2024-07-23,2024-07-26,2024-07-25,USPS,13.84
3952,4932,2024-05-20,2024-05-23,2024-05-22,Local Courier,24.86
3953,4933,2025-07-23,2025-07-26,2025-07-27,USPS,8.0
3954,4934,2024-09-14,2024-09-17,2024-09-17,FedEx,11.09
3955,4935,2024-05-04,2024-05-07,2024-05-08,FedEx,13.63
3956,4936,2025-04-07,2025-04-10,2025-04-08,UPS,11.71
3957,4937,2024-12-08,2024-12-11,2024-12-11,FedEx,4.94
3958,4938,2025-03-01,2025-03-04,2025-03-05,FedEx,19.1
3959,4939,2025-11-21,2025-11-24,2025-11-26,USPS,10.58
3960,4940,2025-11-11,2025-11-14,2025-11-18,Local Courier,10.66
3961,4941,2025-07-23,2025-07-26,2025-07-25,USPS,4.14
3962,4942,2024-11-24,2024-11-27,2024-12-02,USPS,7.0
3963,4943,2024-10-15,2024-10-18,2024-10-17,FedEx,20.26
3964,4944,2025-04-30,2025-05-03,2025-05-05,UPS,10.63
3965,4945,2024-01-02,2024-01-05,2024-01-04,Local Courier,24.53
3966,4946,2024-02-28,2024-03-02,2024-03-01,UPS,22.53
3967,4947,2025-08-04,2025-08-07,2025-08-08,USPS,25.16
3968,4948,2024-08-03,2024-08-06,2024-08-04,UPS,24.75
3969,4950,2025-07-10,2025-07-13,2025-07-12,USPS,18.71
3970,4951,2025-04-20,2025-04-23,2025-04-24,Local Courier,19.59
3971,4953,2025-12-18,2025-12-21,2025-12-19,FedEx,12.46
3972,4954,2025-05-12,2025-05-15,2025-05-15,Local Courier,10.78
3973,4955,2024-08-24,2024-08-27,2024-08-28,UPS,11.94
3974,4956,2025-11-25,2025-11-28,2025-11-26,FedEx,6.06
3975,4957,2025-08-14,2025-08-17,2025-08-19,UPS,13.44
3976,4958,2024-10-10,2024-10-13,2024-10-15,USPS,12.9
3977,4959,2024-08-31,2024-09-03,2024-09-02,UPS,15.52
3978,4961,2025-07-17,2025-07-20,2025-07-22,UPS,22.8
3979,4962,2025-02-18,2025-02-21,2025-02-22,FedEx,14.7
3980,4963,2025-05-28,2025-05-31,2025-06-05,UPS,11.46
3981,4964,2025-08-15,2025-08-18,2025-08-19,FedEx,24.39
3982,4966,2025-07-24,2025-07-27,2025-07-26,Local Courier,26.61
3983,4967,2024-03-10,2024-03-13,2024-03-14,FedEx,12.39
3984,4968,2025-05-02,2025-05-05,2025-05-06,UPS,14.3
3985,4969,2025-06-22,2025-06-25,2025-06-27,FedEx,15.51
3986,4970,2025-05-14,2025-05-17,2025-05-17,FedEx,6.39
3987,4971,2024-01-10,2024-01-13,2024-01-13,Local Courier,10.11
3988,4972,2024-07-28,2024-07-31,2024-08-02,UPS,22.65
3989,4974,2024-08-27,2024-08-30,2024-08-31,UPS,20.64
3990,4975,2024-11-02,2024-11-05,2024-11-05,Local Courier,18.29
3991,4976,2024-01-25,2024-01-28,2024-01-29,UPS,19.9
3992,4977,2025-12-23,2025-12-26,2025-12-27,UPS,17.95
3993,4978,2024-11-21,2024-11-24,2024-11-25,UPS,13.47
3994,4980,2024-05-01,2024-05-04,2024-05-05,USPS,7.68
3995,4981,2025-02-13,2025-02-16,2025-02-15,UPS,13.24
3996,4982,2024-06-30,2024-07-03,2024-07-03,Local Courier,8.76
3997,4983,2025-08-10,2025-08-13,2025-08-11,USPS,12.25
3998,4984,2024-04-22,2024-04-25,2024-04-29,UPS,22.01
3999,4987,2024-08-21,2024-08-24,2024-08-24,FedEx,12.38
4000,4988,2024-10-23,2024-10-26,2024-11-01,UPS,20.14
4001,4989,2025-03-22,2025-03-25,2025-03-26,USPS,26.48
4002,4990,2025-07-12,2025-07-15,2025-07-17,Local Courier,10.96
4003,4991,2025-03-22,2025-03-25,2025-03-23,USPS,27.23
4004,4992,2024-10-03,2024-10-06,2024-10-06,FedEx,4.29
4005,4993,2025-12-11,2025-12-14,2025-12-14,FedEx,23.78
4006,4994,2024-01-18,2024-01-21,2024-01-19,USPS,12.35
4007,4995,2024-03-12,2024-03-15,2024-03-15,Local Courier,6.44
4008,4998,2025-02-15,2025-02-18,2025-02-18,FedEx,5.25
4009,5000,2024-08-21,2024-08-24,2024-08-27,USPS,5.29
4010,5001,2025-03-24,2025-03-27,2025-03-27,Local Courier,24.76
4011,5002,2024-01-06,2024-01-09,2024-01-08,FedEx,22.05
4012,5003,2025-09-26,2025-09-29,2025-09-30,FedEx,8.84
4013,5006,2024-12-08,2024-12-11,2024-12-09,Local Courier,22.06
4014,5007,2024-11-14,2024-11-17,2024-11-16,UPS,27.43
4015,5011,2025-01-08,2025-01-11,2025-01-12,UPS,13.53
4016,5012,2024-09-08,2024-09-11,2024-09-14,FedEx,6.85
4017,5013,2024-09-20,2024-09-23,2024-09-23,FedEx,8.0
4018,5015,2024-04-01,2024-04-04,2024-04-06,Local Courier,26.3
4019,5016,2025-07-26,2025-07-29,2025-07-30,Local Courier,24.67
4020,5017,2024-08-21,2024-08-24,2024-08-25,Local Courier,8.17
4021,5018,2024-02-10,2024-02-13,2024-02-11,FedEx,8.25
4022,5019,2025-05-24,2025-05-27,2025-05-28,USPS,24.2
4023,5020,2024-12-07,2024-12-10,2024-12-12,UPS,11.17
4024,5022,2024-07-09,2024-07-12,2024-07-11,USPS,19.43
4025,5024,2024-08-09,2024-08-12,2024-08-12,Local Courier,16.77
4026,5026,2025-06-17,2025-06-20,2025-06-18,USPS,7.15
4027,5027,2025-12-05,2025-12-08,2025-12-13,Local Courier,23.84
4028,5029,2025-03-03,2025-03-06,2025-03-07,UPS,8.16
4029,5030,2024-01-15,2024-01-18,2024-01-17,Local Courier,24.65
4030,5031,2024-06-11,2024-06-14,2024-06-16,Local Courier,11.99
4031,5032,2024-05-24,2024-05-27,2024-05-30,FedEx,25.83
4032,5035,2024-11-22,2024-11-25,2024-11-23,Local Courier,13.24
4033,5036,2024-09-18,2024-09-21,2024-09-26,Local Courier,15.69
4034,5038,2025-12-21,2025-12-24,2025-12-22,UPS,20.62
4035,5039,2024-10-10,2024-10-13,2024-10-12,USPS,18.02
4036,5040,2025-01-08,2025-01-11,2025-01-15,FedEx,18.13
4037,5041,2024-04-16,2024-04-19,2024-04-19,USPS,16.32
4038,5042,2024-07-16,2024-07-19,2024-07-21,Local Courier,16.42
4039,5043,2024-03-14,2024-03-17,2024-03-15,USPS,27.03
4040,5045,2024-03-18,2024-03-21,2024-03-19,Local Courier,5.67
4041,5047,2025-03-06,2025-03-09,2025-03-08,USPS,20.08
4042,5048,2025-06-04,2025-06-07,2025-06-05,Local Courier,22.03
4043,5049,2025-01-06,2025-01-09,2025-01-10,FedEx,11.56
4044,5050,2025-03-01,2025-03-04,2025-03-03,USPS,24.14
4045,5051,2024-04-21,2024-04-24,2024-04-25,Local Courier,9.95
4046,5052,2024-09-24,2024-09-27,2024-10-02,Local Courier,9.23
4047,5053,2024-05-14,2024-05-17,2024-05-17,USPS,12.29
4048,5055,2025-06-13,2025-06-16,2025-06-17,UPS,23.19
4049,5056,2024-08-31,2024-09-03,2024-09-05,USPS,22.98
4050,5057,2025-05-28,2025-05-31,2025-06-02,FedEx,15.57
4051,5058,2025-07-26,2025-07-29,2025-07-30,UPS,23.62
4052,5060,2024-01-18,2024-01-21,2024-01-20,Local Courier,24.63
4053,5061,2024-11-07,2024-11-10,2024-11-10,FedEx,26.55
4054,5062,2024-03-16,2024-03-19,2024-03-21,FedEx,20.07
4055,5063,2025-12-27,2025-12-30,2026-01-02,Local Courier,25.67
4056,5064,2025-06-02,2025-06-05,2025-06-03,FedEx,8.59
4057,5067,2025-06-26,2025-06-29,2025-06-27,UPS,13.82
4058,5068,2024-01-18,2024-01-21,2024-01-25,USPS,8.59
4059,5069,2025-05-07,2025-05-10,2025-05-10,Local Courier,15.28
4060,5070,2024-01-19,2024-01-22,2024-01-23,Local Courier,27.53
4061,5071,2025-01-05,2025-01-08,2025-01-07,Local Courier,17.39
4062,5073,2024-12-25,2024-12-28,2024-12-30,Local Courier,7.62
4063,5074,2025-07-06,2025-07-09,2025-07-07,UPS,8.13
4064,5075,2025-05-28,2025-05-31,2025-05-31,UPS,8.98
4065,5076,2025-01-22,2025-01-25,2025-01-27,USPS,19.46
4066,5077,2024-09-25,2024-09-28,2024-09-28,Local Courier,6.53
4067,5078,2025-03-11,2025-03-14,2025-03-13,Local Courier,13.03
4068,5079,2025-12-07,2025-12-10,2025-12-08,Local Courier,5.69
4069,5081,2024-03-20,2024-03-23,2024-03-21,UPS,22.01
4070,5082,2024-05-22,2024-05-25,2024-05-26,UPS,27.29
4071,5083,2024-01-13,2024-01-16,2024-01-18,FedEx,25.76
4072,5084,2024-07-01,2024-07-04,2024-07-06,USPS,6.7
4073,5085,2024-05-23,2024-05-26,2024-05-28,USPS,7.91
4074,5087,2025-07-16,2025-07-19,2025-07-21,USPS,24.03
4075,5088,2025-07-06,2025-07-09,2025-07-08,UPS,11.21
4076,5090,2025-01-02,2025-01-05,2025-01-04,Local Courier,17.43
4077,5091,2024-12-22,2024-12-25,2024-12-23,FedEx,23.55
4078,5092,2024-01-20,2024-01-23,2024-01-24,FedEx,25.64
4079,5093,2024-01-11,2024-01-14,2024-01-16,FedEx,25.32
4080,5095,2024-09-14,2024-09-17,2024-09-17,FedEx,16.14
4081,5096,2024-03-23,2024-03-26,2024-03-26,USPS,19.85
4082,5097,2025-08-07,2025-08-10,2025-08-12,UPS,26.13
4083,5098,2024-11-19,2024-11-22,2024-11-20,UPS,6.97
4084,5099,2024-06-11,2024-06-14,2024-06-15,USPS,11.88
4085,5100,2025-04-17,2025-04-20,2025-04-21,UPS,22.41
4086,5101,2025-02-25,2025-02-28,2025-02-26,UPS,27.92
4087,5102,2025-06-30,2025-07-03,2025-07-03,Local Courier,4.02
4088,5103,2025-06-03,2025-06-06,2025-06-07,UPS,13.72
4089,5105,2024-12-07,2024-12-10,2024-12-08,USPS,17.89
4090,5106,2025-08-25,2025-08-28,2025-08-28,UPS,4.03
4091,5107,2025-12-16,2025-12-19,2025-12-18,FedEx,10.5
4092,5108,2024-06-17,2024-06-20,2024-06-19,Local Courier,22.43
4093,5110,2025-10-17,2025-10-20,2025-10-19,FedEx,8.1
4094,5112,2025-04-17,2025-04-20,2025-04-22,USPS,9.29
4095,5114,2024-04-28,2024-05-01,2024-04-29,FedEx,18.85
4096,5115,2024-10-08,2024-10-11,2024-10-10,UPS,15.24
4097,5116,2024-04-02,2024-04-05,2024-04-07,FedEx,24.04
4098,5117,2024-03-15,2024-03-18,2024-03-19,Local Courier,17.43
4099,5119,2024-04-27,2024-04-30,2024-05-01,USPS,12.12
4100,5120,2025-01-07,2025-01-10,2025-01-09,USPS,11.26
4101,5121,2025-06-15,2025-06-18,2025-06-21,Local Courier,15.22
4102,5122,2024-03-15,2024-03-18,2024-03-17,Local Courier,13.05
4103,5123,2024-11-15,2024-11-18,2024-11-18,UPS,4.9
4104,5125,2024-08-13,2024-08-16,2024-08-14,Local Courier,5.24
4105,5126,2025-11-04,2025-11-07,2025-11-07,Local Courier,25.46
4106,5127,2024-12-06,2024-12-09,2024-12-11,Local Courier,10.23
4107,5128,2024-12-02,2024-12-05,2024-12-05,Local Courier,23.17
4108,5129,2024-05-03,2024-05-06,2024-05-05,USPS,27.76
4109,5130,2024-12-16,2024-12-19,2024-12-18,UPS,13.09
4110,5132,2025-12-27,2025-12-30,2025-12-31,UPS,15.54
4111,5134,2025-04-10,2025-04-13,2025-04-14,USPS,15.23
4112,5135,2025-01-07,2025-01-10,2025-01-10,Local Courier,26.85
4113,5136,2024-11-19,2024-11-22,2024-11-24,Local Courier,25.74
4114,5137,2025-10-04,2025-10-07,2025-10-08,Local Courier,11.17
4115,5138,2025-12-10,2025-12-13,2025-12-11,Local Courier,12.5
4116,5139,2024-10-18,2024-10-21,2024-10-23,UPS,11.47
4117,5140,2025-01-20,2025-01-23,2025-01-22,UPS,5.79
4118,5142,2025-04-19,2025-04-22,2025-04-22,FedEx,7.35
4119,5143,2024-04-16,2024-04-19,2024-04-18,UPS,4.18
4120,5144,2025-10-20,2025-10-23,2025-10-24,USPS,6.37
4121,5145,2024-08-03,2024-08-06,2024-08-06,USPS,21.99
4122,5146,2024-12-26,2024-12-29,2024-12-29,FedEx,27.55
4123,5147,2024-12-02,2024-12-05,2024-12-03,FedEx,26.58
4124,5150,2024-07-13,2024-07-16,2024-07-16,UPS,12.18
4125,5151,2025-03-12,2025-03-15,2025-03-14,UPS,22.77
4126,5152,2025-12-11,2025-12-14,2025-12-15,USPS,17.22
4127,5153,2025-02-24,2025-02-27,2025-02-28,FedEx,5.85
4128,5154,2024-11-25,2024-11-28,2024-11-29,Local Courier,6.95
4129,5155,2024-09-21,2024-09-24,2024-09-23,UPS,16.61
4130,5156,2025-07-19,2025-07-22,2025-07-22,Local Courier,15.56
4131,5158,2025-07-06,2025-07-09,2025-07-08,FedEx,22.88
4132,5159,2024-10-14,2024-10-17,2024-10-17,Local Courier,27.79
4133,5160,2024-12-16,2024-12-19,2024-12-19,USPS,25.35
4134,5161,2025-06-12,2025-06-15,2025-06-16,FedEx,19.57
4135,5162,2024-07-22,2024-07-25,2024-07-29,Local Courier,19.18
4136,5163,2025-01-11,2025-01-14,2025-01-14,Local Courier,24.06
4137,5164,2024-01-10,2024-01-13,2024-01-16,UPS,15.47
4138,5165,2024-09-21,2024-09-24,2024-09-24,FedEx,26.43
4139,5166,2025-02-13,2025-02-16,2025-02-15,UPS,14.52
4140,5167,2025-10-02,2025-10-05,2025-10-06,FedEx,18.92
4141,5171,2024-11-14,2024-11-17,2024-11-17,FedEx,11.77
4142,5172,2025-06-01,2025-06-04,2025-06-05,Local Courier,13.8
4143,5173,2024-08-18,2024-08-21,2024-08-22,UPS,12.46
4144,5174,2025-02-14,2025-02-17,2025-02-18,Local Courier,8.25
4145,5175,2024-08-02,2024-08-05,2024-08-07,USPS,13.96
4146,5177,2024-07-21,2024-07-24,2024-07-23,FedEx,26.69
4147,5178,2025-12-25,2025-12-28,2025-12-30,UPS,12.71
4148,5179,2024-11-22,2024-11-25,2024-11-23,UPS,20.08
4149,5180,2024-01-08,2024-01-11,2024-01-14,USPS,24.08
4150,5182,2024-02-14,2024-02-17,2024-02-19,UPS,13.28
4151,5183,2025-04-30,2025-05-03,2025-05-04,USPS,5.33
4152,5184,2025-03-20,2025-03-23,2025-03-28,Local Courier,26.99
4153,5185,2025-03-04,2025-03-07,2025-03-06,USPS,18.66
4154,5186,2024-08-14,2024-08-17,2024-08-17,UPS,18.51
4155,5187,2024-03-12,2024-03-15,2024-03-15,Local Courier,6.29
4156,5189,2024-12-07,2024-12-10,2024-12-08,USPS,11.84
4157,5190,2024-03-26,2024-03-29,2024-03-27,FedEx,8.66
4158,5191,2024-08-17,2024-08-20,2024-08-21,Local Courier,21.93
4159,5192,2025-11-03,2025-11-06,2025-11-06,USPS,10.35
4160,5193,2025-10-17,2025-10-20,2025-10-21,UPS,6.87
4161,5194,2024-10-10,2024-10-13,2024-10-14,Local Courier,15.42
4162,5197,2025-09-26,2025-09-29,2025-09-30,Local Courier,9.81
4163,5198,2024-12-31,2025-01-03,2025-01-06,FedEx,4.4
4164,5199,2024-04-28,2024-05-01,2024-05-02,Local Courier,17.43
4165,5200,2024-10-22,2024-10-25,2024-10-25,UPS,8.5
4166,5201,2024-10-18,2024-10-21,2024-10-19,USPS,16.85
4167,5202,2024-06-13,2024-06-16,2024-06-16,FedEx,8.14
4168,5204,2025-05-21,2025-05-24,2025-05-24,FedEx,15.62
4169,5205,2024-02-07,2024-02-10,2024-02-11,UPS,13.98
4170,5206,2024-01-11,2024-01-14,2024-01-13,Local Courier,17.8
4171,5207,2025-08-31,2025-09-03,2025-09-02,FedEx,15.6
4172,5208,2025-06-29,2025-07-02,2025-07-01,USPS,24.6
4173,5209,2025-02-13,2025-02-16,2025-02-17,FedEx,6.88
4174,5210,2025-01-22,2025-01-25,2025-01-26,Local Courier,8.99
4175,5212,2024-12-17,2024-12-20,2024-12-19,Local Courier,25.75
4176,5213,2025-06-06,2025-06-09,2025-06-08,Local Courier,5.09
4177,5214,2025-12-21,2025-12-24,2025-12-24,UPS,16.6
4178,5216,2025-09-01,2025-09-04,2025-09-03,UPS,19.82
4179,5217,2025-11-07,2025-11-10,2025-11-10,USPS,4.94
4180,5218,2025-11-12,2025-11-15,2025-11-16,UPS,25.53
4181,5219,2024-11-23,2024-11-26,2024-11-27,USPS,8.28
4182,5220,2024-08-19,2024-08-22,2024-08-20,UPS,18.13
4183,5221,2024-05-24,2024-05-27,2024-05-30,UPS,12.75
4184,5222,2025-05-06,2025-05-09,2025-05-08,USPS,5.04
4185,5223,2025-08-09,2025-08-12,2025-08-12,UPS,19.91
4186,5224,2025-01-04,2025-01-07,2025-01-08,FedEx,19.99
4187,5225,2025-02-14,2025-02-17,2025-02-18,USPS,5.77
4188,5227,2025-11-20,2025-11-23,2025-11-24,Local Courier,6.96
4189,5228,2024-06-27,2024-06-30,2024-06-30,USPS,17.32
4190,5230,2024-08-08,2024-08-11,2024-08-10,USPS,23.97
4191,5231,2024-03-02,2024-03-05,2024-03-07,Local Courier,8.77
4192,5234,2025-07-09,2025-07-12,2025-07-14,Local Courier,12.5
4193,5235,2025-07-15,2025-07-18,2025-07-18,UPS,9.34
4194,5236,2025-03-08,2025-03-11,2025-03-12,FedEx,13.7
4195,5237,2024-05-11,2024-05-14,2024-05-14,FedEx,23.62
4196,5238,2024-11-26,2024-11-29,2024-11-30,FedEx,18.5
4197,5239,2024-07-22,2024-07-25,2024-07-25,USPS,6.01
4198,5240,2024-02-11,2024-02-14,2024-02-14,FedEx,12.66
4199,5241,2025-11-16,2025-11-19,2025-11-21,UPS,15.09
4200,5242,2025-12-09,2025-12-12,2025-12-13,USPS,11.19
4201,5243,2024-12-01,2024-12-04,2024-12-08,USPS,18.51
4202,5244,2025-01-31,2025-02-03,2025-02-04,UPS,7.27
4203,5245,2025-01-30,2025-02-02,2025-02-03,USPS,12.73
4204,5246,2025-12-05,2025-12-08,2025-12-08,FedEx,4.38
4205,5248,2024-04-20,2024-04-23,2024-04-22,UPS,14.35
4206,5249,2025-05-10,2025-05-13,2025-05-12,UPS,7.04
4207,5250,2025-09-25,2025-09-28,2025-09-28,FedEx,4.14
4208,5251,2024-01-04,2024-01-07,2024-01-08,USPS,18.58
4209,5252,2025-01-16,2025-01-19,2025-01-25,UPS,9.89
4210,5254,2025-10-22,2025-10-25,2025-10-28,UPS,18.43
4211,5255,2025-01-16,2025-01-19,2025-01-20,FedEx,4.73
4212,5256,2025-08-07,2025-08-10,2025-08-13,FedEx,11.38
4213,5257,2024-03-26,2024-03-29,2024-03-30,UPS,14.61
4214,5259,2025-08-05,2025-08-08,2025-08-06,USPS,20.18
4215,5260,2024-12-31,2025-01-03,2025-01-03,UPS,17.79
4216,5261,2024-05-24,2024-05-27,2024-05-26,UPS,4.15
4217,5262,2024-03-17,2024-03-20,2024-03-19,USPS,19.99
4218,5263,2024-11-05,2024-11-08,2024-11-09,UPS,5.99
4219,5265,2024-02-18,2024-02-21,2024-02-22,UPS,6.81
4220,5266,2024-02-04,2024-02-07,2024-02-06,Local Courier,24.83
4221,5268,2025-10-31,2025-11-03,2025-11-01,Local Courier,12.12
4222,5269,2025-05-08,2025-05-11,2025-05-10,Local Courier,16.65
4223,5270,2024-03-30,2024-04-02,2024-04-04,UPS,22.37
4224,5271,2025-12-09,2025-12-12,2025-12-13,USPS,20.83
4225,5272,2025-01-03,2025-01-06,2025-01-07,USPS,11.94
4226,5273,2024-09-08,2024-09-11,2024-09-12,UPS,9.92
4227,5274,2025-02-11,2025-02-14,2025-02-16,UPS,13.75
4228,5275,2024-06-25,2024-06-28,2024-06-29,UPS,21.14
4229,5276,2024-08-02,2024-08-05,2024-08-10,UPS,13.26
4230,5277,2025-05-11,2025-05-14,2025-05-12,Local Courier,12.41
4231,5278,2025-11-24,2025-11-27,2025-11-30,USPS,11.42
4232,5280,2024-05-04,2024-05-07,2024-05-05,USPS,24.17
4233,5281,2024-11-06,2024-11-09,2024-11-14,Local Courier,27.0
4234,5282,2024-05-02,2024-05-05,2024-05-04,USPS,20.78
4235,5283,2024-03-14,2024-03-17,2024-03-15,FedEx,11.71
4236,5284,2024-01-30,2024-02-02,2024-02-02,FedEx,4.62
4237,5288,2025-02-13,2025-02-16,2025-02-20,Local Courier,26.12
4238,5289,2025-12-18,2025-12-21,2025-12-22,FedEx,19.63
4239,5291,2025-04-19,2025-04-22,2025-04-23,FedEx,19.84
4240,5292,2025-09-15,2025-09-18,2025-09-19,FedEx,9.38
4241,5293,2024-08-26,2024-08-29,2024-08-30,UPS,9.31
4242,5294,2025-12-01,2025-12-04,2025-12-03,FedEx,16.63
4243,5295,2024-12-29,2025-01-01,2025-01-06,FedEx,24.7
4244,5296,2024-09-23,2024-09-26,2024-09-26,FedEx,6.43
4245,5298,2025-05-10,2025-05-13,2025-05-13,UPS,15.55
4246,5301,2024-10-21,2024-10-24,2024-10-24,USPS,6.29
4247,5302,2025-04-26,2025-04-29,2025-04-30,USPS,11.51
4248,5303,2025-06-21,2025-06-24,2025-06-24,FedEx,16.14
4249,5304,2025-11-12,2025-11-15,2025-11-14,UPS,24.31
4250,5305,2024-04-25,2024-04-28,2024-04-30,Local Courier,22.76
4251,5306,2025-08-23,2025-08-26,2025-08-26,UPS,21.61
4252,5307,2024-03-16,2024-03-19,2024-03-17,FedEx,26.94
4253,5308,2025-11-10,2025-11-13,2025-11-12,UPS,7.89
4254,5310,2025-03-17,2025-03-20,2025-03-18,Local Courier,15.82
4255,5312,2024-02-08,2024-02-11,2024-02-10,UPS,24.88
4256,5314,2024-07-02,2024-07-05,2024-07-06,Local Courier,8.24
4257,5315,2025-10-12,2025-10-15,2025-10-14,USPS,16.43
4258,5316,2024-11-19,2024-11-22,2024-11-20,FedEx,27.49
4259,5317,2024-08-27,2024-08-30,2024-08-30,UPS,27.01
4260,5318,2024-06-18,2024-06-21,2024-06-20,Local Courier,25.73
4261,5319,2025-07-11,2025-07-14,2025-07-16,Local Courier,8.5
4262,5321,2024-09-06,2024-09-09,2024-09-09,UPS,13.44
4263,5323,2024-06-16,2024-06-19,2024-06-20,FedEx,9.37
4264,5324,2024-10-25,2024-10-28,2024-10-29,USPS,21.6
4265,5326,2025-02-26,2025-03-01,2025-02-27,UPS,11.63
4266,5327,2024-09-27,2024-09-30,2024-09-30,FedEx,26.66
4267,5328,2024-11-25,2024-11-28,2024-11-26,USPS,14.42
4268,5329,2024-12-09,2024-12-12,2024-12-10,UPS,10.25
4269,5330,2024-09-10,2024-09-13,2024-09-11,UPS,4.59
4270,5331,2024-07-13,2024-07-16,2024-07-15,Local Courier,18.02
4271,5332,2024-05-14,2024-05-17,2024-05-19,FedEx,7.89
4272,5333,2024-02-10,2024-02-13,2024-02-12,UPS,26.5
4273,5334,2025-10-12,2025-10-15,2025-10-18,UPS,15.62
4274,5336,2024-10-30,2024-11-02,2024-11-02,UPS,19.06
4275,5337,2024-05-10,2024-05-13,2024-05-17,UPS,25.02
4276,5338,2025-01-10,2025-01-13,2025-01-15,UPS,18.49
4277,5339,2025-04-01,2025-04-04,2025-04-05,FedEx,27.46
4278,5340,2024-08-24,2024-08-27,2024-08-31,FedEx,7.41
4279,5341,2025-06-26,2025-06-29,2025-06-28,FedEx,7.92
4280,5342,2024-11-04,2024-11-07,2024-11-08,UPS,24.72
4281,5344,2024-09-12,2024-09-15,2024-09-16,Local Courier,9.61
4282,5345,2025-09-15,2025-09-18,2025-09-20,Local Courier,6.17
4283,5346,2025-10-12,2025-10-15,2025-10-13,UPS,23.23
4284,5347,2025-04-30,2025-05-03,2025-05-02,Local Courier,14.57
4285,5348,2025-05-03,2025-05-06,2025-05-06,FedEx,11.31
4286,5349,2024-03-02,2024-03-05,2024-03-07,Local Courier,12.09
4287,5350,2025-01-25,2025-01-28,2025-01-29,Local Courier,26.92
4288,5351,2024-05-27,2024-05-30,2024-05-29,Local Courier,12.25
4289,5352,2024-07-13,2024-07-16,2024-07-17,FedEx,7.32
4290,5353,2025-04-13,2025-04-16,2025-04-16,USPS,5.67
4291,5355,2025-07-25,2025-07-28,2025-07-28,USPS,6.33
4292,5356,2025-10-07,2025-10-10,2025-10-12,USPS,19.25
4293,5358,2024-09-17,2024-09-20,2024-09-21,FedEx,13.1
4294,5359,2025-04-08,2025-04-11,2025-04-12,USPS,7.08
4295,5360,2025-06-07,2025-06-10,2025-06-10,UPS,12.35
4296,5361,2025-06-02,2025-06-05,2025-06-10,USPS,24.51
4297,5362,2024-03-09,2024-03-12,2024-03-11,USPS,9.42
4298,5363,2024-03-23,2024-03-26,2024-03-26,UPS,4.96
4299,5364,2025-08-20,2025-08-23,2025-08-25,FedEx,12.37
4300,5365,2025-12-29,2026-01-01,2025-12-30,UPS,4.82
4301,5366,2024-02-28,2024-03-02,2024-03-01,UPS,25.73
4302,5367,2025-01-25,2025-01-28,2025-01-29,FedEx,24.92
4303,5368,2025-08-17,2025-08-20,2025-08-21,UPS,14.2
4304,5369,2024-07-25,2024-07-28,2024-07-30,Local Courier,27.85
4305,5370,2024-02-03,2024-02-06,2024-02-06,Local Courier,26.56
4306,5373,2024-02-23,2024-02-26,2024-02-27,UPS,7.61
4307,5374,2024-09-25,2024-09-28,2024-09-26,USPS,20.39
4308,5375,2024-08-09,2024-08-12,2024-08-12,UPS,7.93
4309,5377,2025-04-28,2025-05-01,2025-04-29,UPS,25.41
4310,5378,2025-08-04,2025-08-07,2025-08-08,Local Courier,23.44
4311,5381,2024-02-06,2024-02-09,2024-02-09,USPS,5.13
4312,5382,2025-02-05,2025-02-08,2025-02-06,Local Courier,25.93
4313,5383,2024-01-20,2024-01-23,2024-01-21,UPS,17.81
4314,5384,2025-08-01,2025-08-04,2025-08-03,Local Courier,6.06
4315,5385,2025-07-03,2025-07-06,2025-07-09,Local Courier,13.75
4316,5387,2024-09-18,2024-09-21,2024-09-20,USPS,24.09
4317,5388,2024-05-05,2024-05-08,2024-05-08,FedEx,18.18
4318,5389,2025-01-18,2025-01-21,2025-01-22,UPS,15.17
4319,5390,2025-03-01,2025-03-04,2025-03-04,Local Courier,20.6
4320,5391,2024-01-14,2024-01-17,2024-01-16,Local Courier,6.67
4321,5392,2024-04-11,2024-04-14,2024-04-14,USPS,27.94
4322,5393,2024-06-11,2024-06-14,2024-06-14,USPS,15.27
4323,5394,2025-07-26,2025-07-29,2025-07-29,Local Courier,11.79
4324,5395,2024-05-11,2024-05-14,2024-05-13,FedEx,22.46
4325,5396,2025-05-22,2025-05-25,2025-05-28,USPS,26.75
4326,5398,2024-12-16,2024-12-19,2024-12-19,Local Courier,13.99
4327,5399,2024-07-01,2024-07-04,2024-07-03,UPS,18.85
4328,5400,2025-10-31,2025-11-03,2025-11-06,Local Courier,24.06
4329,5401,2024-07-20,2024-07-23,2024-07-24,UPS,7.73
4330,5405,2024-03-17,2024-03-20,2024-03-18,FedEx,22.07
4331,5406,2024-06-22,2024-06-25,2024-06-23,Local Courier,14.87
4332,5407,2025-05-19,2025-05-22,2025-05-21,Local Courier,25.55
4333,5408,2024-12-02,2024-12-05,2024-12-04,FedEx,22.68
4334,5409,2024-12-12,2024-12-15,2024-12-16,UPS,10.67
4335,5410,2025-05-26,2025-05-29,2025-05-30,Local Courier,5.05
4336,5411,2024-05-05,2024-05-08,2024-05-07,FedEx,26.95
4337,5412,2025-07-05,2025-07-08,2025-07-09,UPS,10.05
4338,5413,2024-01-31,2024-02-03,2024-02-03,UPS,15.72
4339,5415,2024-07-09,2024-07-12,2024-07-16,Local Courier,16.06
4340,5417,2025-06-30,2025-07-03,2025-07-03,USPS,16.49
4341,5418,2024-10-13,2024-10-16,2024-10-17,FedEx,15.31
4342,5419,2024-04-02,2024-04-05,2024-04-10,UPS,23.06
4343,5420,2024-10-08,2024-10-11,2024-10-12,FedEx,4.49
4344,5421,2025-12-24,2025-12-27,2025-12-28,UPS,21.37
4345,5422,2024-01-10,2024-01-13,2024-01-15,Local Courier,4.53
4346,5425,2024-02-06,2024-02-09,2024-02-13,UPS,8.31
4347,5426,2025-03-01,2025-03-04,2025-03-05,FedEx,24.85
4348,5427,2024-06-15,2024-06-18,2024-06-23,FedEx,20.03
4349,5428,2024-04-21,2024-04-24,2024-04-28,USPS,23.33
4350,5429,2024-11-10,2024-11-13,2024-11-16,FedEx,12.15
4351,5430,2024-02-12,2024-02-15,2024-02-14,USPS,19.92
4352,5431,2025-10-19,2025-10-22,2025-10-26,USPS,22.29
4353,5432,2025-04-22,2025-04-25,2025-04-24,FedEx,10.89
4354,5433,2024-08-18,2024-08-21,2024-08-22,FedEx,27.57
4355,5434,2025-11-17,2025-11-20,2025-11-21,UPS,16.22
4356,5436,2024-12-08,2024-12-11,2024-12-12,FedEx,23.41
4357,5437,2024-02-16,2024-02-19,2024-02-21,Local Courier,18.6
4358,5438,2024-09-23,2024-09-26,2024-09-25,UPS,13.47
4359,5439,2024-03-01,2024-03-04,2024-03-07,UPS,25.79
4360,5440,2024-02-07,2024-02-10,2024-02-12,FedEx,26.26
4361,5441,2024-03-09,2024-03-12,2024-03-13,USPS,9.09
4362,5443,2024-05-31,2024-06-03,2024-06-06,Local Courier,20.31
4363,5444,2024-05-27,2024-05-30,2024-05-30,USPS,12.73
4364,5446,2025-07-23,2025-07-26,2025-07-28,FedEx,25.8
4365,5447,2024-11-13,2024-11-16,2024-11-20,FedEx,25.18
4366,5449,2024-09-25,2024-09-28,2024-09-28,UPS,10.22
4367,5450,2024-07-18,2024-07-21,2024-07-23,FedEx,26.85
4368,5451,2025-07-19,2025-07-22,2025-07-21,FedEx,26.97
4369,5452,2025-04-28,2025-05-01,2025-05-01,USPS,15.08
4370,5453,2024-03-09,2024-03-12,2024-03-16,FedEx,26.29
4371,5454,2024-11-26,2024-11-29,2024-11-28,Local Courier,6.53
4372,5455,2024-09-03,2024-09-06,2024-09-04,USPS,10.2
4373,5456,2024-07-28,2024-07-31,2024-07-30,Local Courier,17.21
4374,5459,2024-02-09,2024-02-12,2024-02-10,USPS,24.2
4375,5461,2025-12-20,2025-12-23,2025-12-25,UPS,25.56
4376,5462,2025-11-11,2025-11-14,2025-11-13,Local Courier,22.9
4377,5465,2024-10-26,2024-10-29,2024-10-30,Local Courier,6.82
4378,5466,2024-10-04,2024-10-07,2024-10-08,FedEx,19.82
4379,5467,2024-09-29,2024-10-02,2024-10-08,USPS,25.86
4380,5468,2024-08-13,2024-08-16,2024-08-17,UPS,8.19
4381,5469,2025-10-03,2025-10-06,2025-10-04,USPS,26.94
4382,5470,2025-11-01,2025-11-04,2025-11-07,FedEx,22.78
4383,5471,2025-06-11,2025-06-14,2025-06-13,FedEx,15.7
4384,5473,2025-11-14,2025-11-17,2025-11-15,UPS,10.71
4385,5474,2024-08-23,2024-08-26,2024-08-27,USPS,19.29
4386,5475,2025-07-15,2025-07-18,2025-07-24,UPS,12.07
4387,5476,2025-10-21,2025-10-24,2025-10-24,UPS,10.36
4388,5477,2024-04-05,2024-04-08,2024-04-08,FedEx,8.6
4389,5478,2024-09-23,2024-09-26,2024-09-25,FedEx,17.72
4390,5479,2025-11-14,2025-11-17,2025-11-23,UPS,17.98
4391,5481,2024-12-02,2024-12-05,2024-12-09,UPS,22.43
4392,5482,2024-07-02,2024-07-05,2024-07-04,UPS,12.71
4393,5483,2024-04-25,2024-04-28,2024-04-28,Local Courier,20.26
4394,5484,2024-08-22,2024-08-25,2024-08-23,UPS,25.98
4395,5485,2024-06-12,2024-06-15,2024-06-15,Local Courier,21.87
4396,5486,2025-08-09,2025-08-12,2025-08-12,UPS,8.04
4397,5488,2025-09-05,2025-09-08,2025-09-10,FedEx,8.18
4398,5489,2025-01-22,2025-01-25,2025-01-26,UPS,25.75
4399,5490,2025-06-14,2025-06-17,2025-06-15,FedEx,10.64
4400,5491,2025-04-04,2025-04-07,2025-04-06,Local Courier,5.86
4401,5493,2025-11-26,2025-11-29,2025-11-30,USPS,11.31
4402,5494,2024-07-10,2024-07-13,2024-07-12,Local Courier,10.7
4403,5499,2025-04-20,2025-04-23,2025-04-26,USPS,12.28
4404,5502,2024-12-09,2024-12-12,2024-12-12,Local Courier,11.25
4405,5503,2025-02-05,2025-02-08,2025-02-08,FedEx,17.71
4406,5504,2024-01-27,2024-01-30,2024-01-30,FedEx,4.26
4407,5505,2025-11-24,2025-11-27,2025-11-25,FedEx,9.28
4408,5506,2025-11-12,2025-11-15,2025-11-16,UPS,11.84
4409,5507,2025-09-27,2025-09-30,2025-09-29,USPS,19.93
4410,5508,2025-09-08,2025-09-11,2025-09-14,FedEx,4.06
4411,5509,2025-03-21,2025-03-24,2025-03-25,FedEx,16.93
4412,5511,2025-04-11,2025-04-14,2025-04-15,USPS,17.57
4413,5513,2025-04-18,2025-04-21,2025-04-21,FedEx,23.39
4414,5514,2025-05-22,2025-05-25,2025-05-26,FedEx,7.42
4415,5515,2025-08-05,2025-08-08,2025-08-09,FedEx,12.56
4416,5516,2024-06-20,2024-06-23,2024-06-21,Local Courier,12.23
4417,5517,2024-08-18,2024-08-21,2024-08-22,Local Courier,25.57
4418,5519,2024-02-06,2024-02-09,2024-02-10,USPS,10.03
4419,5520,2024-01-28,2024-01-31,2024-02-01,USPS,17.08
4420,5521,2024-11-01,2024-11-04,2024-11-02,USPS,17.18
4421,5522,2025-01-01,2025-01-04,2025-01-06,UPS,5.39
4422,5523,2025-06-28,2025-07-01,2025-07-02,USPS,22.08
4423,5524,2024-05-17,2024-05-20,2024-05-20,USPS,14.33
4424,5525,2025-06-25,2025-06-28,2025-07-01,Local Courier,9.88
4425,5526,2024-04-04,2024-04-07,2024-04-07,FedEx,17.64
4426,5527,2024-06-26,2024-06-29,2024-06-28,UPS,13.37
4427,5528,2024-09-16,2024-09-19,2024-09-18,Local Courier,24.66
4428,5529,2024-11-23,2024-11-26,2024-11-27,UPS,26.49
4429,5530,2025-11-13,2025-11-16,2025-11-16,UPS,14.9
4430,5531,2025-04-29,2025-05-02,2025-05-02,UPS,26.3
4431,5533,2025-03-10,2025-03-13,2025-03-18,Local Courier,25.64
4432,5534,2024-05-28,2024-05-31,2024-05-30,Local Courier,20.06
4433,5535,2024-07-28,2024-07-31,2024-08-02,UPS,20.25
4434,5536,2025-01-31,2025-02-03,2025-02-02,USPS,11.26
4435,5540,2025-08-02,2025-08-05,2025-08-04,FedEx,22.86
4436,5542,2025-04-08,2025-04-11,2025-04-11,FedEx,9.52
4437,5544,2024-10-11,2024-10-14,2024-10-15,USPS,7.51
4438,5545,2025-11-30,2025-12-03,2025-12-02,Local Courier,22.1
4439,5546,2024-02-07,2024-02-10,2024-02-12,Local Courier,7.57
4440,5547,2024-02-11,2024-02-14,2024-02-14,UPS,11.15
4441,5549,2025-11-25,2025-11-28,2025-11-26,USPS,11.56
4442,5550,2025-12-24,2025-12-27,2025-12-26,Local Courier,19.33
4443,5551,2024-04-24,2024-04-27,2024-05-01,Local Courier,21.65
4444,5552,2025-07-18,2025-07-21,2025-07-23,USPS,21.72
4445,5553,2024-04-25,2024-04-28,2024-04-30,Local Courier,16.32
4446,5555,2024-08-09,2024-08-12,2024-08-16,USPS,9.57
4447,5556,2024-06-03,2024-06-06,2024-06-06,UPS,10.87
4448,5559,2025-04-26,2025-04-29,2025-04-28,FedEx,19.5
4449,5561,2024-11-25,2024-11-28,2024-11-29,FedEx,24.22
4450,5562,2024-03-24,2024-03-27,2024-03-28,USPS,24.03
4451,5563,2024-11-01,2024-11-04,2024-11-06,Local Courier,25.55
4452,5564,2025-10-15,2025-10-18,2025-10-19,UPS,16.58
4453,5566,2025-12-14,2025-12-17,2025-12-18,UPS,10.42
4454,5569,2024-03-11,2024-03-14,2024-03-12,FedEx,6.05
4455,5570,2025-11-04,2025-11-07,2025-11-06,USPS,6.24
4456,5571,2024-08-14,2024-08-17,2024-08-16,UPS,13.41
4457,5572,2025-10-01,2025-10-04,2025-10-05,UPS,25.07
4458,5573,2025-07-23,2025-07-26,2025-07-25,Local Courier,8.15
4459,5574,2025-10-20,2025-10-23,2025-10-24,FedEx,17.98
4460,5575,2024-06-20,2024-06-23,2024-06-22,UPS,18.58
4461,5576,2024-09-08,2024-09-11,2024-09-12,USPS,8.31
4462,5577,2025-08-26,2025-08-29,2025-08-28,Local Courier,9.17
4463,5578,2025-09-07,2025-09-10,2025-09-14,UPS,13.82
4464,5579,2024-02-26,2024-02-29,2024-02-28,Local Courier,22.11
4465,5580,2025-05-26,2025-05-29,2025-05-31,UPS,9.47
4466,5581,2024-08-16,2024-08-19,2024-08-18,Local Courier,12.62
4467,5582,2025-12-17,2025-12-20,2025-12-21,FedEx,18.88
4468,5583,2025-04-11,2025-04-14,2025-04-16,UPS,6.07
4469,5584,2025-02-06,2025-02-09,2025-02-12,Local Courier,15.12
4470,5585,2025-09-04,2025-09-07,2025-09-06,USPS,22.09
4471,5586,2025-04-26,2025-04-29,2025-04-28,USPS,25.23
4472,5587,2025-08-08,2025-08-11,2025-08-12,UPS,22.79
4473,5588,2024-06-11,2024-06-14,2024-06-15,USPS,23.39
4474,5589,2025-12-21,2025-12-24,2025-12-25,FedEx,7.94
4475,5590,2024-05-24,2024-05-27,2024-05-27,Local Courier,11.88
4476,5591,2024-06-05,2024-06-08,2024-06-07,Local Courier,4.38
4477,5592,2024-04-06,2024-04-09,2024-04-11,Local Courier,22.94
4478,5593,2025-10-09,2025-10-12,2025-10-11,Local Courier,19.54
4479,5594,2024-11-14,2024-11-17,2024-11-18,FedEx,21.04
4480,5595,2024-12-18,2024-12-21,2024-12-20,FedEx,23.93
4481,5597,2024-04-17,2024-04-20,2024-04-20,FedEx,13.05
4482,5598,2024-05-01,2024-05-04,2024-05-06,FedEx,10.33
4483,5599,2024-07-25,2024-07-28,2024-07-29,USPS,17.13
4484,5600,2024-02-02,2024-02-05,2024-02-03,Local Courier,13.11
4485,5601,2024-07-24,2024-07-27,2024-07-30,FedEx,20.32
4486,5602,2025-04-07,2025-04-10,2025-04-09,UPS,7.36
4487,5603,2025-01-28,2025-01-31,2025-02-02,FedEx,16.82
4488,5604,2024-06-06,2024-06-09,2024-06-11,FedEx,19.8
4489,5605,2024-07-22,2024-07-25,2024-07-29,USPS,7.15
4490,5606,2024-11-13,2024-11-16,2024-11-15,UPS,5.67
4491,5607,2024-05-05,2024-05-08,2024-05-06,USPS,10.81
4492,5608,2025-03-16,2025-03-19,2025-03-19,USPS,4.34
4493,5609,2025-02-12,2025-02-15,2025-02-17,UPS,13.77
4494,5610,2025-07-02,2025-07-05,2025-07-06,UPS,5.71
4495,5611,2024-08-03,2024-08-06,2024-08-07,Local Courier,19.49
4496,5612,2025-10-08,2025-10-11,2025-10-09,FedEx,10.72
4497,5613,2024-06-15,2024-06-18,2024-06-16,USPS,10.73
4498,5614,2025-12-31,2026-01-03,2026-01-08,FedEx,10.08
4499,5615,2024-10-26,2024-10-29,2024-10-30,FedEx,22.98
4500,5616,2025-11-05,2025-11-08,2025-11-14,UPS,11.99
4501,5617,2025-11-28,2025-12-01,2025-11-29,FedEx,26.55
4502,5619,2025-11-11,2025-11-14,2025-11-16,UPS,4.09
4503,5620,2025-12-13,2025-12-16,2025-12-16,FedEx,14.67
4504,5621,2024-08-18,2024-08-21,2024-08-19,UPS,8.17
4505,5622,2025-10-31,2025-11-03,2025-11-03,UPS,7.09
4506,5623,2025-01-12,2025-01-15,2025-01-14,Local Courier,4.8
4507,5624,2025-03-11,2025-03-14,2025-03-15,FedEx,19.45
4508,5625,2024-10-05,2024-10-08,2024-10-07,FedEx,6.14
4509,5626,2025-05-15,2025-05-18,2025-05-17,Local Courier,10.55
4510,5627,2025-01-12,2025-01-15,2025-01-16,FedEx,7.73
4511,5628,2025-02-02,2025-02-05,2025-02-05,USPS,10.01
4512,5629,2025-05-30,2025-06-02,2025-06-01,USPS,14.03
4513,5632,2025-04-07,2025-04-10,2025-04-10,FedEx,18.98
4514,5634,2025-04-11,2025-04-14,2025-04-15,Local Courier,22.21
4515,5637,2025-10-23,2025-10-26,2025-10-25,USPS,22.32
4516,5638,2025-11-29,2025-12-02,2025-11-30,USPS,5.51
4517,5639,2024-10-31,2024-11-03,2024-11-04,USPS,11.35
4518,5640,2024-03-23,2024-03-26,2024-03-26,UPS,7.19
4519,5641,2024-06-05,2024-06-08,2024-06-09,UPS,10.73
4520,5643,2024-04-08,2024-04-11,2024-04-10,FedEx,26.26
4521,5644,2024-09-26,2024-09-29,2024-09-29,USPS,6.47
4522,5645,2025-09-12,2025-09-15,2025-09-13,USPS,24.33
4523,5646,2025-12-14,2025-12-17,2025-12-16,Local Courier,19.05
4524,5647,2025-01-05,2025-01-08,2025-01-06,FedEx,26.47
4525,5648,2025-11-14,2025-11-17,2025-11-16,UPS,14.74
4526,5649,2024-02-06,2024-02-09,2024-02-10,FedEx,19.57
4527,5650,2025-09-11,2025-09-14,2025-09-13,Local Courier,18.19
4528,5651,2024-03-05,2024-03-08,2024-03-07,Local Courier,9.57
4529,5652,2024-11-21,2024-11-24,2024-11-22,FedEx,8.24
4530,5653,2024-12-23,2024-12-26,2024-12-30,Local Courier,13.88
4531,5654,2024-07-02,2024-07-05,2024-07-05,Local Courier,11.82
4532,5655,2025-04-25,2025-04-28,2025-04-29,USPS,6.34
4533,5656,2024-01-16,2024-01-19,2024-01-20,Local Courier,14.61
4534,5657,2025-08-12,2025-08-15,2025-08-17,UPS,18.65
4535,5658,2024-09-27,2024-09-30,2024-10-01,UPS,8.39
4536,5659,2024-02-23,2024-02-26,2024-02-25,USPS,24.41
4537,5660,2025-07-21,2025-07-24,2025-07-29,UPS,24.85
4538,5661,2024-07-28,2024-07-31,2024-07-31,FedEx,20.49
4539,5662,2025-03-19,2025-03-22,2025-03-24,Local Courier,8.25
4540,5663,2024-05-12,2024-05-15,2024-05-13,UPS,10.8
4541,5664,2024-01-27,2024-01-30,2024-01-28,UPS,22.43
4542,5665,2025-06-04,2025-06-07,2025-06-08,Local Courier,24.33
4543,5667,2024-05-26,2024-05-29,2024-05-28,Local Courier,4.54
4544,5669,2024-04-17,2024-04-20,2024-04-18,UPS,9.2
4545,5670,2025-11-22,2025-11-25,2025-11-23,USPS,20.77
4546,5671,2024-01-27,2024-01-30,2024-01-28,USPS,25.33
4547,5672,2024-03-29,2024-04-01,2024-03-30,FedEx,22.5
4548,5673,2024-07-05,2024-07-08,2024-07-07,Local Courier,14.01
4549,5674,2025-11-05,2025-11-08,2025-11-09,Local Courier,5.9
4550,5676,2025-03-03,2025-03-06,2025-03-04,USPS,16.52
4551,5677,2025-06-28,2025-07-01,2025-06-30,UPS,12.96
4552,5678,2024-05-04,2024-05-07,2024-05-08,Local Courier,17.07
4553,5679,2024-12-19,2024-12-22,2024-12-23,UPS,14.49
4554,5680,2024-09-13,2024-09-16,2024-09-17,FedEx,22.48
4555,5681,2024-10-04,2024-10-07,2024-10-10,Local Courier,10.2
4556,5682,2025-06-04,2025-06-07,2025-06-08,Local Courier,21.55
4557,5685,2024-12-12,2024-12-15,2024-12-15,USPS,26.68
4558,5686,2024-08-11,2024-08-14,2024-08-12,FedEx,11.63
4559,5689,2025-06-16,2025-06-19,2025-06-18,UPS,12.51
4560,5690,2024-02-26,2024-02-29,2024-02-28,Local Courier,6.26
4561,5691,2024-05-03,2024-05-06,2024-05-05,UPS,22.15
4562,5693,2024-07-25,2024-07-28,2024-07-30,Local Courier,24.68
4563,5694,2025-04-04,2025-04-07,2025-04-07,UPS,13.35
4564,5695,2024-04-07,2024-04-10,2024-04-14,UPS,17.64
4565,5696,2025-09-15,2025-09-18,2025-09-16,UPS,11.53
4566,5698,2025-01-06,2025-01-09,2025-01-09,FedEx,27.44
4567,5699,2025-01-24,2025-01-27,2025-01-27,USPS,24.36
4568,5700,2025-04-27,2025-04-30,2025-04-30,USPS,11.7
4569,5701,2025-03-26,2025-03-29,2025-03-30,Local Courier,12.07
4570,5703,2025-03-27,2025-03-30,2025-03-30,Local Courier,17.78
4571,5704,2024-02-19,2024-02-22,2024-02-20,FedEx,23.98
4572,5705,2025-10-15,2025-10-18,2025-10-18,UPS,21.58
4573,5706,2024-02-14,2024-02-17,2024-02-18,USPS,9.63
4574,5707,2024-12-21,2024-12-24,2024-12-22,Local Courier,13.84
4575,5708,2025-07-22,2025-07-25,2025-07-23,USPS,9.77
4576,5709,2024-07-25,2024-07-28,2024-08-03,Local Courier,20.35
4577,5710,2024-10-21,2024-10-24,2024-10-28,FedEx,10.71
4578,5712,2025-08-25,2025-08-28,2025-08-27,USPS,6.53
4579,5714,2025-01-01,2025-01-04,2025-01-04,UPS,4.63
4580,5717,2025-06-14,2025-06-17,2025-06-16,Local Courier,15.08
4581,5718,2024-07-07,2024-07-10,2024-07-09,Local Courier,12.06
4582,5719,2025-12-18,2025-12-21,2025-12-22,FedEx,24.32
4583,5720,2024-05-22,2024-05-25,2024-05-25,FedEx,25.13
4584,5721,2025-04-25,2025-04-28,2025-04-28,UPS,6.58
4585,5722,2024-01-09,2024-01-12,2024-01-12,Local Courier,6.14
4586,5723,2024-05-14,2024-05-17,2024-05-17,USPS,14.58
4587,5724,2024-05-07,2024-05-10,2024-05-12,Local Courier,7.56
4588,5726,2025-10-20,2025-10-23,2025-10-23,Local Courier,19.92
4589,5727,2024-01-07,2024-01-10,2024-01-10,Local Courier,17.37
4590,5728,2025-03-19,2025-03-22,2025-03-24,Local Courier,18.9
4591,5729,2024-06-19,2024-06-22,2024-06-23,Local Courier,16.28
4592,5730,2024-07-02,2024-07-05,2024-07-03,FedEx,20.41
4593,5731,2024-10-28,2024-10-31,2024-10-31,Local Courier,25.03
4594,5733,2025-06-12,2025-06-15,2025-06-17,Local Courier,12.68
4595,5735,2024-04-18,2024-04-21,2024-04-21,Local Courier,16.54
4596,5736,2024-09-23,2024-09-26,2024-09-27,FedEx,4.34
4597,5737,2024-07-15,2024-07-18,2024-07-23,UPS,25.49
4598,5738,2025-01-05,2025-01-08,2025-01-06,Local Courier,22.8
4599,5739,2025-11-21,2025-11-24,2025-11-26,FedEx,18.28
4600,5740,2024-12-26,2024-12-29,2024-12-29,Local Courier,23.25
4601,5742,2025-11-26,2025-11-29,2025-11-28,USPS,7.22
4602,5744,2025-01-22,2025-01-25,2025-01-26,UPS,17.81
4603,5745,2024-07-03,2024-07-06,2024-07-06,UPS,27.82
4604,5746,2025-01-31,2025-02-03,2025-02-04,FedEx,23.11
4605,5747,2025-04-05,2025-04-08,2025-04-11,Local Courier,16.82
4606,5749,2025-02-17,2025-02-20,2025-02-19,Local Courier,15.6
4607,5750,2024-10-12,2024-10-15,2024-10-15,FedEx,17.87
4608,5751,2025-04-01,2025-04-04,2025-04-04,UPS,14.56
4609,5752,2024-09-13,2024-09-16,2024-09-17,USPS,25.41
4610,5753,2024-03-22,2024-03-25,2024-03-26,UPS,26.94
4611,5755,2024-10-29,2024-11-01,2024-10-30,Local Courier,4.12
4612,5756,2025-07-28,2025-07-31,2025-07-31,FedEx,5.63
4613,5757,2024-03-19,2024-03-22,2024-03-22,USPS,7.74
4614,5758,2025-09-07,2025-09-10,2025-09-10,USPS,7.3
4615,5759,2024-06-20,2024-06-23,2024-06-24,USPS,25.27
4616,5760,2024-07-26,2024-07-29,2024-07-29,Local Courier,16.22
4617,5761,2024-11-03,2024-11-06,2024-11-06,USPS,16.24
4618,5762,2024-06-23,2024-06-26,2024-06-25,UPS,21.38
4619,5763,2025-02-08,2025-02-11,2025-02-10,Local Courier,10.67
4620,5764,2024-10-29,2024-11-01,2024-11-01,USPS,14.94
4621,5766,2025-07-20,2025-07-23,2025-07-24,Local Courier,17.65
4622,5767,2025-11-10,2025-11-13,2025-11-12,UPS,4.35
4623,5769,2025-01-29,2025-02-01,2025-02-02,USPS,13.39
4624,5770,2024-07-21,2024-07-24,2024-07-25,USPS,11.34
4625,5771,2025-07-06,2025-07-09,2025-07-07,USPS,6.37
4626,5772,2025-12-26,2025-12-29,2025-12-30,Local Courier,9.46
4627,5774,2024-05-29,2024-06-01,2024-05-31,FedEx,13.64
4628,5775,2025-11-02,2025-11-05,2025-11-06,USPS,23.49
4629,5776,2024-01-14,2024-01-17,2024-01-21,Local Courier,4.26
4630,5777,2025-05-31,2025-06-03,2025-06-02,UPS,5.58
4631,5778,2024-03-07,2024-03-10,2024-03-11,UPS,8.24
4632,5780,2025-12-28,2025-12-31,2025-12-31,FedEx,4.73
4633,5781,2025-11-07,2025-11-10,2025-11-10,USPS,24.27
4634,5782,2024-10-06,2024-10-09,2024-10-10,FedEx,7.18
4635,5783,2024-11-21,2024-11-24,2024-11-24,USPS,24.87
4636,5784,2024-10-09,2024-10-12,2024-10-12,Local Courier,19.32
4637,5785,2025-11-22,2025-11-25,2025-11-26,Local Courier,15.02
4638,5787,2025-04-17,2025-04-20,2025-04-18,UPS,19.39
4639,5788,2024-07-31,2024-08-03,2024-08-03,FedEx,13.18
4640,5789,2025-02-24,2025-02-27,2025-02-27,Local Courier,17.63
4641,5790,2024-11-23,2024-11-26,2024-11-25,UPS,19.94
4642,5791,2024-02-19,2024-02-22,2024-02-25,FedEx,9.28
4643,5793,2024-03-11,2024-03-14,2024-03-14,Local Courier,24.77
4644,5794,2024-02-05,2024-02-08,2024-02-09,USPS,10.02
4645,5795,2024-04-20,2024-04-23,2024-04-22,UPS,7.59
4646,5796,2024-09-12,2024-09-15,2024-09-14,Local Courier,24.01
4647,5797,2024-07-01,2024-07-04,2024-07-03,UPS,20.17
4648,5799,2024-11-19,2024-11-22,2024-11-26,Local Courier,9.75
4649,5800,2024-11-06,2024-11-09,2024-11-10,UPS,14.87
4650,5801,2025-07-17,2025-07-20,2025-07-22,FedEx,23.37
4651,5802,2024-01-29,2024-02-01,2024-02-02,USPS,24.6
4652,5803,2025-06-16,2025-06-19,2025-06-21,UPS,17.23
4653,5805,2024-04-29,2024-05-02,2024-05-02,UPS,10.08
4654,5806,2025-07-12,2025-07-15,2025-07-15,Local Courier,17.4
4655,5807,2025-05-25,2025-05-28,2025-05-28,UPS,23.7
4656,5808,2024-11-26,2024-11-29,2024-11-28,USPS,26.08
4657,5809,2025-11-03,2025-11-06,2025-11-07,USPS,5.6
4658,5810,2025-11-26,2025-11-29,2025-11-27,FedEx,4.43
4659,5811,2024-09-29,2024-10-02,2024-09-30,UPS,21.07
4660,5812,2024-10-09,2024-10-12,2024-10-12,UPS,6.21
4661,5813,2025-12-08,2025-12-11,2025-12-12,USPS,27.28
4662,5814,2025-11-04,2025-11-07,2025-11-05,Local Courier,5.51
4663,5815,2024-03-14,2024-03-17,2024-03-15,UPS,13.48
4664,5816,2024-09-13,2024-09-16,2024-09-15,Local Courier,12.67
4665,5817,2024-05-12,2024-05-15,2024-05-16,FedEx,4.11
4666,5818,2025-05-06,2025-05-09,2025-05-07,UPS,20.51
4667,5819,2025-02-09,2025-02-12,2025-02-16,USPS,18.95
4668,5820,2024-04-28,2024-05-01,2024-05-01,UPS,20.56
4669,5822,2024-12-01,2024-12-04,2024-12-03,USPS,13.93
4670,5823,2025-12-23,2025-12-26,2025-12-24,FedEx,7.79
4671,5824,2024-08-14,2024-08-17,2024-08-17,UPS,22.12
4672,5825,2024-06-10,2024-06-13,2024-06-15,FedEx,23.97
4673,5826,2025-08-16,2025-08-19,2025-08-20,UPS,21.76
4674,5828,2025-09-28,2025-10-01,2025-10-02,USPS,16.39
4675,5829,2024-06-03,2024-06-06,2024-06-07,UPS,10.1
4676,5830,2024-03-04,2024-03-07,2024-03-06,FedEx,25.55
4677,5831,2025-08-02,2025-08-05,2025-08-08,FedEx,21.69
4678,5832,2024-01-25,2024-01-28,2024-01-26,Local Courier,16.34
4679,5833,2025-06-01,2025-06-04,2025-06-05,Local Courier,19.17
4680,5834,2024-04-06,2024-04-09,2024-04-07,UPS,16.41
4681,5835,2025-12-19,2025-12-22,2025-12-23,USPS,12.72
4682,5836,2024-12-30,2025-01-02,2024-12-31,UPS,20.56
4683,5837,2024-04-18,2024-04-21,2024-04-21,FedEx,11.94
4684,5838,2024-07-16,2024-07-19,2024-07-17,FedEx,22.42
4685,5839,2025-12-20,2025-12-23,2025-12-25,FedEx,20.72
4686,5840,2024-07-05,2024-07-08,2024-07-09,USPS,16.76
4687,5841,2024-03-07,2024-03-10,2024-03-12,Local Courier,22.81
4688,5843,2024-03-22,2024-03-25,2024-03-26,Local Courier,10.31
4689,5845,2024-09-09,2024-09-12,2024-09-11,UPS,14.32
4690,5847,2024-06-16,2024-06-19,2024-06-20,USPS,20.34
4691,5848,2025-09-15,2025-09-18,2025-09-20,UPS,5.31
4692,5850,2025-04-16,2025-04-19,2025-04-19,UPS,24.43
4693,5852,2024-10-29,2024-11-01,2024-11-03,UPS,5.27
4694,5853,2025-05-11,2025-05-14,2025-05-15,UPS,27.48
4695,5854,2025-10-02,2025-10-05,2025-10-09,USPS,26.27
4696,5856,2025-07-21,2025-07-24,2025-07-26,UPS,6.17
4697,5857,2024-08-19,2024-08-22,2024-08-21,FedEx,4.37
4698,5858,2024-11-26,2024-11-29,2024-12-02,UPS,4.64
4699,5859,2025-02-04,2025-02-07,2025-02-08,USPS,13.13
4700,5860,2025-06-20,2025-06-23,2025-06-23,Local Courier,5.46
4701,5861,2025-12-31,2026-01-03,2026-01-05,USPS,7.78
4702,5862,2025-11-19,2025-11-22,2025-11-20,UPS,25.73
4703,5863,2025-06-03,2025-06-06,2025-06-06,USPS,13.59
4704,5864,2024-07-03,2024-07-06,2024-07-06,USPS,8.16
4705,5865,2025-05-27,2025-05-30,2025-05-29,Local Courier,20.3
4706,5866,2025-07-16,2025-07-19,2025-07-18,FedEx,4.8
4707,5867,2024-01-14,2024-01-17,2024-01-15,USPS,15.97
4708,5868,2025-04-11,2025-04-14,2025-04-15,FedEx,11.54
4709,5869,2024-02-03,2024-02-06,2024-02-10,UPS,19.57
4710,5870,2024-01-26,2024-01-29,2024-01-30,Local Courier,12.28
4711,5871,2024-11-04,2024-11-07,2024-11-07,Local Courier,21.52
4712,5872,2024-05-07,2024-05-10,2024-05-09,FedEx,24.63
4713,5873,2024-01-19,2024-01-22,2024-01-24,FedEx,25.14
4714,5874,2025-11-01,2025-11-04,2025-11-03,UPS,9.58
4715,5876,2025-06-29,2025-07-02,2025-07-06,UPS,23.43
4716,5877,2024-06-12,2024-06-15,2024-06-15,Local Courier,25.08
4717,5878,2025-07-31,2025-08-03,2025-08-05,FedEx,5.65
4718,5879,2025-01-09,2025-01-12,2025-01-10,FedEx,18.64
4719,5880,2025-09-08,2025-09-11,2025-09-09,FedEx,27.89
4720,5881,2024-10-05,2024-10-08,2024-10-07,Local Courier,23.78
4721,5882,2025-09-06,2025-09-09,2025-09-12,UPS,25.35
4722,5883,2025-05-20,2025-05-23,2025-05-24,FedEx,7.92
4723,5887,2024-12-24,2024-12-27,2024-12-26,Local Courier,19.04
4724,5888,2024-02-13,2024-02-16,2024-02-15,FedEx,26.72
4725,5889,2025-02-12,2025-02-15,2025-02-17,Local Courier,6.69
4726,5890,2024-11-16,2024-11-19,2024-11-19,UPS,7.81
4727,5891,2025-07-08,2025-07-11,2025-07-11,USPS,21.14
4728,5893,2025-05-26,2025-05-29,2025-05-31,USPS,8.06
4729,5894,2024-02-23,2024-02-26,2024-02-28,UPS,10.27
4730,5896,2025-04-23,2025-04-26,2025-04-27,FedEx,21.47
4731,5897,2025-08-28,2025-08-31,2025-08-30,Local Courier,24.11
4732,5898,2025-04-30,2025-05-03,2025-05-02,USPS,11.92
4733,5899,2024-10-16,2024-10-19,2024-10-17,FedEx,18.5
4734,5901,2024-02-20,2024-02-23,2024-02-25,FedEx,4.6
4735,5902,2025-06-24,2025-06-27,2025-06-28,UPS,12.1
4736,5903,2025-10-19,2025-10-22,2025-10-26,FedEx,11.81
4737,5904,2025-08-22,2025-08-25,2025-08-23,Local Courier,26.36
4738,5905,2025-10-31,2025-11-03,2025-11-03,UPS,9.49
4739,5906,2025-06-27,2025-06-30,2025-07-03,Local Courier,9.99
4740,5907,2025-10-05,2025-10-08,2025-10-09,USPS,24.81
4741,5910,2025-08-01,2025-08-04,2025-08-06,Local Courier,20.41
4742,5911,2025-08-06,2025-08-09,2025-08-12,FedEx,11.07
4743,5912,2025-11-06,2025-11-09,2025-11-09,Local Courier,19.11
4744,5913,2025-04-07,2025-04-10,2025-04-09,FedEx,25.9
4745,5914,2024-08-11,2024-08-14,2024-08-13,FedEx,4.19
4746,5915,2024-09-18,2024-09-21,2024-09-22,UPS,11.59
4747,5916,2025-10-01,2025-10-04,2025-10-03,Local Courier,6.99
4748,5917,2024-05-14,2024-05-17,2024-05-20,Local Courier,21.69
4749,5918,2025-03-08,2025-03-11,2025-03-13,USPS,14.37
4750,5919,2024-01-13,2024-01-16,2024-01-15,UPS,26.98
4751,5920,2024-10-25,2024-10-28,2024-10-28,UPS,17.63
4752,5922,2025-09-02,2025-09-05,2025-09-06,FedEx,22.51
4753,5924,2024-06-06,2024-06-09,2024-06-10,FedEx,16.33
4754,5925,2024-04-10,2024-04-13,2024-04-15,FedEx,4.56
4755,5926,2024-07-18,2024-07-21,2024-07-21,FedEx,26.29
4756,5927,2025-07-30,2025-08-02,2025-08-03,FedEx,25.69
4757,5929,2024-11-05,2024-11-08,2024-11-09,Local Courier,27.96
4758,5930,2024-08-20,2024-08-23,2024-08-25,USPS,17.34
4759,5931,2025-05-06,2025-05-09,2025-05-08,FedEx,25.26
4760,5932,2024-05-29,2024-06-01,2024-05-30,USPS,13.64
4761,5933,2025-04-09,2025-04-12,2025-04-14,UPS,17.17
4762,5934,2024-05-04,2024-05-07,2024-05-08,Local Courier,15.19
4763,5935,2025-03-20,2025-03-23,2025-03-23,UPS,8.03
4764,5936,2024-07-15,2024-07-18,2024-07-19,Local Courier,24.71
4765,5937,2024-03-11,2024-03-14,2024-03-17,Local Courier,14.76
4766,5938,2025-12-04,2025-12-07,2025-12-11,Local Courier,13.23
4767,5939,2025-11-25,2025-11-28,2025-11-28,Local Courier,19.09
4768,5940,2024-12-01,2024-12-04,2024-12-03,FedEx,14.0
4769,5941,2025-05-03,2025-05-06,2025-05-07,USPS,14.62
4770,5942,2024-11-03,2024-11-06,2024-11-06,UPS,10.37
4771,5943,2024-03-18,2024-03-21,2024-03-20,Local Courier,11.86
4772,5944,2025-05-05,2025-05-08,2025-05-06,USPS,14.71
4773,5945,2025-07-24,2025-07-27,2025-07-29,UPS,18.16
4774,5946,2025-06-12,2025-06-15,2025-06-13,USPS,9.76
4775,5947,2024-02-19,2024-02-22,2024-02-23,UPS,24.1
4776,5948,2024-09-14,2024-09-17,2024-09-15,Local Courier,6.34
4777,5949,2025-04-15,2025-04-18,2025-04-18,UPS,15.12
4778,5951,2024-04-02,2024-04-05,2024-04-03,FedEx,9.82
4779,5952,2025-07-27,2025-07-30,2025-07-29,FedEx,9.89
4780,5953,2025-04-09,2025-04-12,2025-04-10,Local Courier,22.17
4781,5955,2025-02-21,2025-02-24,2025-02-25,Local Courier,18.27
4782,5957,2024-07-08,2024-07-11,2024-07-12,USPS,19.71
4783,5958,2025-05-28,2025-05-31,2025-05-31,USPS,14.75
4784,5959,2025-09-06,2025-09-09,2025-09-07,FedEx,6.41
4785,5960,2024-12-08,2024-12-11,2024-12-10,UPS,21.7
4786,5961,2025-01-01,2025-01-04,2025-01-07,USPS,22.89
4787,5962,2025-02-23,2025-02-26,2025-02-26,FedEx,6.28
4788,5964,2025-06-14,2025-06-17,2025-06-17,UPS,11.71
4789,5965,2025-12-19,2025-12-22,2025-12-23,FedEx,20.11
4790,5966,2025-11-09,2025-11-12,2025-11-12,USPS,4.38
4791,5967,2024-10-02,2024-10-05,2024-10-04,Local Courier,14.59
4792,5968,2024-07-23,2024-07-26,2024-07-24,USPS,4.39
4793,5972,2025-01-04,2025-01-07,2025-01-07,Local Courier,20.16
4794,5973,2025-07-18,2025-07-21,2025-07-23,Local Courier,22.73
4795,5975,2024-08-13,2024-08-16,2024-08-19,Local Courier,16.34
4796,5976,2024-02-09,2024-02-12,2024-02-13,Local Courier,18.86
4797,5977,2024-08-23,2024-08-26,2024-08-24,USPS,19.53
4798,5978,2024-01-15,2024-01-18,2024-01-19,FedEx,9.03
4799,5980,2025-06-23,2025-06-26,2025-06-27,Local Courier,5.92
4800,5981,2024-05-31,2024-06-03,2024-06-01,UPS,12.07
4801,5982,2025-01-23,2025-01-26,2025-01-25,UPS,12.14
4802,5983,2025-07-23,2025-07-26,2025-07-26,UPS,10.41
4803,5984,2025-01-01,2025-01-04,2025-01-04,Local Courier,8.55
4804,5985,2025-09-16,2025-09-19,2025-09-19,Local Courier,11.45
4805,5986,2024-01-25,2024-01-28,2024-01-29,Local Courier,7.99
4806,5987,2024-07-02,2024-07-05,2024-07-05,FedEx,16.74
4807,5988,2025-11-05,2025-11-08,2025-11-14,UPS,14.85
4808,5989,2024-08-06,2024-08-09,2024-08-10,UPS,13.45
4809,5990,2025-08-20,2025-08-23,2025-08-21,USPS,7.68
4810,5991,2025-02-05,2025-02-08,2025-02-06,FedEx,17.81
4811,5992,2024-10-17,2024-10-20,2024-10-25,USPS,4.45
4812,5993,2024-12-04,2024-12-07,2024-12-11,UPS,16.92
4813,5995,2024-08-06,2024-08-09,2024-08-11,Local Courier,12.88
4814,5996,2025-08-08,2025-08-11,2025-08-11,FedEx,16.2
4815,5997,2024-08-10,2024-08-13,2024-08-14,UPS,21.34
4816,5998,2024-11-12,2024-11-15,2024-11-16,FedEx,7.8
4817,5999,2025-10-19,2025-10-22,2025-10-22,UPS,11.5
4818,6000,2025-09-23,2025-09-26,2025-09-28,UPS,12.86
